Time,Steps
6:00:00,0
6:00:01,0
6:00:02,0
6:00:03,0
6:00:04,0
6:00:05,0
6:00:06,0
6:00:07,0
6:00:08,0
6:00:09,0
6:00:10,0
6:00:11,0
6:00:12,0
6:00:13,0
6:00:14,0
6:00:15,0
6:00:16,0
6:00:17,0
6:00:18,0
6:00:19,0
6:00:20,0
6:00:21,0
6:00:22,0
6:00:23,0
6:00:24,0
6:00:25,0
6:00:26,0
6:00:27,0
6:00:28,0
6:00:29,0
6:00:30,0
6:00:31,0
6:00:32,0
6:00:33,0
6:00:34,0
6:00:35,0
6:00:36,0
6:00:37,0
6:00:38,0
6:00:39,0
6:00:40,0
6:00:41,0
6:00:42,0
6:00:43,0
6:00:44,0
6:00:45,0
6:00:46,0
6:00:47,0
6:00:48,0
6:00:49,0
6:00:50,0
6:00:51,0
6:00:52,0
6:00:53,0
6:00:54,0
6:00:55,0
6:00:56,0
6:00:57,0
6:00:58,0
6:00:59,0
6:01:00,0
6:01:01,0
6:01:02,0
6:01:03,0
6:01:04,0
6:01:05,0
6:01:06,0
6:01:07,0
6:01:08,0
6:01:09,0
6:01:10,0
6:01:11,0
6:01:12,0
6:01:13,0
6:01:14,0
6:01:15,0
6:01:16,0
6:01:17,0
6:01:18,0
6:01:19,0
6:01:20,0
6:01:21,0
6:01:22,0
6:01:23,0
6:01:24,0
6:01:25,0
6:01:26,0
6:01:27,0
6:01:28,0
6:01:29,0
6:01:30,0
6:01:31,0
6:01:32,0
6:01:33,0
6:01:34,0
6:01:35,0
6:01:36,0
6:01:37,0
6:01:38,0
6:01:39,0
6:01:40,0
6:01:41,0
6:01:42,0
6:01:43,0
6:01:44,0
6:01:45,0
6:01:46,0
6:01:47,0
6:01:48,0
6:01:49,0
6:01:50,0
6:01:51,0
6:01:52,0
6:01:53,0
6:01:54,0
6:01:55,0
6:01:56,0
6:01:57,0
6:01:58,0
6:01:59,0
6:02:00,0
6:02:01,0
6:02:02,0
6:02:03,0
6:02:04,0
6:02:05,0
6:02:06,0
6:02:07,0
6:02:08,0
6:02:09,0
6:02:10,0
6:02:11,0
6:02:12,0
6:02:13,0
6:02:14,0
6:02:15,0
6:02:16,0
6:02:17,0
6:02:18,0
6:02:19,0
6:02:20,0
6:02:21,0
6:02:22,0
6:02:23,0
6:02:24,0
6:02:25,0
6:02:26,0
6:02:27,0
6:02:28,0
6:02:29,0
6:02:30,0
6:02:31,0
6:02:32,0
6:02:33,0
6:02:34,0
6:02:35,0
6:02:36,0
6:02:37,0
6:02:38,0
6:02:39,0
6:02:40,0
6:02:41,0
6:02:42,0
6:02:43,0
6:02:44,0
6:02:45,0
6:02:46,0
6:02:47,0
6:02:48,0
6:02:49,0
6:02:50,0
6:02:51,0
6:02:52,0
6:02:53,0
6:02:54,0
6:02:55,0
6:02:56,0
6:02:57,0
6:02:58,0
6:02:59,0
6:03:00,0
6:03:01,0
6:03:02,0
6:03:03,0
6:03:04,0
6:03:05,0
6:03:06,0
6:03:07,0
6:03:08,0
6:03:09,0
6:03:10,0
6:03:11,0
6:03:12,0
6:03:13,0
6:03:14,0
6:03:15,0
6:03:16,0
6:03:17,0
6:03:18,0
6:03:19,0
6:03:20,0
6:03:21,0
6:03:22,0
6:03:23,0
6:03:24,0
6:03:25,0
6:03:26,0
6:03:27,0
6:03:28,0
6:03:29,0
6:03:30,0
6:03:31,0
6:03:32,0
6:03:33,0
6:03:34,0
6:03:35,0
6:03:36,0
6:03:37,0
6:03:38,0
6:03:39,0
6:03:40,0
6:03:41,0
6:03:42,0
6:03:43,0
6:03:44,0
6:03:45,0
6:03:46,0
6:03:47,0
6:03:48,0
6:03:49,0
6:03:50,0
6:03:51,0
6:03:52,0
6:03:53,0
6:03:54,0
6:03:55,0
6:03:56,0
6:03:57,0
6:03:58,0
6:03:59,0
6:04:00,0
6:04:01,0
6:04:02,0
6:04:03,0
6:04:04,0
6:04:05,0
6:04:06,0
6:04:07,0
6:04:08,0
6:04:09,0
6:04:10,0
6:04:11,0
6:04:12,0
6:04:13,0
6:04:14,0
6:04:15,0
6:04:16,0
6:04:17,0
6:04:18,0
6:04:19,0
6:04:20,0
6:04:21,0
6:04:22,0
6:04:23,0
6:04:24,0
6:04:25,0
6:04:26,0
6:04:27,0
6:04:28,0
6:04:29,0
6:04:30,0
6:04:31,0
6:04:32,0
6:04:33,0
6:04:34,0
6:04:35,0
6:04:36,0
6:04:37,0
6:04:38,0
6:04:39,0
6:04:40,0
6:04:41,0
6:04:42,0
6:04:43,0
6:04:44,0
6:04:45,0
6:04:46,0
6:04:47,0
6:04:48,0
6:04:49,0
6:04:50,0
6:04:51,0
6:04:52,0
6:04:53,0
6:04:54,0
6:04:55,0
6:04:56,0
6:04:57,0
6:04:58,0
6:04:59,0
6:05:00,0
6:05:01,0
6:05:02,0
6:05:03,0
6:05:04,0
6:05:05,0
6:05:06,0
6:05:07,0
6:05:08,0
6:05:09,0
6:05:10,0
6:05:11,0
6:05:12,0
6:05:13,0
6:05:14,0
6:05:15,0
6:05:16,0
6:05:17,0
6:05:18,0
6:05:19,0
6:05:20,0
6:05:21,0
6:05:22,0
6:05:23,0
6:05:24,0
6:05:25,0
6:05:26,0
6:05:27,0
6:05:28,0
6:05:29,0
6:05:30,0
6:05:31,0
6:05:32,0
6:05:33,0
6:05:34,0
6:05:35,0
6:05:36,0
6:05:37,0
6:05:38,0
6:05:39,0
6:05:40,0
6:05:41,0
6:05:42,0
6:05:43,0
6:05:44,0
6:05:45,0
6:05:46,0
6:05:47,0
6:05:48,0
6:05:49,0
6:05:50,0
6:05:51,0
6:05:52,0
6:05:53,0
6:05:54,0
6:05:55,0
6:05:56,0
6:05:57,0
6:05:58,0
6:05:59,0
6:06:00,0
6:06:01,0
6:06:02,0
6:06:03,0
6:06:04,0
6:06:05,0
6:06:06,0
6:06:07,0
6:06:08,0
6:06:09,0
6:06:10,0
6:06:11,0
6:06:12,0
6:06:13,0
6:06:14,0
6:06:15,0
6:06:16,0
6:06:17,0
6:06:18,0
6:06:19,0
6:06:20,0
6:06:21,0
6:06:22,0
6:06:23,0
6:06:24,0
6:06:25,0
6:06:26,0
6:06:27,0
6:06:28,0
6:06:29,0
6:06:30,0
6:06:31,0
6:06:32,0
6:06:33,0
6:06:34,0
6:06:35,0
6:06:36,0
6:06:37,0
6:06:38,0
6:06:39,0
6:06:40,0
6:06:41,0
6:06:42,0
6:06:43,0
6:06:44,0
6:06:45,0
6:06:46,0
6:06:47,0
6:06:48,0
6:06:49,0
6:06:50,0
6:06:51,0
6:06:52,0
6:06:53,0
6:06:54,0
6:06:55,0
6:06:56,0
6:06:57,0
6:06:58,0
6:06:59,0
6:07:00,0
6:07:01,0
6:07:02,0
6:07:03,0
6:07:04,0
6:07:05,0
6:07:06,0
6:07:07,0
6:07:08,0
6:07:09,0
6:07:10,0
6:07:11,0
6:07:12,0
6:07:13,0
6:07:14,0
6:07:15,0
6:07:16,0
6:07:17,0
6:07:18,0
6:07:19,0
6:07:20,0
6:07:21,0
6:07:22,0
6:07:23,0
6:07:24,0
6:07:25,0
6:07:26,0
6:07:27,0
6:07:28,0
6:07:29,0
6:07:30,0
6:07:31,0
6:07:32,0
6:07:33,0
6:07:34,0
6:07:35,0
6:07:36,0
6:07:37,0
6:07:38,0
6:07:39,0
6:07:40,0
6:07:41,0
6:07:42,0
6:07:43,0
6:07:44,0
6:07:45,0
6:07:46,0
6:07:47,0
6:07:48,0
6:07:49,0
6:07:50,0
6:07:51,0
6:07:52,0
6:07:53,0
6:07:54,0
6:07:55,0
6:07:56,0
6:07:57,0
6:07:58,0
6:07:59,0
6:08:00,0
6:08:01,0
6:08:02,0
6:08:03,0
6:08:04,0
6:08:05,0
6:08:06,0
6:08:07,0
6:08:08,0
6:08:09,0
6:08:10,0
6:08:11,0
6:08:12,0
6:08:13,0
6:08:14,0
6:08:15,0
6:08:16,0
6:08:17,0
6:08:18,0
6:08:19,0
6:08:20,0
6:08:21,0
6:08:22,0
6:08:23,0
6:08:24,0
6:08:25,0
6:08:26,0
6:08:27,0
6:08:28,0
6:08:29,0
6:08:30,0
6:08:31,0
6:08:32,0
6:08:33,0
6:08:34,0
6:08:35,0
6:08:36,0
6:08:37,0
6:08:38,0
6:08:39,0
6:08:40,0
6:08:41,0
6:08:42,0
6:08:43,0
6:08:44,0
6:08:45,0
6:08:46,0
6:08:47,0
6:08:48,0
6:08:49,0
6:08:50,0
6:08:51,0
6:08:52,0
6:08:53,0
6:08:54,0
6:08:55,0
6:08:56,0
6:08:57,0
6:08:58,0
6:08:59,0
6:09:00,0
6:09:01,0
6:09:02,0
6:09:03,0
6:09:04,0
6:09:05,0
6:09:06,0
6:09:07,0
6:09:08,0
6:09:09,0
6:09:10,0
6:09:11,0
6:09:12,0
6:09:13,0
6:09:14,0
6:09:15,0
6:09:16,0
6:09:17,0
6:09:18,0
6:09:19,0
6:09:20,0
6:09:21,0
6:09:22,0
6:09:23,0
6:09:24,0
6:09:25,0
6:09:26,0
6:09:27,0
6:09:28,0
6:09:29,0
6:09:30,0
6:09:31,0
6:09:32,0
6:09:33,0
6:09:34,0
6:09:35,0
6:09:36,0
6:09:37,0
6:09:38,0
6:09:39,0
6:09:40,0
6:09:41,0
6:09:42,0
6:09:43,0
6:09:44,0
6:09:45,0
6:09:46,0
6:09:47,0
6:09:48,0
6:09:49,0
6:09:50,0
6:09:51,0
6:09:52,0
6:09:53,0
6:09:54,0
6:09:55,0
6:09:56,0
6:09:57,0
6:09:58,0
6:09:59,0
6:10:00,0
6:10:01,0
6:10:02,0
6:10:03,0
6:10:04,0
6:10:05,0
6:10:06,0
6:10:07,0
6:10:08,0
6:10:09,0
6:10:10,0
6:10:11,0
6:10:12,0
6:10:13,0
6:10:14,0
6:10:15,0
6:10:16,0
6:10:17,0
6:10:18,0
6:10:19,0
6:10:20,0
6:10:21,0
6:10:22,0
6:10:23,0
6:10:24,0
6:10:25,0
6:10:26,0
6:10:27,0
6:10:28,0
6:10:29,0
6:10:30,0
6:10:31,0
6:10:32,0
6:10:33,0
6:10:34,0
6:10:35,0
6:10:36,0
6:10:37,0
6:10:38,0
6:10:39,0
6:10:40,0
6:10:41,0
6:10:42,0
6:10:43,0
6:10:44,0
6:10:45,0
6:10:46,0
6:10:47,0
6:10:48,0
6:10:49,0
6:10:50,0
6:10:51,0
6:10:52,0
6:10:53,0
6:10:54,0
6:10:55,0
6:10:56,0
6:10:57,0
6:10:58,0
6:10:59,0
6:11:00,0
6:11:01,0
6:11:02,0
6:11:03,0
6:11:04,0
6:11:05,0
6:11:06,0
6:11:07,0
6:11:08,0
6:11:09,0
6:11:10,0
6:11:11,0
6:11:12,0
6:11:13,0
6:11:14,0
6:11:15,0
6:11:16,0
6:11:17,0
6:11:18,0
6:11:19,0
6:11:20,0
6:11:21,0
6:11:22,0
6:11:23,0
6:11:24,0
6:11:25,0
6:11:26,0
6:11:27,0
6:11:28,0
6:11:29,0
6:11:30,0
6:11:31,0
6:11:32,0
6:11:33,0
6:11:34,0
6:11:35,0
6:11:36,0
6:11:37,0
6:11:38,0
6:11:39,0
6:11:40,0
6:11:41,0
6:11:42,0
6:11:43,0
6:11:44,0
6:11:45,0
6:11:46,0
6:11:47,0
6:11:48,0
6:11:49,0
6:11:50,0
6:11:51,0
6:11:52,0
6:11:53,0
6:11:54,0
6:11:55,0
6:11:56,0
6:11:57,0
6:11:58,0
6:11:59,0
6:12:00,0
6:12:01,0
6:12:02,0
6:12:03,0
6:12:04,0
6:12:05,0
6:12:06,0
6:12:07,0
6:12:08,0
6:12:09,0
6:12:10,0
6:12:11,0
6:12:12,0
6:12:13,0
6:12:14,0
6:12:15,0
6:12:16,0
6:12:17,0
6:12:18,0
6:12:19,0
6:12:20,0
6:12:21,0
6:12:22,0
6:12:23,0
6:12:24,0
6:12:25,0
6:12:26,0
6:12:27,0
6:12:28,0
6:12:29,0
6:12:30,0
6:12:31,0
6:12:32,0
6:12:33,0
6:12:34,0
6:12:35,0
6:12:36,0
6:12:37,0
6:12:38,0
6:12:39,0
6:12:40,0
6:12:41,0
6:12:42,0
6:12:43,0
6:12:44,0
6:12:45,0
6:12:46,0
6:12:47,0
6:12:48,0
6:12:49,0
6:12:50,0
6:12:51,0
6:12:52,0
6:12:53,0
6:12:54,0
6:12:55,0
6:12:56,0
6:12:57,0
6:12:58,0
6:12:59,0
6:13:00,0
6:13:01,0
6:13:02,0
6:13:03,0
6:13:04,0
6:13:05,0
6:13:06,0
6:13:07,0
6:13:08,0
6:13:09,0
6:13:10,0
6:13:11,0
6:13:12,0
6:13:13,0
6:13:14,0
6:13:15,0
6:13:16,0
6:13:17,0
6:13:18,0
6:13:19,0
6:13:20,0
6:13:21,0
6:13:22,0
6:13:23,0
6:13:24,0
6:13:25,0
6:13:26,0
6:13:27,0
6:13:28,0
6:13:29,0
6:13:30,0
6:13:31,0
6:13:32,0
6:13:33,0
6:13:34,0
6:13:35,0
6:13:36,0
6:13:37,0
6:13:38,0
6:13:39,0
6:13:40,0
6:13:41,0
6:13:42,0
6:13:43,0
6:13:44,0
6:13:45,0
6:13:46,0
6:13:47,0
6:13:48,0
6:13:49,0
6:13:50,0
6:13:51,0
6:13:52,0
6:13:53,0
6:13:54,0
6:13:55,0
6:13:56,0
6:13:57,0
6:13:58,0
6:13:59,0
6:14:00,0
6:14:01,0
6:14:02,0
6:14:03,0
6:14:04,0
6:14:05,0
6:14:06,0
6:14:07,0
6:14:08,0
6:14:09,0
6:14:10,0
6:14:11,0
6:14:12,0
6:14:13,0
6:14:14,0
6:14:15,0
6:14:16,0
6:14:17,0
6:14:18,0
6:14:19,0
6:14:20,0
6:14:21,0
6:14:22,0
6:14:23,0
6:14:24,0
6:14:25,0
6:14:26,0
6:14:27,0
6:14:28,0
6:14:29,0
6:14:30,0
6:14:31,0
6:14:32,0
6:14:33,0
6:14:34,0
6:14:35,0
6:14:36,0
6:14:37,0
6:14:38,0
6:14:39,0
6:14:40,0
6:14:41,0
6:14:42,0
6:14:43,0
6:14:44,0
6:14:45,0
6:14:46,0
6:14:47,0
6:14:48,0
6:14:49,0
6:14:50,0
6:14:51,0
6:14:52,0
6:14:53,0
6:14:54,0
6:14:55,0
6:14:56,0
6:14:57,0
6:14:58,0
6:14:59,0
6:15:00,0
6:15:01,0
6:15:02,0
6:15:03,0
6:15:04,0
6:15:05,0
6:15:06,0
6:15:07,0
6:15:08,0
6:15:09,0
6:15:10,0
6:15:11,0
6:15:12,0
6:15:13,0
6:15:14,0
6:15:15,0
6:15:16,0
6:15:17,0
6:15:18,0
6:15:19,0
6:15:20,0
6:15:21,0
6:15:22,0
6:15:23,0
6:15:24,0
6:15:25,0
6:15:26,0
6:15:27,0
6:15:28,0
6:15:29,0
6:15:30,0
6:15:31,0
6:15:32,0
6:15:33,0
6:15:34,0
6:15:35,0
6:15:36,0
6:15:37,0
6:15:38,0
6:15:39,0
6:15:40,0
6:15:41,0
6:15:42,0
6:15:43,0
6:15:44,0
6:15:45,0
6:15:46,0
6:15:47,0
6:15:48,0
6:15:49,0
6:15:50,0
6:15:51,0
6:15:52,0
6:15:53,0
6:15:54,0
6:15:55,0
6:15:56,0
6:15:57,0
6:15:58,0
6:15:59,0
6:16:00,0
6:16:01,0
6:16:02,0
6:16:03,0
6:16:04,0
6:16:05,0
6:16:06,0
6:16:07,0
6:16:08,0
6:16:09,0
6:16:10,0
6:16:11,0
6:16:12,0
6:16:13,0
6:16:14,0
6:16:15,0
6:16:16,0
6:16:17,0
6:16:18,0
6:16:19,0
6:16:20,0
6:16:21,0
6:16:22,0
6:16:23,0
6:16:24,0
6:16:25,0
6:16:26,0
6:16:27,0
6:16:28,0
6:16:29,0
6:16:30,0
6:16:31,0
6:16:32,0
6:16:33,0
6:16:34,0
6:16:35,0
6:16:36,0
6:16:37,0
6:16:38,0
6:16:39,0
6:16:40,0
6:16:41,0
6:16:42,0
6:16:43,0
6:16:44,0
6:16:45,0
6:16:46,0
6:16:47,0
6:16:48,0
6:16:49,0
6:16:50,0
6:16:51,0
6:16:52,0
6:16:53,0
6:16:54,0
6:16:55,0
6:16:56,0
6:16:57,0
6:16:58,0
6:16:59,0
6:17:00,0
6:17:01,0
6:17:02,0
6:17:03,0
6:17:04,0
6:17:05,0
6:17:06,0
6:17:07,0
6:17:08,0
6:17:09,0
6:17:10,0
6:17:11,0
6:17:12,0
6:17:13,0
6:17:14,0
6:17:15,0
6:17:16,0
6:17:17,0
6:17:18,0
6:17:19,0
6:17:20,0
6:17:21,0
6:17:22,0
6:17:23,0
6:17:24,0
6:17:25,0
6:17:26,0
6:17:27,0
6:17:28,0
6:17:29,0
6:17:30,0
6:17:31,0
6:17:32,0
6:17:33,0
6:17:34,0
6:17:35,0
6:17:36,0
6:17:37,0
6:17:38,0
6:17:39,0
6:17:40,0
6:17:41,0
6:17:42,0
6:17:43,0
6:17:44,0
6:17:45,0
6:17:46,0
6:17:47,0
6:17:48,0
6:17:49,0
6:17:50,0
6:17:51,0
6:17:52,0
6:17:53,0
6:17:54,0
6:17:55,0
6:17:56,0
6:17:57,0
6:17:58,0
6:17:59,0
6:18:00,0
6:18:01,0
6:18:02,0
6:18:03,0
6:18:04,0
6:18:05,0
6:18:06,0
6:18:07,0
6:18:08,0
6:18:09,0
6:18:10,0
6:18:11,0
6:18:12,0
6:18:13,0
6:18:14,0
6:18:15,0
6:18:16,0
6:18:17,0
6:18:18,0
6:18:19,0
6:18:20,0
6:18:21,0
6:18:22,0
6:18:23,0
6:18:24,0
6:18:25,0
6:18:26,0
6:18:27,0
6:18:28,0
6:18:29,0
6:18:30,0
6:18:31,0
6:18:32,0
6:18:33,0
6:18:34,0
6:18:35,0
6:18:36,0
6:18:37,0
6:18:38,0
6:18:39,0
6:18:40,0
6:18:41,0
6:18:42,0
6:18:43,0
6:18:44,0
6:18:45,0
6:18:46,0
6:18:47,0
6:18:48,0
6:18:49,0
6:18:50,0
6:18:51,0
6:18:52,0
6:18:53,0
6:18:54,0
6:18:55,0
6:18:56,0
6:18:57,0
6:18:58,0
6:18:59,0
6:19:00,0
6:19:01,0
6:19:02,0
6:19:03,0
6:19:04,0
6:19:05,0
6:19:06,0
6:19:07,0
6:19:08,0
6:19:09,0
6:19:10,0
6:19:11,0
6:19:12,0
6:19:13,0
6:19:14,0
6:19:15,0
6:19:16,0
6:19:17,0
6:19:18,0
6:19:19,0
6:19:20,0
6:19:21,0
6:19:22,0
6:19:23,0
6:19:24,0
6:19:25,0
6:19:26,0
6:19:27,0
6:19:28,0
6:19:29,0
6:19:30,0
6:19:31,0
6:19:32,0
6:19:33,0
6:19:34,0
6:19:35,0
6:19:36,0
6:19:37,0
6:19:38,0
6:19:39,0
6:19:40,0
6:19:41,0
6:19:42,0
6:19:43,0
6:19:44,0
6:19:45,0
6:19:46,0
6:19:47,0
6:19:48,0
6:19:49,0
6:19:50,0
6:19:51,0
6:19:52,0
6:19:53,0
6:19:54,0
6:19:55,0
6:19:56,0
6:19:57,0
6:19:58,0
6:19:59,0
6:20:00,0
6:20:01,0
6:20:02,0
6:20:03,0
6:20:04,0
6:20:05,0
6:20:06,0
6:20:07,0
6:20:08,0
6:20:09,0
6:20:10,0
6:20:11,0
6:20:12,0
6:20:13,0
6:20:14,0
6:20:15,0
6:20:16,0
6:20:17,0
6:20:18,0
6:20:19,0
6:20:20,0
6:20:21,0
6:20:22,0
6:20:23,0
6:20:24,0
6:20:25,0
6:20:26,0
6:20:27,0
6:20:28,0
6:20:29,0
6:20:30,0
6:20:31,0
6:20:32,0
6:20:33,0
6:20:34,0
6:20:35,0
6:20:36,0
6:20:37,0
6:20:38,0
6:20:39,0
6:20:40,0
6:20:41,0
6:20:42,0
6:20:43,0
6:20:44,0
6:20:45,0
6:20:46,0
6:20:47,0
6:20:48,0
6:20:49,0
6:20:50,0
6:20:51,0
6:20:52,0
6:20:53,0
6:20:54,0
6:20:55,0
6:20:56,0
6:20:57,0
6:20:58,0
6:20:59,0
6:21:00,0
6:21:01,0
6:21:02,0
6:21:03,0
6:21:04,0
6:21:05,0
6:21:06,0
6:21:07,0
6:21:08,0
6:21:09,0
6:21:10,0
6:21:11,0
6:21:12,0
6:21:13,0
6:21:14,0
6:21:15,0
6:21:16,0
6:21:17,0
6:21:18,0
6:21:19,0
6:21:20,0
6:21:21,0
6:21:22,0
6:21:23,0
6:21:24,0
6:21:25,0
6:21:26,0
6:21:27,0
6:21:28,0
6:21:29,0
6:21:30,0
6:21:31,0
6:21:32,0
6:21:33,0
6:21:34,0
6:21:35,0
6:21:36,0
6:21:37,0
6:21:38,0
6:21:39,0
6:21:40,0
6:21:41,0
6:21:42,0
6:21:43,0
6:21:44,0
6:21:45,0
6:21:46,0
6:21:47,0
6:21:48,0
6:21:49,0
6:21:50,0
6:21:51,0
6:21:52,0
6:21:53,0
6:21:54,0
6:21:55,0
6:21:56,0
6:21:57,0
6:21:58,0
6:21:59,0
6:22:00,0
6:22:01,0
6:22:02,0
6:22:03,0
6:22:04,0
6:22:05,0
6:22:06,0
6:22:07,0
6:22:08,0
6:22:09,0
6:22:10,0
6:22:11,0
6:22:12,0
6:22:13,0
6:22:14,0
6:22:15,0
6:22:16,0
6:22:17,0
6:22:18,0
6:22:19,0
6:22:20,0
6:22:21,0
6:22:22,0
6:22:23,0
6:22:24,0
6:22:25,0
6:22:26,0
6:22:27,0
6:22:28,0
6:22:29,0
6:22:30,0
6:22:31,0
6:22:32,0
6:22:33,0
6:22:34,0
6:22:35,0
6:22:36,0
6:22:37,0
6:22:38,0
6:22:39,0
6:22:40,0
6:22:41,0
6:22:42,0
6:22:43,0
6:22:44,0
6:22:45,0
6:22:46,0
6:22:47,0
6:22:48,0
6:22:49,0
6:22:50,0
6:22:51,0
6:22:52,0
6:22:53,0
6:22:54,0
6:22:55,0
6:22:56,0
6:22:57,0
6:22:58,0
6:22:59,0
6:23:00,0
6:23:01,0
6:23:02,0
6:23:03,0
6:23:04,0
6:23:05,0
6:23:06,0
6:23:07,0
6:23:08,0
6:23:09,0
6:23:10,0
6:23:11,0
6:23:12,0
6:23:13,0
6:23:14,0
6:23:15,0
6:23:16,0
6:23:17,0
6:23:18,0
6:23:19,0
6:23:20,0
6:23:21,0
6:23:22,0
6:23:23,0
6:23:24,0
6:23:25,0
6:23:26,0
6:23:27,0
6:23:28,0
6:23:29,0
6:23:30,0
6:23:31,0
6:23:32,0
6:23:33,0
6:23:34,0
6:23:35,0
6:23:36,0
6:23:37,0
6:23:38,0
6:23:39,0
6:23:40,0
6:23:41,0
6:23:42,0
6:23:43,0
6:23:44,0
6:23:45,0
6:23:46,0
6:23:47,0
6:23:48,0
6:23:49,0
6:23:50,0
6:23:51,0
6:23:52,0
6:23:53,0
6:23:54,0
6:23:55,0
6:23:56,0
6:23:57,0
6:23:58,0
6:23:59,0
6:24:00,0
6:24:01,0
6:24:02,0
6:24:03,0
6:24:04,0
6:24:05,0
6:24:06,0
6:24:07,0
6:24:08,0
6:24:09,0
6:24:10,0
6:24:11,0
6:24:12,0
6:24:13,0
6:24:14,0
6:24:15,0
6:24:16,0
6:24:17,0
6:24:18,0
6:24:19,0
6:24:20,0
6:24:21,0
6:24:22,0
6:24:23,0
6:24:24,0
6:24:25,0
6:24:26,0
6:24:27,0
6:24:28,0
6:24:29,0
6:24:30,0
6:24:31,0
6:24:32,0
6:24:33,0
6:24:34,0
6:24:35,0
6:24:36,0
6:24:37,0
6:24:38,0
6:24:39,0
6:24:40,0
6:24:41,0
6:24:42,0
6:24:43,0
6:24:44,0
6:24:45,0
6:24:46,0
6:24:47,0
6:24:48,0
6:24:49,0
6:24:50,0
6:24:51,0
6:24:52,0
6:24:53,0
6:24:54,0
6:24:55,0
6:24:56,0
6:24:57,0
6:24:58,0
6:24:59,0
6:25:00,0
6:25:01,0
6:25:02,0
6:25:03,0
6:25:04,0
6:25:05,0
6:25:06,0
6:25:07,0
6:25:08,0
6:25:09,0
6:25:10,0
6:25:11,0
6:25:12,0
6:25:13,0
6:25:14,0
6:25:15,0
6:25:16,0
6:25:17,0
6:25:18,0
6:25:19,0
6:25:20,0
6:25:21,0
6:25:22,0
6:25:23,0
6:25:24,0
6:25:25,0
6:25:26,0
6:25:27,0
6:25:28,0
6:25:29,0
6:25:30,0
6:25:31,0
6:25:32,0
6:25:33,0
6:25:34,0
6:25:35,0
6:25:36,0
6:25:37,0
6:25:38,0
6:25:39,0
6:25:40,0
6:25:41,0
6:25:42,0
6:25:43,0
6:25:44,0
6:25:45,0
6:25:46,0
6:25:47,0
6:25:48,0
6:25:49,0
6:25:50,0
6:25:51,0
6:25:52,0
6:25:53,0
6:25:54,0
6:25:55,0
6:25:56,0
6:25:57,0
6:25:58,0
6:25:59,0
6:26:00,0
6:26:01,0
6:26:02,0
6:26:03,0
6:26:04,0
6:26:05,0
6:26:06,0
6:26:07,0
6:26:08,0
6:26:09,0
6:26:10,0
6:26:11,0
6:26:12,0
6:26:13,0
6:26:14,0
6:26:15,0
6:26:16,0
6:26:17,0
6:26:18,0
6:26:19,0
6:26:20,0
6:26:21,0
6:26:22,0
6:26:23,0
6:26:24,0
6:26:25,0
6:26:26,0
6:26:27,0
6:26:28,0
6:26:29,0
6:26:30,0
6:26:31,0
6:26:32,0
6:26:33,0
6:26:34,0
6:26:35,0
6:26:36,0
6:26:37,0
6:26:38,0
6:26:39,0
6:26:40,0
6:26:41,0
6:26:42,0
6:26:43,0
6:26:44,0
6:26:45,0
6:26:46,0
6:26:47,0
6:26:48,0
6:26:49,0
6:26:50,0
6:26:51,0
6:26:52,0
6:26:53,0
6:26:54,0
6:26:55,0
6:26:56,0
6:26:57,0
6:26:58,0
6:26:59,0
6:27:00,0
6:27:01,0
6:27:02,0
6:27:03,0
6:27:04,0
6:27:05,0
6:27:06,0
6:27:07,0
6:27:08,0
6:27:09,0
6:27:10,0
6:27:11,0
6:27:12,0
6:27:13,0
6:27:14,0
6:27:15,0
6:27:16,0
6:27:17,0
6:27:18,0
6:27:19,0
6:27:20,0
6:27:21,0
6:27:22,0
6:27:23,0
6:27:24,0
6:27:25,0
6:27:26,0
6:27:27,0
6:27:28,0
6:27:29,0
6:27:30,0
6:27:31,0
6:27:32,0
6:27:33,0
6:27:34,0
6:27:35,0
6:27:36,0
6:27:37,0
6:27:38,0
6:27:39,0
6:27:40,0
6:27:41,0
6:27:42,0
6:27:43,0
6:27:44,0
6:27:45,0
6:27:46,0
6:27:47,0
6:27:48,0
6:27:49,0
6:27:50,0
6:27:51,0
6:27:52,0
6:27:53,0
6:27:54,0
6:27:55,0
6:27:56,0
6:27:57,0
6:27:58,0
6:27:59,0
6:28:00,0
6:28:01,0
6:28:02,0
6:28:03,0
6:28:04,0
6:28:05,0
6:28:06,0
6:28:07,0
6:28:08,0
6:28:09,0
6:28:10,0
6:28:11,0
6:28:12,0
6:28:13,0
6:28:14,0
6:28:15,0
6:28:16,0
6:28:17,0
6:28:18,0
6:28:19,0
6:28:20,0
6:28:21,0
6:28:22,0
6:28:23,0
6:28:24,0
6:28:25,0
6:28:26,0
6:28:27,0
6:28:28,0
6:28:29,0
6:28:30,0
6:28:31,0
6:28:32,0
6:28:33,0
6:28:34,0
6:28:35,0
6:28:36,0
6:28:37,0
6:28:38,0
6:28:39,0
6:28:40,0
6:28:41,0
6:28:42,0
6:28:43,0
6:28:44,0
6:28:45,0
6:28:46,0
6:28:47,0
6:28:48,0
6:28:49,0
6:28:50,0
6:28:51,0
6:28:52,0
6:28:53,0
6:28:54,0
6:28:55,0
6:28:56,0
6:28:57,0
6:28:58,0
6:28:59,0
6:29:00,0
6:29:01,0
6:29:02,0
6:29:03,0
6:29:04,0
6:29:05,0
6:29:06,0
6:29:07,0
6:29:08,0
6:29:09,0
6:29:10,0
6:29:11,0
6:29:12,0
6:29:13,0
6:29:14,0
6:29:15,0
6:29:16,0
6:29:17,0
6:29:18,0
6:29:19,0
6:29:20,0
6:29:21,0
6:29:22,0
6:29:23,0
6:29:24,0
6:29:25,0
6:29:26,0
6:29:27,0
6:29:28,0
6:29:29,0
6:29:30,0
6:29:31,0
6:29:32,0
6:29:33,0
6:29:34,0
6:29:35,0
6:29:36,0
6:29:37,0
6:29:38,0
6:29:39,0
6:29:40,0
6:29:41,0
6:29:42,0
6:29:43,0
6:29:44,0
6:29:45,0
6:29:46,0
6:29:47,0
6:29:48,0
6:29:49,0
6:29:50,0
6:29:51,0
6:29:52,0
6:29:53,0
6:29:54,0
6:29:55,0
6:29:56,0
6:29:57,0
6:29:58,0
6:29:59,0
6:30:00,0
6:30:01,0
6:30:02,0
6:30:03,0
6:30:04,0
6:30:05,0
6:30:06,0
6:30:07,0
6:30:08,0
6:30:09,0
6:30:10,0
6:30:11,0
6:30:12,0
6:30:13,0
6:30:14,0
6:30:15,0
6:30:16,0
6:30:17,0
6:30:18,0
6:30:19,0
6:30:20,0
6:30:21,0
6:30:22,0
6:30:23,0
6:30:24,0
6:30:25,0
6:30:26,0
6:30:27,0
6:30:28,0
6:30:29,0
6:30:30,0
6:30:31,0
6:30:32,0
6:30:33,0
6:30:34,0
6:30:35,0
6:30:36,0
6:30:37,0
6:30:38,0
6:30:39,0
6:30:40,0
6:30:41,0
6:30:42,0
6:30:43,0
6:30:44,0
6:30:45,0
6:30:46,0
6:30:47,0
6:30:48,0
6:30:49,0
6:30:50,0
6:30:51,0
6:30:52,0
6:30:53,0
6:30:54,0
6:30:55,0
6:30:56,0
6:30:57,0
6:30:58,0
6:30:59,0
6:31:00,0
6:31:01,0
6:31:02,0
6:31:03,0
6:31:04,0
6:31:05,0
6:31:06,0
6:31:07,0
6:31:08,0
6:31:09,0
6:31:10,0
6:31:11,0
6:31:12,0
6:31:13,0
6:31:14,0
6:31:15,0
6:31:16,0
6:31:17,0
6:31:18,0
6:31:19,0
6:31:20,0
6:31:21,0
6:31:22,0
6:31:23,0
6:31:24,0
6:31:25,0
6:31:26,0
6:31:27,0
6:31:28,0
6:31:29,0
6:31:30,0
6:31:31,0
6:31:32,0
6:31:33,0
6:31:34,0
6:31:35,0
6:31:36,0
6:31:37,0
6:31:38,0
6:31:39,0
6:31:40,0
6:31:41,0
6:31:42,0
6:31:43,0
6:31:44,0
6:31:45,0
6:31:46,0
6:31:47,0
6:31:48,0
6:31:49,0
6:31:50,0
6:31:51,0
6:31:52,0
6:31:53,0
6:31:54,0
6:31:55,0
6:31:56,0
6:31:57,0
6:31:58,0
6:31:59,0
6:32:00,0
6:32:01,0
6:32:02,0
6:32:03,0
6:32:04,0
6:32:05,0
6:32:06,0
6:32:07,0
6:32:08,0
6:32:09,0
6:32:10,0
6:32:11,0
6:32:12,0
6:32:13,0
6:32:14,0
6:32:15,0
6:32:16,0
6:32:17,0
6:32:18,0
6:32:19,0
6:32:20,0
6:32:21,0
6:32:22,0
6:32:23,0
6:32:24,0
6:32:25,0
6:32:26,0
6:32:27,0
6:32:28,0
6:32:29,0
6:32:30,0
6:32:31,0
6:32:32,0
6:32:33,0
6:32:34,0
6:32:35,0
6:32:36,0
6:32:37,0
6:32:38,0
6:32:39,0
6:32:40,0
6:32:41,0
6:32:42,0
6:32:43,0
6:32:44,0
6:32:45,0
6:32:46,0
6:32:47,0
6:32:48,0
6:32:49,0
6:32:50,0
6:32:51,0
6:32:52,0
6:32:53,0
6:32:54,0
6:32:55,0
6:32:56,0
6:32:57,0
6:32:58,0
6:32:59,0
6:33:00,0
6:33:01,0
6:33:02,0
6:33:03,0
6:33:04,0
6:33:05,0
6:33:06,0
6:33:07,0
6:33:08,0
6:33:09,0
6:33:10,0
6:33:11,0
6:33:12,0
6:33:13,0
6:33:14,0
6:33:15,0
6:33:16,0
6:33:17,0
6:33:18,0
6:33:19,0
6:33:20,0
6:33:21,0
6:33:22,0
6:33:23,0
6:33:24,0
6:33:25,0
6:33:26,0
6:33:27,0
6:33:28,0
6:33:29,0
6:33:30,0
6:33:31,0
6:33:32,0
6:33:33,0
6:33:34,0
6:33:35,0
6:33:36,0
6:33:37,0
6:33:38,0
6:33:39,0
6:33:40,0
6:33:41,0
6:33:42,0
6:33:43,0
6:33:44,0
6:33:45,0
6:33:46,0
6:33:47,0
6:33:48,0
6:33:49,0
6:33:50,0
6:33:51,0
6:33:52,0
6:33:53,0
6:33:54,0
6:33:55,0
6:33:56,0
6:33:57,0
6:33:58,0
6:33:59,0
6:34:00,0
6:34:01,0
6:34:02,0
6:34:03,0
6:34:04,0
6:34:05,0
6:34:06,0
6:34:07,0
6:34:08,0
6:34:09,0
6:34:10,0
6:34:11,0
6:34:12,0
6:34:13,0
6:34:14,0
6:34:15,0
6:34:16,0
6:34:17,0
6:34:18,0
6:34:19,0
6:34:20,0
6:34:21,0
6:34:22,0
6:34:23,0
6:34:24,0
6:34:25,0
6:34:26,0
6:34:27,0
6:34:28,0
6:34:29,0
6:34:30,0
6:34:31,0
6:34:32,0
6:34:33,0
6:34:34,0
6:34:35,0
6:34:36,0
6:34:37,0
6:34:38,0
6:34:39,0
6:34:40,0
6:34:41,0
6:34:42,0
6:34:43,0
6:34:44,0
6:34:45,0
6:34:46,0
6:34:47,0
6:34:48,0
6:34:49,0
6:34:50,0
6:34:51,0
6:34:52,0
6:34:53,0
6:34:54,0
6:34:55,0
6:34:56,0
6:34:57,0
6:34:58,0
6:34:59,0
6:35:00,0
6:35:01,0
6:35:02,0
6:35:03,0
6:35:04,0
6:35:05,0
6:35:06,0
6:35:07,0
6:35:08,0
6:35:09,0
6:35:10,0
6:35:11,0
6:35:12,0
6:35:13,0
6:35:14,0
6:35:15,0
6:35:16,0
6:35:17,0
6:35:18,0
6:35:19,0
6:35:20,0
6:35:21,0
6:35:22,0
6:35:23,0
6:35:24,0
6:35:25,0
6:35:26,0
6:35:27,0
6:35:28,0
6:35:29,0
6:35:30,0
6:35:31,0
6:35:32,0
6:35:33,0
6:35:34,0
6:35:35,0
6:35:36,0
6:35:37,0
6:35:38,0
6:35:39,0
6:35:40,0
6:35:41,0
6:35:42,0
6:35:43,0
6:35:44,0
6:35:45,0
6:35:46,0
6:35:47,0
6:35:48,0
6:35:49,0
6:35:50,0
6:35:51,0
6:35:52,0
6:35:53,0
6:35:54,0
6:35:55,0
6:35:56,0
6:35:57,0
6:35:58,0
6:35:59,0
6:36:00,0
6:36:01,0
6:36:02,0
6:36:03,0
6:36:04,0
6:36:05,0
6:36:06,0
6:36:07,0
6:36:08,0
6:36:09,0
6:36:10,0
6:36:11,0
6:36:12,0
6:36:13,0
6:36:14,0
6:36:15,0
6:36:16,0
6:36:17,0
6:36:18,0
6:36:19,0
6:36:20,0
6:36:21,0
6:36:22,0
6:36:23,0
6:36:24,0
6:36:25,0
6:36:26,0
6:36:27,0
6:36:28,0
6:36:29,0
6:36:30,0
6:36:31,0
6:36:32,0
6:36:33,0
6:36:34,0
6:36:35,0
6:36:36,0
6:36:37,0
6:36:38,0
6:36:39,0
6:36:40,0
6:36:41,0
6:36:42,0
6:36:43,0
6:36:44,0
6:36:45,0
6:36:46,0
6:36:47,0
6:36:48,0
6:36:49,0
6:36:50,0
6:36:51,0
6:36:52,0
6:36:53,0
6:36:54,0
6:36:55,0
6:36:56,0
6:36:57,0
6:36:58,0
6:36:59,0
6:37:00,0
6:37:01,0
6:37:02,0
6:37:03,0
6:37:04,0
6:37:05,0
6:37:06,0
6:37:07,0
6:37:08,0
6:37:09,0
6:37:10,0
6:37:11,0
6:37:12,0
6:37:13,0
6:37:14,0
6:37:15,0
6:37:16,0
6:37:17,0
6:37:18,0
6:37:19,0
6:37:20,0
6:37:21,0
6:37:22,0
6:37:23,0
6:37:24,0
6:37:25,0
6:37:26,0
6:37:27,0
6:37:28,0
6:37:29,0
6:37:30,0
6:37:31,0
6:37:32,0
6:37:33,0
6:37:34,0
6:37:35,0
6:37:36,0
6:37:37,0
6:37:38,0
6:37:39,0
6:37:40,0
6:37:41,0
6:37:42,0
6:37:43,0
6:37:44,0
6:37:45,0
6:37:46,0
6:37:47,0
6:37:48,0
6:37:49,0
6:37:50,0
6:37:51,0
6:37:52,0
6:37:53,0
6:37:54,0
6:37:55,0
6:37:56,0
6:37:57,0
6:37:58,0
6:37:59,0
6:38:00,0
6:38:01,0
6:38:02,0
6:38:03,0
6:38:04,0
6:38:05,0
6:38:06,0
6:38:07,0
6:38:08,0
6:38:09,0
6:38:10,0
6:38:11,0
6:38:12,0
6:38:13,0
6:38:14,0
6:38:15,0
6:38:16,0
6:38:17,0
6:38:18,0
6:38:19,0
6:38:20,0
6:38:21,0
6:38:22,0
6:38:23,0
6:38:24,0
6:38:25,0
6:38:26,0
6:38:27,0
6:38:28,0
6:38:29,0
6:38:30,0
6:38:31,0
6:38:32,0
6:38:33,0
6:38:34,0
6:38:35,0
6:38:36,0
6:38:37,0
6:38:38,0
6:38:39,0
6:38:40,0
6:38:41,0
6:38:42,0
6:38:43,0
6:38:44,0
6:38:45,0
6:38:46,0
6:38:47,0
6:38:48,0
6:38:49,0
6:38:50,0
6:38:51,0
6:38:52,0
6:38:53,0
6:38:54,0
6:38:55,0
6:38:56,0
6:38:57,0
6:38:58,0
6:38:59,0
6:39:00,0
6:39:01,0
6:39:02,0
6:39:03,0
6:39:04,0
6:39:05,0
6:39:06,0
6:39:07,0
6:39:08,0
6:39:09,0
6:39:10,0
6:39:11,0
6:39:12,0
6:39:13,0
6:39:14,0
6:39:15,0
6:39:16,0
6:39:17,0
6:39:18,0
6:39:19,0
6:39:20,0
6:39:21,0
6:39:22,0
6:39:23,0
6:39:24,0
6:39:25,0
6:39:26,0
6:39:27,0
6:39:28,0
6:39:29,0
6:39:30,0
6:39:31,0
6:39:32,0
6:39:33,0
6:39:34,0
6:39:35,0
6:39:36,0
6:39:37,0
6:39:38,0
6:39:39,0
6:39:40,0
6:39:41,0
6:39:42,0
6:39:43,0
6:39:44,0
6:39:45,0
6:39:46,0
6:39:47,0
6:39:48,0
6:39:49,0
6:39:50,0
6:39:51,0
6:39:52,0
6:39:53,0
6:39:54,0
6:39:55,0
6:39:56,0
6:39:57,0
6:39:58,0
6:39:59,0
6:40:00,0
6:40:01,0
6:40:02,0
6:40:03,0
6:40:04,0
6:40:05,0
6:40:06,0
6:40:07,0
6:40:08,0
6:40:09,0
6:40:10,0
6:40:11,0
6:40:12,0
6:40:13,0
6:40:14,0
6:40:15,0
6:40:16,0
6:40:17,0
6:40:18,0
6:40:19,0
6:40:20,0
6:40:21,0
6:40:22,0
6:40:23,0
6:40:24,0
6:40:25,0
6:40:26,0
6:40:27,0
6:40:28,0
6:40:29,0
6:40:30,0
6:40:31,0
6:40:32,0
6:40:33,0
6:40:34,0
6:40:35,0
6:40:36,0
6:40:37,0
6:40:38,0
6:40:39,0
6:40:40,0
6:40:41,0
6:40:42,0
6:40:43,0
6:40:44,0
6:40:45,0
6:40:46,0
6:40:47,0
6:40:48,0
6:40:49,0
6:40:50,0
6:40:51,0
6:40:52,0
6:40:53,0
6:40:54,0
6:40:55,0
6:40:56,0
6:40:57,0
6:40:58,0
6:40:59,0
6:41:00,0
6:41:01,0
6:41:02,0
6:41:03,0
6:41:04,0
6:41:05,0
6:41:06,0
6:41:07,0
6:41:08,0
6:41:09,0
6:41:10,0
6:41:11,0
6:41:12,0
6:41:13,0
6:41:14,0
6:41:15,0
6:41:16,0
6:41:17,0
6:41:18,0
6:41:19,0
6:41:20,0
6:41:21,0
6:41:22,0
6:41:23,0
6:41:24,0
6:41:25,0
6:41:26,0
6:41:27,0
6:41:28,0
6:41:29,0
6:41:30,0
6:41:31,0
6:41:32,0
6:41:33,0
6:41:34,0
6:41:35,0
6:41:36,0
6:41:37,0
6:41:38,0
6:41:39,0
6:41:40,0
6:41:41,0
6:41:42,0
6:41:43,0
6:41:44,0
6:41:45,0
6:41:46,0
6:41:47,0
6:41:48,0
6:41:49,0
6:41:50,0
6:41:51,0
6:41:52,0
6:41:53,0
6:41:54,0
6:41:55,0
6:41:56,0
6:41:57,0
6:41:58,0
6:41:59,0
6:42:00,0
6:42:01,0
6:42:02,0
6:42:03,0
6:42:04,0
6:42:05,0
6:42:06,0
6:42:07,0
6:42:08,0
6:42:09,0
6:42:10,0
6:42:11,0
6:42:12,0
6:42:13,0
6:42:14,0
6:42:15,0
6:42:16,0
6:42:17,0
6:42:18,0
6:42:19,0
6:42:20,0
6:42:21,0
6:42:22,0
6:42:23,0
6:42:24,0
6:42:25,0
6:42:26,0
6:42:27,0
6:42:28,0
6:42:29,0
6:42:30,0
6:42:31,0
6:42:32,0
6:42:33,0
6:42:34,0
6:42:35,0
6:42:36,0
6:42:37,0
6:42:38,0
6:42:39,0
6:42:40,0
6:42:41,0
6:42:42,0
6:42:43,0
6:42:44,0
6:42:45,0
6:42:46,0
6:42:47,0
6:42:48,0
6:42:49,0
6:42:50,0
6:42:51,0
6:42:52,0
6:42:53,0
6:42:54,0
6:42:55,0
6:42:56,0
6:42:57,0
6:42:58,0
6:42:59,0
6:43:00,0
6:43:01,0
6:43:02,0
6:43:03,0
6:43:04,0
6:43:05,0
6:43:06,0
6:43:07,0
6:43:08,0
6:43:09,0
6:43:10,0
6:43:11,0
6:43:12,0
6:43:13,0
6:43:14,0
6:43:15,0
6:43:16,0
6:43:17,0
6:43:18,0
6:43:19,0
6:43:20,0
6:43:21,0
6:43:22,0
6:43:23,0
6:43:24,0
6:43:25,0
6:43:26,0
6:43:27,0
6:43:28,0
6:43:29,0
6:43:30,0
6:43:31,0
6:43:32,0
6:43:33,0
6:43:34,0
6:43:35,0
6:43:36,0
6:43:37,0
6:43:38,0
6:43:39,0
6:43:40,0
6:43:41,0
6:43:42,0
6:43:43,0
6:43:44,0
6:43:45,0
6:43:46,0
6:43:47,0
6:43:48,0
6:43:49,0
6:43:50,0
6:43:51,0
6:43:52,0
6:43:53,0
6:43:54,0
6:43:55,0
6:43:56,0
6:43:57,0
6:43:58,0
6:43:59,0
6:44:00,0
6:44:01,0
6:44:02,0
6:44:03,0
6:44:04,0
6:44:05,0
6:44:06,0
6:44:07,0
6:44:08,0
6:44:09,0
6:44:10,0
6:44:11,0
6:44:12,0
6:44:13,0
6:44:14,0
6:44:15,0
6:44:16,0
6:44:17,0
6:44:18,0
6:44:19,0
6:44:20,0
6:44:21,0
6:44:22,0
6:44:23,0
6:44:24,0
6:44:25,0
6:44:26,0
6:44:27,0
6:44:28,0
6:44:29,0
6:44:30,0
6:44:31,0
6:44:32,0
6:44:33,0
6:44:34,0
6:44:35,0
6:44:36,0
6:44:37,0
6:44:38,0
6:44:39,0
6:44:40,0
6:44:41,0
6:44:42,0
6:44:43,0
6:44:44,0
6:44:45,0
6:44:46,0
6:44:47,0
6:44:48,0
6:44:49,0
6:44:50,0
6:44:51,0
6:44:52,0
6:44:53,0
6:44:54,0
6:44:55,0
6:44:56,0
6:44:57,0
6:44:58,0
6:44:59,0
6:45:00,0
6:45:01,0
6:45:02,0
6:45:03,0
6:45:04,0
6:45:05,0
6:45:06,0
6:45:07,0
6:45:08,0
6:45:09,0
6:45:10,0
6:45:11,0
6:45:12,0
6:45:13,0
6:45:14,0
6:45:15,0
6:45:16,0
6:45:17,0
6:45:18,0
6:45:19,0
6:45:20,0
6:45:21,0
6:45:22,0
6:45:23,0
6:45:24,0
6:45:25,0
6:45:26,0
6:45:27,0
6:45:28,0
6:45:29,0
6:45:30,0
6:45:31,0
6:45:32,0
6:45:33,0
6:45:34,0
6:45:35,0
6:45:36,0
6:45:37,0
6:45:38,0
6:45:39,0
6:45:40,0
6:45:41,0
6:45:42,0
6:45:43,0
6:45:44,0
6:45:45,0
6:45:46,0
6:45:47,0
6:45:48,0
6:45:49,0
6:45:50,0
6:45:51,0
6:45:52,0
6:45:53,0
6:45:54,0
6:45:55,0
6:45:56,0
6:45:57,0
6:45:58,0
6:45:59,0
6:46:00,0
6:46:01,0
6:46:02,0
6:46:03,0
6:46:04,0
6:46:05,0
6:46:06,0
6:46:07,0
6:46:08,0
6:46:09,0
6:46:10,0
6:46:11,0
6:46:12,0
6:46:13,0
6:46:14,0
6:46:15,0
6:46:16,0
6:46:17,0
6:46:18,0
6:46:19,0
6:46:20,0
6:46:21,0
6:46:22,0
6:46:23,0
6:46:24,0
6:46:25,0
6:46:26,0
6:46:27,0
6:46:28,0
6:46:29,0
6:46:30,0
6:46:31,0
6:46:32,0
6:46:33,0
6:46:34,0
6:46:35,0
6:46:36,0
6:46:37,0
6:46:38,0
6:46:39,0
6:46:40,0
6:46:41,0
6:46:42,0
6:46:43,0
6:46:44,0
6:46:45,0
6:46:46,0
6:46:47,0
6:46:48,0
6:46:49,0
6:46:50,0
6:46:51,0
6:46:52,0
6:46:53,0
6:46:54,0
6:46:55,0
6:46:56,0
6:46:57,0
6:46:58,0
6:46:59,0
6:47:00,0
6:47:01,0
6:47:02,0
6:47:03,0
6:47:04,0
6:47:05,0
6:47:06,0
6:47:07,0
6:47:08,0
6:47:09,0
6:47:10,0
6:47:11,0
6:47:12,0
6:47:13,0
6:47:14,0
6:47:15,0
6:47:16,0
6:47:17,0
6:47:18,0
6:47:19,0
6:47:20,0
6:47:21,0
6:47:22,0
6:47:23,0
6:47:24,0
6:47:25,0
6:47:26,0
6:47:27,0
6:47:28,0
6:47:29,0
6:47:30,0
6:47:31,0
6:47:32,0
6:47:33,0
6:47:34,0
6:47:35,0
6:47:36,0
6:47:37,0
6:47:38,0
6:47:39,0
6:47:40,0
6:47:41,0
6:47:42,0
6:47:43,0
6:47:44,0
6:47:45,0
6:47:46,0
6:47:47,0
6:47:48,0
6:47:49,0
6:47:50,0
6:47:51,0
6:47:52,0
6:47:53,0
6:47:54,0
6:47:55,0
6:47:56,0
6:47:57,0
6:47:58,0
6:47:59,0
6:48:00,0
6:48:01,0
6:48:02,0
6:48:03,0
6:48:04,0
6:48:05,0
6:48:06,0
6:48:07,0
6:48:08,0
6:48:09,0
6:48:10,0
6:48:11,0
6:48:12,0
6:48:13,0
6:48:14,0
6:48:15,0
6:48:16,0
6:48:17,0
6:48:18,0
6:48:19,0
6:48:20,0
6:48:21,0
6:48:22,0
6:48:23,0
6:48:24,0
6:48:25,0
6:48:26,0
6:48:27,0
6:48:28,0
6:48:29,0
6:48:30,0
6:48:31,0
6:48:32,0
6:48:33,0
6:48:34,0
6:48:35,0
6:48:36,0
6:48:37,0
6:48:38,0
6:48:39,0
6:48:40,0
6:48:41,0
6:48:42,0
6:48:43,0
6:48:44,0
6:48:45,0
6:48:46,0
6:48:47,0
6:48:48,0
6:48:49,0
6:48:50,0
6:48:51,0
6:48:52,0
6:48:53,0
6:48:54,0
6:48:55,0
6:48:56,0
6:48:57,0
6:48:58,0
6:48:59,0
6:49:00,0
6:49:01,0
6:49:02,0
6:49:03,0
6:49:04,0
6:49:05,0
6:49:06,0
6:49:07,0
6:49:08,0
6:49:09,0
6:49:10,0
6:49:11,0
6:49:12,0
6:49:13,0
6:49:14,0
6:49:15,0
6:49:16,0
6:49:17,0
6:49:18,0
6:49:19,0
6:49:20,0
6:49:21,0
6:49:22,0
6:49:23,0
6:49:24,0
6:49:25,0
6:49:26,0
6:49:27,0
6:49:28,0
6:49:29,0
6:49:30,0
6:49:31,0
6:49:32,0
6:49:33,0
6:49:34,0
6:49:35,0
6:49:36,0
6:49:37,0
6:49:38,0
6:49:39,0
6:49:40,0
6:49:41,0
6:49:42,0
6:49:43,0
6:49:44,0
6:49:45,0
6:49:46,0
6:49:47,0
6:49:48,0
6:49:49,0
6:49:50,0
6:49:51,0
6:49:52,0
6:49:53,0
6:49:54,0
6:49:55,0
6:49:56,0
6:49:57,0
6:49:58,0
6:49:59,0
6:50:00,0
6:50:01,0
6:50:02,0
6:50:03,0
6:50:04,0
6:50:05,0
6:50:06,0
6:50:07,0
6:50:08,0
6:50:09,0
6:50:10,0
6:50:11,0
6:50:12,0
6:50:13,0
6:50:14,0
6:50:15,0
6:50:16,0
6:50:17,0
6:50:18,0
6:50:19,0
6:50:20,0
6:50:21,0
6:50:22,0
6:50:23,0
6:50:24,0
6:50:25,0
6:50:26,0
6:50:27,0
6:50:28,0
6:50:29,0
6:50:30,0
6:50:31,0
6:50:32,0
6:50:33,0
6:50:34,0
6:50:35,0
6:50:36,0
6:50:37,0
6:50:38,0
6:50:39,0
6:50:40,0
6:50:41,0
6:50:42,0
6:50:43,0
6:50:44,0
6:50:45,0
6:50:46,0
6:50:47,0
6:50:48,0
6:50:49,0
6:50:50,0
6:50:51,0
6:50:52,0
6:50:53,0
6:50:54,0
6:50:55,0
6:50:56,0
6:50:57,0
6:50:58,0
6:50:59,0
6:51:00,0
6:51:01,0
6:51:02,0
6:51:03,0
6:51:04,0
6:51:05,0
6:51:06,0
6:51:07,0
6:51:08,0
6:51:09,0
6:51:10,0
6:51:11,0
6:51:12,0
6:51:13,0
6:51:14,0
6:51:15,0
6:51:16,0
6:51:17,0
6:51:18,0
6:51:19,0
6:51:20,0
6:51:21,0
6:51:22,0
6:51:23,0
6:51:24,0
6:51:25,0
6:51:26,0
6:51:27,0
6:51:28,0
6:51:29,0
6:51:30,0
6:51:31,0
6:51:32,0
6:51:33,0
6:51:34,0
6:51:35,0
6:51:36,0
6:51:37,0
6:51:38,0
6:51:39,0
6:51:40,0
6:51:41,0
6:51:42,0
6:51:43,0
6:51:44,0
6:51:45,0
6:51:46,0
6:51:47,0
6:51:48,0
6:51:49,0
6:51:50,0
6:51:51,0
6:51:52,0
6:51:53,0
6:51:54,0
6:51:55,0
6:51:56,0
6:51:57,0
6:51:58,0
6:51:59,0
6:52:00,0
6:52:01,0
6:52:02,0
6:52:03,0
6:52:04,0
6:52:05,0
6:52:06,0
6:52:07,0
6:52:08,0
6:52:09,0
6:52:10,0
6:52:11,0
6:52:12,0
6:52:13,0
6:52:14,0
6:52:15,0
6:52:16,0
6:52:17,0
6:52:18,0
6:52:19,0
6:52:20,0
6:52:21,0
6:52:22,0
6:52:23,0
6:52:24,0
6:52:25,0
6:52:26,0
6:52:27,0
6:52:28,0
6:52:29,0
6:52:30,0
6:52:31,0
6:52:32,0
6:52:33,0
6:52:34,0
6:52:35,0
6:52:36,0
6:52:37,0
6:52:38,0
6:52:39,0
6:52:40,0
6:52:41,0
6:52:42,0
6:52:43,0
6:52:44,0
6:52:45,0
6:52:46,0
6:52:47,0
6:52:48,0
6:52:49,0
6:52:50,0
6:52:51,0
6:52:52,0
6:52:53,0
6:52:54,0
6:52:55,0
6:52:56,0
6:52:57,0
6:52:58,0
6:52:59,0
6:53:00,0
6:53:01,0
6:53:02,0
6:53:03,0
6:53:04,0
6:53:05,0
6:53:06,0
6:53:07,0
6:53:08,0
6:53:09,0
6:53:10,0
6:53:11,0
6:53:12,0
6:53:13,0
6:53:14,0
6:53:15,0
6:53:16,0
6:53:17,0
6:53:18,0
6:53:19,0
6:53:20,0
6:53:21,0
6:53:22,0
6:53:23,0
6:53:24,0
6:53:25,0
6:53:26,0
6:53:27,0
6:53:28,0
6:53:29,0
6:53:30,0
6:53:31,0
6:53:32,0
6:53:33,0
6:53:34,0
6:53:35,0
6:53:36,0
6:53:37,0
6:53:38,0
6:53:39,0
6:53:40,0
6:53:41,0
6:53:42,0
6:53:43,0
6:53:44,0
6:53:45,0
6:53:46,0
6:53:47,0
6:53:48,0
6:53:49,0
6:53:50,0
6:53:51,0
6:53:52,0
6:53:53,0
6:53:54,0
6:53:55,0
6:53:56,0
6:53:57,0
6:53:58,0
6:53:59,0
6:54:00,0
6:54:01,0
6:54:02,0
6:54:03,0
6:54:04,0
6:54:05,0
6:54:06,0
6:54:07,0
6:54:08,0
6:54:09,0
6:54:10,0
6:54:11,0
6:54:12,0
6:54:13,0
6:54:14,0
6:54:15,0
6:54:16,0
6:54:17,0
6:54:18,0
6:54:19,0
6:54:20,0
6:54:21,0
6:54:22,0
6:54:23,0
6:54:24,0
6:54:25,0
6:54:26,0
6:54:27,0
6:54:28,0
6:54:29,0
6:54:30,0
6:54:31,0
6:54:32,0
6:54:33,0
6:54:34,0
6:54:35,0
6:54:36,0
6:54:37,0
6:54:38,0
6:54:39,0
6:54:40,0
6:54:41,0
6:54:42,0
6:54:43,0
6:54:44,0
6:54:45,0
6:54:46,0
6:54:47,0
6:54:48,0
6:54:49,0
6:54:50,0
6:54:51,0
6:54:52,0
6:54:53,0
6:54:54,0
6:54:55,0
6:54:56,0
6:54:57,0
6:54:58,0
6:54:59,0
6:55:00,0
6:55:01,0
6:55:02,0
6:55:03,0
6:55:04,0
6:55:05,0
6:55:06,0
6:55:07,0
6:55:08,0
6:55:09,0
6:55:10,0
6:55:11,0
6:55:12,0
6:55:13,0
6:55:14,0
6:55:15,0
6:55:16,0
6:55:17,0
6:55:18,0
6:55:19,0
6:55:20,0
6:55:21,0
6:55:22,0
6:55:23,0
6:55:24,0
6:55:25,0
6:55:26,0
6:55:27,0
6:55:28,0
6:55:29,0
6:55:30,0
6:55:31,0
6:55:32,0
6:55:33,0
6:55:34,0
6:55:35,0
6:55:36,0
6:55:37,0
6:55:38,0
6:55:39,0
6:55:40,0
6:55:41,0
6:55:42,0
6:55:43,0
6:55:44,0
6:55:45,0
6:55:46,0
6:55:47,0
6:55:48,0
6:55:49,0
6:55:50,0
6:55:51,0
6:55:52,0
6:55:53,0
6:55:54,0
6:55:55,0
6:55:56,0
6:55:57,0
6:55:58,0
6:55:59,0
6:56:00,0
6:56:01,0
6:56:02,0
6:56:03,0
6:56:04,0
6:56:05,0
6:56:06,0
6:56:07,0
6:56:08,0
6:56:09,0
6:56:10,0
6:56:11,0
6:56:12,0
6:56:13,0
6:56:14,0
6:56:15,0
6:56:16,0
6:56:17,0
6:56:18,0
6:56:19,0
6:56:20,0
6:56:21,0
6:56:22,0
6:56:23,0
6:56:24,0
6:56:25,0
6:56:26,0
6:56:27,0
6:56:28,0
6:56:29,0
6:56:30,0
6:56:31,0
6:56:32,0
6:56:33,0
6:56:34,0
6:56:35,0
6:56:36,0
6:56:37,0
6:56:38,0
6:56:39,0
6:56:40,0
6:56:41,0
6:56:42,0
6:56:43,0
6:56:44,0
6:56:45,0
6:56:46,0
6:56:47,0
6:56:48,0
6:56:49,0
6:56:50,0
6:56:51,0
6:56:52,0
6:56:53,0
6:56:54,0
6:56:55,0
6:56:56,0
6:56:57,0
6:56:58,0
6:56:59,0
6:57:00,0
6:57:01,0
6:57:02,0
6:57:03,0
6:57:04,0
6:57:05,0
6:57:06,0
6:57:07,0
6:57:08,0
6:57:09,0
6:57:10,0
6:57:11,0
6:57:12,0
6:57:13,0
6:57:14,0
6:57:15,0
6:57:16,0
6:57:17,0
6:57:18,0
6:57:19,0
6:57:20,0
6:57:21,0
6:57:22,0
6:57:23,0
6:57:24,0
6:57:25,0
6:57:26,0
6:57:27,0
6:57:28,0
6:57:29,0
6:57:30,0
6:57:31,0
6:57:32,0
6:57:33,0
6:57:34,0
6:57:35,0
6:57:36,0
6:57:37,0
6:57:38,0
6:57:39,0
6:57:40,0
6:57:41,0
6:57:42,0
6:57:43,0
6:57:44,0
6:57:45,0
6:57:46,0
6:57:47,0
6:57:48,0
6:57:49,0
6:57:50,0
6:57:51,0
6:57:52,0
6:57:53,0
6:57:54,0
6:57:55,0
6:57:56,0
6:57:57,0
6:57:58,0
6:57:59,0
6:58:00,0
6:58:01,0
6:58:02,0
6:58:03,0
6:58:04,0
6:58:05,0
6:58:06,0
6:58:07,0
6:58:08,0
6:58:09,0
6:58:10,0
6:58:11,0
6:58:12,0
6:58:13,0
6:58:14,0
6:58:15,0
6:58:16,0
6:58:17,0
6:58:18,0
6:58:19,0
6:58:20,0
6:58:21,0
6:58:22,0
6:58:23,0
6:58:24,0
6:58:25,0
6:58:26,0
6:58:27,0
6:58:28,0
6:58:29,0
6:58:30,0
6:58:31,0
6:58:32,0
6:58:33,0
6:58:34,0
6:58:35,0
6:58:36,0
6:58:37,0
6:58:38,0
6:58:39,0
6:58:40,0
6:58:41,0
6:58:42,0
6:58:43,0
6:58:44,0
6:58:45,0
6:58:46,0
6:58:47,0
6:58:48,0
6:58:49,0
6:58:50,0
6:58:51,0
6:58:52,0
6:58:53,0
6:58:54,0
6:58:55,0
6:58:56,0
6:58:57,0
6:58:58,0
6:58:59,0
6:59:00,0
6:59:01,0
6:59:02,0
6:59:03,0
6:59:04,0
6:59:05,0
6:59:06,0
6:59:07,0
6:59:08,0
6:59:09,0
6:59:10,0
6:59:11,0
6:59:12,0
6:59:13,0
6:59:14,0
6:59:15,0
6:59:16,0
6:59:17,0
6:59:18,0
6:59:19,0
6:59:20,0
6:59:21,0
6:59:22,0
6:59:23,0
6:59:24,0
6:59:25,0
6:59:26,0
6:59:27,0
6:59:28,0
6:59:29,0
6:59:30,0
6:59:31,0
6:59:32,0
6:59:33,0
6:59:34,0
6:59:35,0
6:59:36,0
6:59:37,0
6:59:38,0
6:59:39,0
6:59:40,0
6:59:41,0
6:59:42,0
6:59:43,0
6:59:44,0
6:59:45,0
6:59:46,0
6:59:47,0
6:59:48,0
6:59:49,0
6:59:50,0
6:59:51,0
6:59:52,0
6:59:53,0
6:59:54,0
6:59:55,0
6:59:56,0
6:59:57,0
6:59:58,0
6:59:59,0
7:00:00,0
7:00:01,0
7:00:02,0
7:00:03,0
7:00:04,0
7:00:05,0
7:00:06,0
7:00:07,0
7:00:08,0
7:00:09,0
7:00:10,0
7:00:11,0
7:00:12,0
7:00:13,0
7:00:14,0
7:00:15,0
7:00:16,0
7:00:17,0
7:00:18,0
7:00:19,0
7:00:20,0
7:00:21,0
7:00:22,0
7:00:23,0
7:00:24,0
7:00:25,0
7:00:26,0
7:00:27,0
7:00:28,0
7:00:29,0
7:00:30,0
7:00:31,0
7:00:32,0
7:00:33,0
7:00:34,0
7:00:35,0
7:00:36,0
7:00:37,0
7:00:38,0
7:00:39,0
7:00:40,0
7:00:41,0
7:00:42,0
7:00:43,0
7:00:44,0
7:00:45,0
7:00:46,0
7:00:47,0
7:00:48,0
7:00:49,0
7:00:50,0
7:00:51,0
7:00:52,0
7:00:53,0
7:00:54,0
7:00:55,0
7:00:56,0
7:00:57,0
7:00:58,0
7:00:59,0
7:01:00,0
7:01:01,0
7:01:02,0
7:01:03,0
7:01:04,0
7:01:05,0
7:01:06,0
7:01:07,0
7:01:08,0
7:01:09,0
7:01:10,0
7:01:11,0
7:01:12,0
7:01:13,0
7:01:14,0
7:01:15,0
7:01:16,0
7:01:17,0
7:01:18,0
7:01:19,0
7:01:20,0
7:01:21,0
7:01:22,0
7:01:23,0
7:01:24,0
7:01:25,0
7:01:26,0
7:01:27,0
7:01:28,0
7:01:29,0
7:01:30,0
7:01:31,0
7:01:32,0
7:01:33,0
7:01:34,0
7:01:35,0
7:01:36,0
7:01:37,0
7:01:38,0
7:01:39,0
7:01:40,0
7:01:41,0
7:01:42,0
7:01:43,0
7:01:44,0
7:01:45,0
7:01:46,0
7:01:47,0
7:01:48,0
7:01:49,0
7:01:50,0
7:01:51,0
7:01:52,0
7:01:53,0
7:01:54,0
7:01:55,0
7:01:56,0
7:01:57,0
7:01:58,0
7:01:59,0
7:02:00,0
7:02:01,0
7:02:02,0
7:02:03,0
7:02:04,0
7:02:05,0
7:02:06,0
7:02:07,0
7:02:08,0
7:02:09,0
7:02:10,0
7:02:11,0
7:02:12,0
7:02:13,0
7:02:14,0
7:02:15,0
7:02:16,0
7:02:17,0
7:02:18,0
7:02:19,0
7:02:20,0
7:02:21,0
7:02:22,0
7:02:23,0
7:02:24,0
7:02:25,0
7:02:26,0
7:02:27,0
7:02:28,0
7:02:29,0
7:02:30,0
7:02:31,0
7:02:32,0
7:02:33,0
7:02:34,0
7:02:35,0
7:02:36,0
7:02:37,0
7:02:38,0
7:02:39,0
7:02:40,0
7:02:41,0
7:02:42,0
7:02:43,0
7:02:44,0
7:02:45,0
7:02:46,0
7:02:47,0
7:02:48,0
7:02:49,0
7:02:50,0
7:02:51,0
7:02:52,0
7:02:53,0
7:02:54,0
7:02:55,0
7:02:56,0
7:02:57,0
7:02:58,0
7:02:59,0
7:03:00,0
7:03:01,0
7:03:02,0
7:03:03,0
7:03:04,0
7:03:05,0
7:03:06,0
7:03:07,0
7:03:08,0
7:03:09,0
7:03:10,0
7:03:11,0
7:03:12,0
7:03:13,0
7:03:14,0
7:03:15,0
7:03:16,0
7:03:17,0
7:03:18,0
7:03:19,0
7:03:20,0
7:03:21,0
7:03:22,0
7:03:23,0
7:03:24,0
7:03:25,0
7:03:26,0
7:03:27,0
7:03:28,0
7:03:29,0
7:03:30,0
7:03:31,0
7:03:32,0
7:03:33,0
7:03:34,0
7:03:35,0
7:03:36,0
7:03:37,0
7:03:38,0
7:03:39,0
7:03:40,0
7:03:41,0
7:03:42,0
7:03:43,0
7:03:44,0
7:03:45,0
7:03:46,0
7:03:47,0
7:03:48,0
7:03:49,0
7:03:50,0
7:03:51,0
7:03:52,0
7:03:53,0
7:03:54,0
7:03:55,0
7:03:56,0
7:03:57,0
7:03:58,0
7:03:59,0
7:04:00,0
7:04:01,0
7:04:02,0
7:04:03,0
7:04:04,0
7:04:05,0
7:04:06,0
7:04:07,0
7:04:08,0
7:04:09,0
7:04:10,0
7:04:11,0
7:04:12,0
7:04:13,0
7:04:14,0
7:04:15,0
7:04:16,0
7:04:17,0
7:04:18,0
7:04:19,0
7:04:20,0
7:04:21,0
7:04:22,0
7:04:23,0
7:04:24,0
7:04:25,0
7:04:26,0
7:04:27,0
7:04:28,0
7:04:29,0
7:04:30,0
7:04:31,0
7:04:32,0
7:04:33,0
7:04:34,0
7:04:35,0
7:04:36,0
7:04:37,0
7:04:38,0
7:04:39,0
7:04:40,0
7:04:41,0
7:04:42,0
7:04:43,0
7:04:44,0
7:04:45,0
7:04:46,0
7:04:47,0
7:04:48,0
7:04:49,0
7:04:50,0
7:04:51,0
7:04:52,0
7:04:53,0
7:04:54,0
7:04:55,0
7:04:56,0
7:04:57,0
7:04:58,0
7:04:59,0
7:05:00,0
7:05:01,0
7:05:02,0
7:05:03,0
7:05:04,0
7:05:05,0
7:05:06,0
7:05:07,0
7:05:08,0
7:05:09,0
7:05:10,0
7:05:11,0
7:05:12,0
7:05:13,0
7:05:14,0
7:05:15,0
7:05:16,0
7:05:17,0
7:05:18,0
7:05:19,0
7:05:20,0
7:05:21,0
7:05:22,0
7:05:23,0
7:05:24,0
7:05:25,0
7:05:26,0
7:05:27,0
7:05:28,0
7:05:29,0
7:05:30,0
7:05:31,0
7:05:32,0
7:05:33,0
7:05:34,0
7:05:35,0
7:05:36,0
7:05:37,0
7:05:38,0
7:05:39,0
7:05:40,0
7:05:41,0
7:05:42,0
7:05:43,0
7:05:44,0
7:05:45,0
7:05:46,0
7:05:47,0
7:05:48,0
7:05:49,0
7:05:50,0
7:05:51,0
7:05:52,0
7:05:53,0
7:05:54,0
7:05:55,0
7:05:56,0
7:05:57,0
7:05:58,0
7:05:59,0
7:06:00,0
7:06:01,0
7:06:02,0
7:06:03,0
7:06:04,0
7:06:05,0
7:06:06,0
7:06:07,0
7:06:08,0
7:06:09,0
7:06:10,0
7:06:11,0
7:06:12,0
7:06:13,0
7:06:14,0
7:06:15,0
7:06:16,0
7:06:17,0
7:06:18,0
7:06:19,0
7:06:20,0
7:06:21,0
7:06:22,0
7:06:23,0
7:06:24,0
7:06:25,0
7:06:26,0
7:06:27,0
7:06:28,0
7:06:29,0
7:06:30,0
7:06:31,0
7:06:32,0
7:06:33,0
7:06:34,0
7:06:35,0
7:06:36,0
7:06:37,0
7:06:38,0
7:06:39,0
7:06:40,0
7:06:41,0
7:06:42,0
7:06:43,0
7:06:44,0
7:06:45,0
7:06:46,0
7:06:47,0
7:06:48,0
7:06:49,0
7:06:50,0
7:06:51,0
7:06:52,0
7:06:53,0
7:06:54,0
7:06:55,0
7:06:56,0
7:06:57,0
7:06:58,0
7:06:59,0
7:07:00,0
7:07:01,0
7:07:02,0
7:07:03,0
7:07:04,0
7:07:05,0
7:07:06,0
7:07:07,0
7:07:08,0
7:07:09,0
7:07:10,0
7:07:11,0
7:07:12,0
7:07:13,0
7:07:14,0
7:07:15,0
7:07:16,0
7:07:17,0
7:07:18,0
7:07:19,0
7:07:20,0
7:07:21,0
7:07:22,0
7:07:23,0
7:07:24,0
7:07:25,0
7:07:26,0
7:07:27,0
7:07:28,0
7:07:29,0
7:07:30,0
7:07:31,0
7:07:32,0
7:07:33,0
7:07:34,0
7:07:35,0
7:07:36,0
7:07:37,0
7:07:38,0
7:07:39,0
7:07:40,0
7:07:41,0
7:07:42,0
7:07:43,0
7:07:44,0
7:07:45,0
7:07:46,0
7:07:47,0
7:07:48,0
7:07:49,0
7:07:50,0
7:07:51,0
7:07:52,0
7:07:53,0
7:07:54,0
7:07:55,0
7:07:56,0
7:07:57,0
7:07:58,0
7:07:59,0
7:08:00,0
7:08:01,0
7:08:02,0
7:08:03,0
7:08:04,0
7:08:05,0
7:08:06,0
7:08:07,0
7:08:08,0
7:08:09,0
7:08:10,0
7:08:11,0
7:08:12,0
7:08:13,0
7:08:14,0
7:08:15,0
7:08:16,0
7:08:17,0
7:08:18,0
7:08:19,0
7:08:20,0
7:08:21,0
7:08:22,0
7:08:23,0
7:08:24,0
7:08:25,0
7:08:26,0
7:08:27,0
7:08:28,0
7:08:29,0
7:08:30,0
7:08:31,0
7:08:32,0
7:08:33,0
7:08:34,0
7:08:35,0
7:08:36,0
7:08:37,0
7:08:38,0
7:08:39,0
7:08:40,0
7:08:41,0
7:08:42,0
7:08:43,0
7:08:44,0
7:08:45,0
7:08:46,0
7:08:47,0
7:08:48,0
7:08:49,0
7:08:50,0
7:08:51,0
7:08:52,0
7:08:53,0
7:08:54,0
7:08:55,0
7:08:56,0
7:08:57,0
7:08:58,0
7:08:59,0
7:09:00,0
7:09:01,0
7:09:02,0
7:09:03,0
7:09:04,0
7:09:05,0
7:09:06,0
7:09:07,0
7:09:08,0
7:09:09,0
7:09:10,0
7:09:11,0
7:09:12,0
7:09:13,0
7:09:14,0
7:09:15,0
7:09:16,0
7:09:17,0
7:09:18,0
7:09:19,0
7:09:20,0
7:09:21,0
7:09:22,0
7:09:23,0
7:09:24,0
7:09:25,0
7:09:26,0
7:09:27,0
7:09:28,0
7:09:29,0
7:09:30,0
7:09:31,0
7:09:32,0
7:09:33,0
7:09:34,0
7:09:35,0
7:09:36,0
7:09:37,0
7:09:38,0
7:09:39,0
7:09:40,0
7:09:41,0
7:09:42,0
7:09:43,0
7:09:44,0
7:09:45,0
7:09:46,0
7:09:47,0
7:09:48,0
7:09:49,0
7:09:50,0
7:09:51,0
7:09:52,0
7:09:53,0
7:09:54,0
7:09:55,0
7:09:56,0
7:09:57,0
7:09:58,0
7:09:59,0
7:10:00,0
7:10:01,0
7:10:02,0
7:10:03,0
7:10:04,0
7:10:05,0
7:10:06,0
7:10:07,0
7:10:08,0
7:10:09,0
7:10:10,0
7:10:11,0
7:10:12,0
7:10:13,0
7:10:14,0
7:10:15,0
7:10:16,0
7:10:17,0
7:10:18,0
7:10:19,0
7:10:20,0
7:10:21,0
7:10:22,0
7:10:23,0
7:10:24,0
7:10:25,0
7:10:26,0
7:10:27,0
7:10:28,0
7:10:29,0
7:10:30,0
7:10:31,0
7:10:32,0
7:10:33,0
7:10:34,0
7:10:35,0
7:10:36,0
7:10:37,0
7:10:38,0
7:10:39,0
7:10:40,0
7:10:41,0
7:10:42,0
7:10:43,0
7:10:44,0
7:10:45,0
7:10:46,0
7:10:47,0
7:10:48,0
7:10:49,0
7:10:50,0
7:10:51,0
7:10:52,0
7:10:53,0
7:10:54,0
7:10:55,0
7:10:56,0
7:10:57,0
7:10:58,0
7:10:59,0
7:11:00,0
7:11:01,0
7:11:02,0
7:11:03,0
7:11:04,0
7:11:05,0
7:11:06,0
7:11:07,0
7:11:08,0
7:11:09,0
7:11:10,0
7:11:11,0
7:11:12,0
7:11:13,0
7:11:14,0
7:11:15,0
7:11:16,0
7:11:17,0
7:11:18,0
7:11:19,0
7:11:20,0
7:11:21,0
7:11:22,0
7:11:23,0
7:11:24,0
7:11:25,0
7:11:26,0
7:11:27,0
7:11:28,0
7:11:29,0
7:11:30,0
7:11:31,0
7:11:32,0
7:11:33,0
7:11:34,0
7:11:35,0
7:11:36,0
7:11:37,0
7:11:38,0
7:11:39,0
7:11:40,0
7:11:41,0
7:11:42,0
7:11:43,0
7:11:44,0
7:11:45,0
7:11:46,0
7:11:47,0
7:11:48,0
7:11:49,0
7:11:50,0
7:11:51,0
7:11:52,0
7:11:53,0
7:11:54,0
7:11:55,0
7:11:56,0
7:11:57,0
7:11:58,0
7:11:59,0
7:12:00,0
7:12:01,0
7:12:02,0
7:12:03,0
7:12:04,0
7:12:05,0
7:12:06,0
7:12:07,0
7:12:08,0
7:12:09,0
7:12:10,0
7:12:11,0
7:12:12,0
7:12:13,0
7:12:14,0
7:12:15,0
7:12:16,0
7:12:17,0
7:12:18,0
7:12:19,0
7:12:20,0
7:12:21,0
7:12:22,0
7:12:23,0
7:12:24,0
7:12:25,0
7:12:26,0
7:12:27,0
7:12:28,0
7:12:29,0
7:12:30,0
7:12:31,0
7:12:32,0
7:12:33,0
7:12:34,0
7:12:35,0
7:12:36,0
7:12:37,0
7:12:38,0
7:12:39,0
7:12:40,0
7:12:41,0
7:12:42,0
7:12:43,0
7:12:44,0
7:12:45,0
7:12:46,0
7:12:47,0
7:12:48,0
7:12:49,0
7:12:50,0
7:12:51,0
7:12:52,0
7:12:53,0
7:12:54,0
7:12:55,0
7:12:56,0
7:12:57,0
7:12:58,0
7:12:59,0
7:13:00,0
7:13:01,0
7:13:02,0
7:13:03,0
7:13:04,0
7:13:05,0
7:13:06,0
7:13:07,0
7:13:08,0
7:13:09,0
7:13:10,0
7:13:11,0
7:13:12,0
7:13:13,0
7:13:14,0
7:13:15,0
7:13:16,0
7:13:17,0
7:13:18,0
7:13:19,0
7:13:20,0
7:13:21,0
7:13:22,0
7:13:23,0
7:13:24,0
7:13:25,0
7:13:26,0
7:13:27,0
7:13:28,0
7:13:29,0
7:13:30,0
7:13:31,0
7:13:32,0
7:13:33,0
7:13:34,0
7:13:35,0
7:13:36,0
7:13:37,0
7:13:38,0
7:13:39,0
7:13:40,0
7:13:41,0
7:13:42,0
7:13:43,0
7:13:44,0
7:13:45,0
7:13:46,0
7:13:47,0
7:13:48,0
7:13:49,0
7:13:50,0
7:13:51,0
7:13:52,0
7:13:53,0
7:13:54,0
7:13:55,0
7:13:56,0
7:13:57,0
7:13:58,0
7:13:59,0
7:14:00,0
7:14:01,0
7:14:02,0
7:14:03,0
7:14:04,0
7:14:05,0
7:14:06,0
7:14:07,0
7:14:08,0
7:14:09,0
7:14:10,0
7:14:11,0
7:14:12,0
7:14:13,0
7:14:14,0
7:14:15,0
7:14:16,0
7:14:17,0
7:14:18,0
7:14:19,0
7:14:20,0
7:14:21,0
7:14:22,0
7:14:23,0
7:14:24,0
7:14:25,0
7:14:26,0
7:14:27,0
7:14:28,0
7:14:29,0
7:14:30,0
7:14:31,0
7:14:32,0
7:14:33,0
7:14:34,0
7:14:35,0
7:14:36,0
7:14:37,0
7:14:38,0
7:14:39,0
7:14:40,0
7:14:41,0
7:14:42,0
7:14:43,0
7:14:44,0
7:14:45,0
7:14:46,0
7:14:47,0
7:14:48,0
7:14:49,0
7:14:50,0
7:14:51,0
7:14:52,0
7:14:53,0
7:14:54,0
7:14:55,0
7:14:56,0
7:14:57,0
7:14:58,0
7:14:59,0
7:15:00,0
7:15:01,0
7:15:02,0
7:15:03,0
7:15:04,0
7:15:05,0
7:15:06,0
7:15:07,0
7:15:08,0
7:15:09,0
7:15:10,0
7:15:11,0
7:15:12,0
7:15:13,0
7:15:14,0
7:15:15,0
7:15:16,0
7:15:17,0
7:15:18,0
7:15:19,0
7:15:20,0
7:15:21,0
7:15:22,0
7:15:23,0
7:15:24,0
7:15:25,0
7:15:26,0
7:15:27,0
7:15:28,0
7:15:29,0
7:15:30,0
7:15:31,0
7:15:32,0
7:15:33,0
7:15:34,0
7:15:35,0
7:15:36,0
7:15:37,0
7:15:38,0
7:15:39,0
7:15:40,0
7:15:41,0
7:15:42,0
7:15:43,0
7:15:44,0
7:15:45,0
7:15:46,0
7:15:47,0
7:15:48,0
7:15:49,0
7:15:50,0
7:15:51,0
7:15:52,0
7:15:53,0
7:15:54,0
7:15:55,0
7:15:56,0
7:15:57,0
7:15:58,0
7:15:59,0
7:16:00,0
7:16:01,0
7:16:02,0
7:16:03,0
7:16:04,0
7:16:05,0
7:16:06,0
7:16:07,0
7:16:08,0
7:16:09,0
7:16:10,0
7:16:11,0
7:16:12,0
7:16:13,0
7:16:14,0
7:16:15,0
7:16:16,0
7:16:17,0
7:16:18,0
7:16:19,0
7:16:20,0
7:16:21,0
7:16:22,0
7:16:23,0
7:16:24,0
7:16:25,0
7:16:26,0
7:16:27,0
7:16:28,0
7:16:29,0
7:16:30,0
7:16:31,0
7:16:32,0
7:16:33,0
7:16:34,0
7:16:35,0
7:16:36,0
7:16:37,0
7:16:38,0
7:16:39,0
7:16:40,0
7:16:41,0
7:16:42,0
7:16:43,0
7:16:44,0
7:16:45,0
7:16:46,0
7:16:47,0
7:16:48,0
7:16:49,0
7:16:50,0
7:16:51,0
7:16:52,0
7:16:53,0
7:16:54,0
7:16:55,0
7:16:56,0
7:16:57,0
7:16:58,0
7:16:59,0
7:17:00,0
7:17:01,0
7:17:02,0
7:17:03,0
7:17:04,0
7:17:05,0
7:17:06,0
7:17:07,0
7:17:08,0
7:17:09,0
7:17:10,0
7:17:11,0
7:17:12,0
7:17:13,0
7:17:14,0
7:17:15,0
7:17:16,0
7:17:17,0
7:17:18,0
7:17:19,0
7:17:20,0
7:17:21,0
7:17:22,0
7:17:23,0
7:17:24,0
7:17:25,0
7:17:26,0
7:17:27,0
7:17:28,0
7:17:29,0
7:17:30,0
7:17:31,0
7:17:32,0
7:17:33,0
7:17:34,0
7:17:35,0
7:17:36,0
7:17:37,0
7:17:38,0
7:17:39,0
7:17:40,0
7:17:41,0
7:17:42,0
7:17:43,0
7:17:44,0
7:17:45,0
7:17:46,0
7:17:47,0
7:17:48,0
7:17:49,0
7:17:50,0
7:17:51,0
7:17:52,0
7:17:53,0
7:17:54,0
7:17:55,0
7:17:56,0
7:17:57,0
7:17:58,0
7:17:59,0
7:18:00,0
7:18:01,0
7:18:02,0
7:18:03,0
7:18:04,0
7:18:05,0
7:18:06,0
7:18:07,0
7:18:08,0
7:18:09,0
7:18:10,0
7:18:11,0
7:18:12,0
7:18:13,0
7:18:14,0
7:18:15,0
7:18:16,0
7:18:17,0
7:18:18,0
7:18:19,0
7:18:20,0
7:18:21,0
7:18:22,0
7:18:23,0
7:18:24,0
7:18:25,0
7:18:26,0
7:18:27,0
7:18:28,0
7:18:29,0
7:18:30,0
7:18:31,0
7:18:32,0
7:18:33,0
7:18:34,0
7:18:35,0
7:18:36,0
7:18:37,0
7:18:38,0
7:18:39,0
7:18:40,0
7:18:41,0
7:18:42,0
7:18:43,0
7:18:44,0
7:18:45,0
7:18:46,0
7:18:47,0
7:18:48,0
7:18:49,0
7:18:50,0
7:18:51,0
7:18:52,0
7:18:53,0
7:18:54,0
7:18:55,0
7:18:56,0
7:18:57,0
7:18:58,0
7:18:59,0
7:19:00,0
7:19:01,0
7:19:02,0
7:19:03,0
7:19:04,0
7:19:05,0
7:19:06,0
7:19:07,0
7:19:08,0
7:19:09,0
7:19:10,0
7:19:11,0
7:19:12,0
7:19:13,0
7:19:14,0
7:19:15,0
7:19:16,0
7:19:17,0
7:19:18,0
7:19:19,0
7:19:20,0
7:19:21,0
7:19:22,0
7:19:23,0
7:19:24,0
7:19:25,0
7:19:26,0
7:19:27,0
7:19:28,0
7:19:29,0
7:19:30,0
7:19:31,0
7:19:32,0
7:19:33,0
7:19:34,0
7:19:35,0
7:19:36,0
7:19:37,0
7:19:38,0
7:19:39,0
7:19:40,0
7:19:41,0
7:19:42,0
7:19:43,0
7:19:44,0
7:19:45,0
7:19:46,0
7:19:47,0
7:19:48,0
7:19:49,0
7:19:50,0
7:19:51,0
7:19:52,0
7:19:53,0
7:19:54,0
7:19:55,0
7:19:56,0
7:19:57,0
7:19:58,0
7:19:59,0
7:20:00,0
7:20:01,0
7:20:02,0
7:20:03,0
7:20:04,0
7:20:05,0
7:20:06,0
7:20:07,0
7:20:08,0
7:20:09,0
7:20:10,0
7:20:11,0
7:20:12,0
7:20:13,0
7:20:14,0
7:20:15,0
7:20:16,0
7:20:17,0
7:20:18,0
7:20:19,0
7:20:20,0
7:20:21,0
7:20:22,0
7:20:23,0
7:20:24,0
7:20:25,0
7:20:26,0
7:20:27,0
7:20:28,0
7:20:29,0
7:20:30,0
7:20:31,0
7:20:32,0
7:20:33,0
7:20:34,0
7:20:35,0
7:20:36,0
7:20:37,0
7:20:38,0
7:20:39,0
7:20:40,0
7:20:41,0
7:20:42,0
7:20:43,0
7:20:44,0
7:20:45,0
7:20:46,0
7:20:47,0
7:20:48,0
7:20:49,0
7:20:50,0
7:20:51,0
7:20:52,0
7:20:53,0
7:20:54,0
7:20:55,0
7:20:56,0
7:20:57,0
7:20:58,0
7:20:59,0
7:21:00,0
7:21:01,0
7:21:02,0
7:21:03,0
7:21:04,0
7:21:05,0
7:21:06,0
7:21:07,0
7:21:08,0
7:21:09,0
7:21:10,0
7:21:11,0
7:21:12,0
7:21:13,0
7:21:14,0
7:21:15,0
7:21:16,0
7:21:17,0
7:21:18,0
7:21:19,0
7:21:20,0
7:21:21,0
7:21:22,0
7:21:23,0
7:21:24,0
7:21:25,0
7:21:26,0
7:21:27,0
7:21:28,0
7:21:29,0
7:21:30,0
7:21:31,0
7:21:32,0
7:21:33,0
7:21:34,0
7:21:35,0
7:21:36,0
7:21:37,0
7:21:38,0
7:21:39,0
7:21:40,0
7:21:41,0
7:21:42,0
7:21:43,0
7:21:44,0
7:21:45,0
7:21:46,0
7:21:47,0
7:21:48,0
7:21:49,0
7:21:50,0
7:21:51,0
7:21:52,0
7:21:53,0
7:21:54,0
7:21:55,0
7:21:56,0
7:21:57,0
7:21:58,0
7:21:59,0
7:22:00,0
7:22:01,0
7:22:02,0
7:22:03,0
7:22:04,0
7:22:05,0
7:22:06,0
7:22:07,0
7:22:08,0
7:22:09,0
7:22:10,0
7:22:11,0
7:22:12,0
7:22:13,0
7:22:14,0
7:22:15,0
7:22:16,0
7:22:17,0
7:22:18,0
7:22:19,0
7:22:20,0
7:22:21,0
7:22:22,0
7:22:23,0
7:22:24,0
7:22:25,0
7:22:26,0
7:22:27,0
7:22:28,0
7:22:29,0
7:22:30,0
7:22:31,0
7:22:32,0
7:22:33,0
7:22:34,0
7:22:35,0
7:22:36,0
7:22:37,0
7:22:38,0
7:22:39,0
7:22:40,0
7:22:41,0
7:22:42,0
7:22:43,0
7:22:44,0
7:22:45,0
7:22:46,0
7:22:47,0
7:22:48,0
7:22:49,0
7:22:50,0
7:22:51,0
7:22:52,0
7:22:53,0
7:22:54,0
7:22:55,0
7:22:56,0
7:22:57,0
7:22:58,0
7:22:59,0
7:23:00,0
7:23:01,0
7:23:02,0
7:23:03,0
7:23:04,0
7:23:05,0
7:23:06,0
7:23:07,0
7:23:08,0
7:23:09,0
7:23:10,0
7:23:11,0
7:23:12,0
7:23:13,0
7:23:14,0
7:23:15,0
7:23:16,0
7:23:17,0
7:23:18,0
7:23:19,0
7:23:20,0
7:23:21,0
7:23:22,0
7:23:23,0
7:23:24,0
7:23:25,0
7:23:26,0
7:23:27,0
7:23:28,0
7:23:29,0
7:23:30,0
7:23:31,0
7:23:32,0
7:23:33,0
7:23:34,0
7:23:35,0
7:23:36,0
7:23:37,0
7:23:38,0
7:23:39,0
7:23:40,0
7:23:41,0
7:23:42,0
7:23:43,0
7:23:44,0
7:23:45,0
7:23:46,0
7:23:47,0
7:23:48,0
7:23:49,0
7:23:50,0
7:23:51,0
7:23:52,0
7:23:53,0
7:23:54,0
7:23:55,0
7:23:56,0
7:23:57,0
7:23:58,0
7:23:59,0
7:24:00,0
7:24:01,0
7:24:02,0
7:24:03,0
7:24:04,0
7:24:05,0
7:24:06,0
7:24:07,0
7:24:08,0
7:24:09,0
7:24:10,0
7:24:11,0
7:24:12,0
7:24:13,0
7:24:14,0
7:24:15,0
7:24:16,0
7:24:17,0
7:24:18,0
7:24:19,0
7:24:20,0
7:24:21,0
7:24:22,0
7:24:23,0
7:24:24,0
7:24:25,0
7:24:26,0
7:24:27,0
7:24:28,0
7:24:29,0
7:24:30,0
7:24:31,0
7:24:32,0
7:24:33,0
7:24:34,0
7:24:35,0
7:24:36,0
7:24:37,0
7:24:38,0
7:24:39,0
7:24:40,0
7:24:41,0
7:24:42,0
7:24:43,0
7:24:44,0
7:24:45,0
7:24:46,0
7:24:47,0
7:24:48,0
7:24:49,0
7:24:50,0
7:24:51,0
7:24:52,0
7:24:53,0
7:24:54,0
7:24:55,0
7:24:56,0
7:24:57,0
7:24:58,0
7:24:59,0
7:25:00,0
7:25:01,0
7:25:02,0
7:25:03,0
7:25:04,0
7:25:05,0
7:25:06,0
7:25:07,0
7:25:08,0
7:25:09,0
7:25:10,0
7:25:11,0
7:25:12,0
7:25:13,0
7:25:14,0
7:25:15,0
7:25:16,0
7:25:17,0
7:25:18,0
7:25:19,0
7:25:20,0
7:25:21,0
7:25:22,0
7:25:23,0
7:25:24,0
7:25:25,0
7:25:26,0
7:25:27,0
7:25:28,0
7:25:29,0
7:25:30,0
7:25:31,0
7:25:32,0
7:25:33,0
7:25:34,0
7:25:35,0
7:25:36,0
7:25:37,0
7:25:38,0
7:25:39,0
7:25:40,0
7:25:41,0
7:25:42,0
7:25:43,0
7:25:44,0
7:25:45,0
7:25:46,0
7:25:47,0
7:25:48,0
7:25:49,0
7:25:50,0
7:25:51,0
7:25:52,0
7:25:53,0
7:25:54,0
7:25:55,0
7:25:56,0
7:25:57,0
7:25:58,0
7:25:59,0
7:26:00,0
7:26:01,0
7:26:02,0
7:26:03,0
7:26:04,0
7:26:05,0
7:26:06,0
7:26:07,0
7:26:08,0
7:26:09,0
7:26:10,0
7:26:11,0
7:26:12,0
7:26:13,0
7:26:14,0
7:26:15,0
7:26:16,0
7:26:17,0
7:26:18,0
7:26:19,0
7:26:20,0
7:26:21,0
7:26:22,0
7:26:23,0
7:26:24,0
7:26:25,0
7:26:26,0
7:26:27,0
7:26:28,0
7:26:29,0
7:26:30,0
7:26:31,0
7:26:32,0
7:26:33,0
7:26:34,0
7:26:35,0
7:26:36,0
7:26:37,0
7:26:38,0
7:26:39,0
7:26:40,0
7:26:41,0
7:26:42,0
7:26:43,0
7:26:44,0
7:26:45,0
7:26:46,0
7:26:47,0
7:26:48,0
7:26:49,0
7:26:50,0
7:26:51,0
7:26:52,0
7:26:53,0
7:26:54,0
7:26:55,0
7:26:56,0
7:26:57,0
7:26:58,0
7:26:59,0
7:27:00,0
7:27:01,0
7:27:02,0
7:27:03,0
7:27:04,0
7:27:05,0
7:27:06,0
7:27:07,0
7:27:08,0
7:27:09,0
7:27:10,0
7:27:11,0
7:27:12,0
7:27:13,0
7:27:14,0
7:27:15,0
7:27:16,0
7:27:17,0
7:27:18,0
7:27:19,0
7:27:20,0
7:27:21,0
7:27:22,0
7:27:23,0
7:27:24,0
7:27:25,0
7:27:26,0
7:27:27,0
7:27:28,0
7:27:29,0
7:27:30,0
7:27:31,0
7:27:32,0
7:27:33,0
7:27:34,0
7:27:35,0
7:27:36,0
7:27:37,0
7:27:38,0
7:27:39,0
7:27:40,0
7:27:41,0
7:27:42,0
7:27:43,0
7:27:44,0
7:27:45,0
7:27:46,0
7:27:47,0
7:27:48,0
7:27:49,0
7:27:50,0
7:27:51,0
7:27:52,0
7:27:53,0
7:27:54,0
7:27:55,0
7:27:56,0
7:27:57,0
7:27:58,0
7:27:59,0
7:28:00,0
7:28:01,0
7:28:02,0
7:28:03,0
7:28:04,0
7:28:05,0
7:28:06,0
7:28:07,0
7:28:08,0
7:28:09,0
7:28:10,0
7:28:11,0
7:28:12,0
7:28:13,0
7:28:14,0
7:28:15,0
7:28:16,0
7:28:17,0
7:28:18,0
7:28:19,0
7:28:20,0
7:28:21,0
7:28:22,0
7:28:23,0
7:28:24,0
7:28:25,0
7:28:26,0
7:28:27,0
7:28:28,0
7:28:29,0
7:28:30,0
7:28:31,0
7:28:32,0
7:28:33,0
7:28:34,0
7:28:35,0
7:28:36,0
7:28:37,0
7:28:38,0
7:28:39,0
7:28:40,0
7:28:41,0
7:28:42,0
7:28:43,0
7:28:44,0
7:28:45,0
7:28:46,0
7:28:47,0
7:28:48,0
7:28:49,0
7:28:50,0
7:28:51,0
7:28:52,0
7:28:53,0
7:28:54,0
7:28:55,0
7:28:56,0
7:28:57,0
7:28:58,0
7:28:59,0
7:29:00,0
7:29:01,0
7:29:02,0
7:29:03,0
7:29:04,0
7:29:05,0
7:29:06,0
7:29:07,0
7:29:08,0
7:29:09,0
7:29:10,0
7:29:11,0
7:29:12,0
7:29:13,0
7:29:14,0
7:29:15,0
7:29:16,0
7:29:17,0
7:29:18,0
7:29:19,0
7:29:20,0
7:29:21,0
7:29:22,0
7:29:23,0
7:29:24,0
7:29:25,0
7:29:26,0
7:29:27,0
7:29:28,0
7:29:29,0
7:29:30,0
7:29:31,0
7:29:32,0
7:29:33,0
7:29:34,0
7:29:35,0
7:29:36,0
7:29:37,0
7:29:38,0
7:29:39,0
7:29:40,0
7:29:41,0
7:29:42,0
7:29:43,0
7:29:44,0
7:29:45,0
7:29:46,0
7:29:47,0
7:29:48,0
7:29:49,0
7:29:50,0
7:29:51,0
7:29:52,0
7:29:53,0
7:29:54,0
7:29:55,0
7:29:56,0
7:29:57,0
7:29:58,0
7:29:59,0
7:30:00,0
7:30:01,0
7:30:02,0
7:30:03,0
7:30:04,0
7:30:05,0
7:30:06,0
7:30:07,0
7:30:08,0
7:30:09,0
7:30:10,0
7:30:11,0
7:30:12,0
7:30:13,0
7:30:14,0
7:30:15,0
7:30:16,0
7:30:17,0
7:30:18,0
7:30:19,0
7:30:20,0
7:30:21,0
7:30:22,0
7:30:23,0
7:30:24,0
7:30:25,0
7:30:26,0
7:30:27,0
7:30:28,0
7:30:29,0
7:30:30,0
7:30:31,0
7:30:32,0
7:30:33,0
7:30:34,0
7:30:35,0
7:30:36,0
7:30:37,0
7:30:38,0
7:30:39,0
7:30:40,0
7:30:41,0
7:30:42,0
7:30:43,0
7:30:44,0
7:30:45,0
7:30:46,0
7:30:47,0
7:30:48,0
7:30:49,0
7:30:50,0
7:30:51,0
7:30:52,0
7:30:53,0
7:30:54,0
7:30:55,0
7:30:56,0
7:30:57,0
7:30:58,0
7:30:59,0
7:31:00,0
7:31:01,0
7:31:02,0
7:31:03,0
7:31:04,0
7:31:05,0
7:31:06,0
7:31:07,0
7:31:08,0
7:31:09,0
7:31:10,0
7:31:11,0
7:31:12,0
7:31:13,0
7:31:14,0
7:31:15,0
7:31:16,0
7:31:17,0
7:31:18,0
7:31:19,0
7:31:20,0
7:31:21,0
7:31:22,0
7:31:23,0
7:31:24,0
7:31:25,0
7:31:26,0
7:31:27,0
7:31:28,0
7:31:29,0
7:31:30,0
7:31:31,0
7:31:32,0
7:31:33,0
7:31:34,0
7:31:35,0
7:31:36,0
7:31:37,0
7:31:38,0
7:31:39,0
7:31:40,0
7:31:41,0
7:31:42,0
7:31:43,0
7:31:44,0
7:31:45,0
7:31:46,0
7:31:47,0
7:31:48,0
7:31:49,0
7:31:50,0
7:31:51,0
7:31:52,0
7:31:53,0
7:31:54,0
7:31:55,0
7:31:56,0
7:31:57,0
7:31:58,0
7:31:59,0
7:32:00,0
7:32:01,0
7:32:02,0
7:32:03,0
7:32:04,0
7:32:05,0
7:32:06,0
7:32:07,0
7:32:08,0
7:32:09,0
7:32:10,0
7:32:11,0
7:32:12,0
7:32:13,0
7:32:14,0
7:32:15,0
7:32:16,0
7:32:17,0
7:32:18,0
7:32:19,0
7:32:20,0
7:32:21,0
7:32:22,0
7:32:23,0
7:32:24,0
7:32:25,0
7:32:26,0
7:32:27,0
7:32:28,0
7:32:29,0
7:32:30,0
7:32:31,0
7:32:32,0
7:32:33,0
7:32:34,0
7:32:35,0
7:32:36,0
7:32:37,0
7:32:38,0
7:32:39,0
7:32:40,0
7:32:41,0
7:32:42,0
7:32:43,0
7:32:44,0
7:32:45,0
7:32:46,0
7:32:47,0
7:32:48,0
7:32:49,0
7:32:50,0
7:32:51,0
7:32:52,0
7:32:53,0
7:32:54,0
7:32:55,0
7:32:56,0
7:32:57,0
7:32:58,0
7:32:59,0
7:33:00,0
7:33:01,0
7:33:02,0
7:33:03,0
7:33:04,0
7:33:05,0
7:33:06,0
7:33:07,0
7:33:08,0
7:33:09,0
7:33:10,0
7:33:11,0
7:33:12,0
7:33:13,0
7:33:14,0
7:33:15,0
7:33:16,0
7:33:17,0
7:33:18,0
7:33:19,0
7:33:20,0
7:33:21,0
7:33:22,0
7:33:23,0
7:33:24,0
7:33:25,0
7:33:26,0
7:33:27,0
7:33:28,0
7:33:29,0
7:33:30,0
7:33:31,0
7:33:32,0
7:33:33,0
7:33:34,0
7:33:35,0
7:33:36,0
7:33:37,0
7:33:38,0
7:33:39,0
7:33:40,0
7:33:41,0
7:33:42,0
7:33:43,0
7:33:44,0
7:33:45,0
7:33:46,0
7:33:47,0
7:33:48,0
7:33:49,0
7:33:50,0
7:33:51,0
7:33:52,0
7:33:53,0
7:33:54,0
7:33:55,0
7:33:56,0
7:33:57,0
7:33:58,0
7:33:59,0
7:34:00,0
7:34:01,0
7:34:02,0
7:34:03,0
7:34:04,0
7:34:05,0
7:34:06,0
7:34:07,0
7:34:08,0
7:34:09,0
7:34:10,0
7:34:11,0
7:34:12,0
7:34:13,0
7:34:14,0
7:34:15,0
7:34:16,0
7:34:17,0
7:34:18,0
7:34:19,0
7:34:20,0
7:34:21,0
7:34:22,0
7:34:23,0
7:34:24,0
7:34:25,0
7:34:26,0
7:34:27,0
7:34:28,0
7:34:29,0
7:34:30,0
7:34:31,0
7:34:32,0
7:34:33,0
7:34:34,0
7:34:35,0
7:34:36,0
7:34:37,0
7:34:38,0
7:34:39,0
7:34:40,0
7:34:41,0
7:34:42,0
7:34:43,0
7:34:44,0
7:34:45,0
7:34:46,0
7:34:47,0
7:34:48,0
7:34:49,0
7:34:50,0
7:34:51,0
7:34:52,0
7:34:53,0
7:34:54,0
7:34:55,0
7:34:56,0
7:34:57,0
7:34:58,0
7:34:59,0
7:35:00,0
7:35:01,0
7:35:02,0
7:35:03,0
7:35:04,0
7:35:05,0
7:35:06,0
7:35:07,0
7:35:08,0
7:35:09,0
7:35:10,0
7:35:11,0
7:35:12,0
7:35:13,0
7:35:14,0
7:35:15,0
7:35:16,0
7:35:17,0
7:35:18,0
7:35:19,0
7:35:20,0
7:35:21,0
7:35:22,0
7:35:23,0
7:35:24,0
7:35:25,0
7:35:26,0
7:35:27,0
7:35:28,0
7:35:29,0
7:35:30,0
7:35:31,0
7:35:32,0
7:35:33,0
7:35:34,0
7:35:35,0
7:35:36,0
7:35:37,0
7:35:38,0
7:35:39,0
7:35:40,0
7:35:41,0
7:35:42,0
7:35:43,0
7:35:44,0
7:35:45,0
7:35:46,0
7:35:47,0
7:35:48,0
7:35:49,0
7:35:50,0
7:35:51,0
7:35:52,0
7:35:53,0
7:35:54,0
7:35:55,0
7:35:56,0
7:35:57,0
7:35:58,0
7:35:59,0
7:36:00,0
7:36:01,0
7:36:02,0
7:36:03,0
7:36:04,0
7:36:05,0
7:36:06,0
7:36:07,0
7:36:08,0
7:36:09,0
7:36:10,0
7:36:11,0
7:36:12,0
7:36:13,0
7:36:14,0
7:36:15,0
7:36:16,0
7:36:17,0
7:36:18,0
7:36:19,0
7:36:20,0
7:36:21,0
7:36:22,0
7:36:23,0
7:36:24,0
7:36:25,0
7:36:26,0
7:36:27,0
7:36:28,0
7:36:29,0
7:36:30,0
7:36:31,0
7:36:32,0
7:36:33,0
7:36:34,0
7:36:35,0
7:36:36,0
7:36:37,0
7:36:38,0
7:36:39,0
7:36:40,0
7:36:41,0
7:36:42,0
7:36:43,0
7:36:44,0
7:36:45,0
7:36:46,0
7:36:47,0
7:36:48,0
7:36:49,0
7:36:50,0
7:36:51,0
7:36:52,0
7:36:53,0
7:36:54,0
7:36:55,0
7:36:56,0
7:36:57,0
7:36:58,0
7:36:59,0
7:37:00,0
7:37:01,0
7:37:02,0
7:37:03,0
7:37:04,0
7:37:05,0
7:37:06,0
7:37:07,0
7:37:08,0
7:37:09,0
7:37:10,0
7:37:11,0
7:37:12,0
7:37:13,0
7:37:14,0
7:37:15,0
7:37:16,0
7:37:17,0
7:37:18,0
7:37:19,0
7:37:20,0
7:37:21,0
7:37:22,0
7:37:23,0
7:37:24,0
7:37:25,0
7:37:26,0
7:37:27,0
7:37:28,0
7:37:29,0
7:37:30,0
7:37:31,0
7:37:32,0
7:37:33,0
7:37:34,0
7:37:35,0
7:37:36,0
7:37:37,0
7:37:38,0
7:37:39,0
7:37:40,0
7:37:41,0
7:37:42,0
7:37:43,0
7:37:44,0
7:37:45,0
7:37:46,0
7:37:47,0
7:37:48,0
7:37:49,0
7:37:50,0
7:37:51,0
7:37:52,0
7:37:53,0
7:37:54,0
7:37:55,0
7:37:56,0
7:37:57,0
7:37:58,0
7:37:59,0
7:38:00,0
7:38:01,0
7:38:02,0
7:38:03,0
7:38:04,0
7:38:05,0
7:38:06,0
7:38:07,0
7:38:08,0
7:38:09,0
7:38:10,0
7:38:11,0
7:38:12,0
7:38:13,0
7:38:14,0
7:38:15,0
7:38:16,0
7:38:17,0
7:38:18,0
7:38:19,0
7:38:20,0
7:38:21,0
7:38:22,0
7:38:23,0
7:38:24,0
7:38:25,0
7:38:26,0
7:38:27,0
7:38:28,0
7:38:29,0
7:38:30,0
7:38:31,0
7:38:32,0
7:38:33,0
7:38:34,0
7:38:35,0
7:38:36,0
7:38:37,0
7:38:38,0
7:38:39,0
7:38:40,0
7:38:41,0
7:38:42,0
7:38:43,0
7:38:44,0
7:38:45,0
7:38:46,0
7:38:47,0
7:38:48,0
7:38:49,0
7:38:50,0
7:38:51,0
7:38:52,0
7:38:53,0
7:38:54,0
7:38:55,0
7:38:56,0
7:38:57,0
7:38:58,0
7:38:59,0
7:39:00,0
7:39:01,0
7:39:02,0
7:39:03,0
7:39:04,0
7:39:05,0
7:39:06,0
7:39:07,0
7:39:08,0
7:39:09,0
7:39:10,0
7:39:11,0
7:39:12,0
7:39:13,0
7:39:14,0
7:39:15,0
7:39:16,0
7:39:17,0
7:39:18,0
7:39:19,0
7:39:20,0
7:39:21,0
7:39:22,0
7:39:23,0
7:39:24,0
7:39:25,0
7:39:26,0
7:39:27,0
7:39:28,0
7:39:29,0
7:39:30,0
7:39:31,0
7:39:32,0
7:39:33,0
7:39:34,0
7:39:35,0
7:39:36,0
7:39:37,0
7:39:38,0
7:39:39,0
7:39:40,0
7:39:41,0
7:39:42,0
7:39:43,0
7:39:44,0
7:39:45,0
7:39:46,0
7:39:47,0
7:39:48,0
7:39:49,0
7:39:50,0
7:39:51,0
7:39:52,0
7:39:53,0
7:39:54,0
7:39:55,0
7:39:56,0
7:39:57,0
7:39:58,0
7:39:59,0
7:40:00,0
7:40:01,0
7:40:02,0
7:40:03,0
7:40:04,0
7:40:05,0
7:40:06,0
7:40:07,0
7:40:08,0
7:40:09,0
7:40:10,0
7:40:11,0
7:40:12,0
7:40:13,0
7:40:14,0
7:40:15,0
7:40:16,0
7:40:17,0
7:40:18,0
7:40:19,0
7:40:20,0
7:40:21,0
7:40:22,0
7:40:23,0
7:40:24,0
7:40:25,0
7:40:26,0
7:40:27,0
7:40:28,0
7:40:29,0
7:40:30,0
7:40:31,0
7:40:32,0
7:40:33,0
7:40:34,0
7:40:35,0
7:40:36,0
7:40:37,0
7:40:38,0
7:40:39,0
7:40:40,0
7:40:41,0
7:40:42,0
7:40:43,0
7:40:44,0
7:40:45,0
7:40:46,0
7:40:47,0
7:40:48,0
7:40:49,0
7:40:50,0
7:40:51,0
7:40:52,0
7:40:53,0
7:40:54,0
7:40:55,0
7:40:56,0
7:40:57,0
7:40:58,0
7:40:59,0
7:41:00,0
7:41:01,0
7:41:02,0
7:41:03,0
7:41:04,0
7:41:05,0
7:41:06,0
7:41:07,0
7:41:08,0
7:41:09,0
7:41:10,0
7:41:11,0
7:41:12,0
7:41:13,0
7:41:14,0
7:41:15,0
7:41:16,0
7:41:17,0
7:41:18,0
7:41:19,0
7:41:20,0
7:41:21,0
7:41:22,0
7:41:23,0
7:41:24,0
7:41:25,0
7:41:26,0
7:41:27,0
7:41:28,0
7:41:29,0
7:41:30,0
7:41:31,0
7:41:32,0
7:41:33,0
7:41:34,0
7:41:35,0
7:41:36,0
7:41:37,0
7:41:38,0
7:41:39,0
7:41:40,0
7:41:41,0
7:41:42,0
7:41:43,0
7:41:44,0
7:41:45,0
7:41:46,0
7:41:47,0
7:41:48,0
7:41:49,0
7:41:50,0
7:41:51,0
7:41:52,0
7:41:53,0
7:41:54,0
7:41:55,0
7:41:56,0
7:41:57,0
7:41:58,0
7:41:59,0
7:42:00,0
7:42:01,0
7:42:02,0
7:42:03,0
7:42:04,0
7:42:05,0
7:42:06,0
7:42:07,0
7:42:08,0
7:42:09,0
7:42:10,0
7:42:11,0
7:42:12,0
7:42:13,0
7:42:14,0
7:42:15,0
7:42:16,0
7:42:17,0
7:42:18,0
7:42:19,0
7:42:20,0
7:42:21,0
7:42:22,0
7:42:23,0
7:42:24,0
7:42:25,0
7:42:26,0
7:42:27,0
7:42:28,0
7:42:29,0
7:42:30,0
7:42:31,0
7:42:32,0
7:42:33,0
7:42:34,0
7:42:35,0
7:42:36,0
7:42:37,0
7:42:38,0
7:42:39,0
7:42:40,0
7:42:41,0
7:42:42,0
7:42:43,0
7:42:44,0
7:42:45,0
7:42:46,0
7:42:47,0
7:42:48,0
7:42:49,0
7:42:50,0
7:42:51,0
7:42:52,0
7:42:53,0
7:42:54,0
7:42:55,0
7:42:56,0
7:42:57,0
7:42:58,0
7:42:59,0
7:43:00,0
7:43:01,0
7:43:02,0
7:43:03,0
7:43:04,0
7:43:05,0
7:43:06,0
7:43:07,0
7:43:08,0
7:43:09,0
7:43:10,0
7:43:11,0
7:43:12,0
7:43:13,0
7:43:14,0
7:43:15,0
7:43:16,0
7:43:17,0
7:43:18,0
7:43:19,0
7:43:20,0
7:43:21,0
7:43:22,0
7:43:23,0
7:43:24,0
7:43:25,0
7:43:26,0
7:43:27,0
7:43:28,0
7:43:29,0
7:43:30,0
7:43:31,0
7:43:32,0
7:43:33,0
7:43:34,0
7:43:35,0
7:43:36,0
7:43:37,0
7:43:38,0
7:43:39,0
7:43:40,0
7:43:41,0
7:43:42,0
7:43:43,0
7:43:44,0
7:43:45,0
7:43:46,0
7:43:47,0
7:43:48,0
7:43:49,0
7:43:50,0
7:43:51,0
7:43:52,0
7:43:53,0
7:43:54,0
7:43:55,0
7:43:56,0
7:43:57,0
7:43:58,0
7:43:59,0
7:44:00,0
7:44:01,0
7:44:02,0
7:44:03,0
7:44:04,0
7:44:05,0
7:44:06,0
7:44:07,0
7:44:08,0
7:44:09,0
7:44:10,0
7:44:11,0
7:44:12,0
7:44:13,0
7:44:14,0
7:44:15,0
7:44:16,0
7:44:17,0
7:44:18,0
7:44:19,0
7:44:20,0
7:44:21,0
7:44:22,0
7:44:23,0
7:44:24,0
7:44:25,0
7:44:26,0
7:44:27,0
7:44:28,0
7:44:29,0
7:44:30,0
7:44:31,0
7:44:32,0
7:44:33,0
7:44:34,0
7:44:35,0
7:44:36,0
7:44:37,0
7:44:38,0
7:44:39,0
7:44:40,0
7:44:41,0
7:44:42,0
7:44:43,0
7:44:44,0
7:44:45,0
7:44:46,0
7:44:47,0
7:44:48,0
7:44:49,0
7:44:50,0
7:44:51,0
7:44:52,0
7:44:53,0
7:44:54,0
7:44:55,0
7:44:56,0
7:44:57,0
7:44:58,0
7:44:59,0
7:45:00,0
7:45:01,0
7:45:02,0
7:45:03,0
7:45:04,0
7:45:05,0
7:45:06,0
7:45:07,0
7:45:08,0
7:45:09,0
7:45:10,0
7:45:11,0
7:45:12,0
7:45:13,0
7:45:14,0
7:45:15,0
7:45:16,0
7:45:17,0
7:45:18,0
7:45:19,0
7:45:20,0
7:45:21,0
7:45:22,0
7:45:23,0
7:45:24,0
7:45:25,0
7:45:26,0
7:45:27,0
7:45:28,0
7:45:29,0
7:45:30,0
7:45:31,0
7:45:32,0
7:45:33,0
7:45:34,0
7:45:35,0
7:45:36,0
7:45:37,0
7:45:38,0
7:45:39,0
7:45:40,0
7:45:41,0
7:45:42,0
7:45:43,0
7:45:44,0
7:45:45,0
7:45:46,0
7:45:47,0
7:45:48,0
7:45:49,0
7:45:50,0
7:45:51,0
7:45:52,0
7:45:53,0
7:45:54,0
7:45:55,0
7:45:56,0
7:45:57,0
7:45:58,0
7:45:59,0
7:46:00,0
7:46:01,0
7:46:02,0
7:46:03,0
7:46:04,0
7:46:05,0
7:46:06,0
7:46:07,0
7:46:08,0
7:46:09,0
7:46:10,0
7:46:11,0
7:46:12,0
7:46:13,0
7:46:14,0
7:46:15,0
7:46:16,0
7:46:17,0
7:46:18,0
7:46:19,0
7:46:20,0
7:46:21,0
7:46:22,0
7:46:23,0
7:46:24,0
7:46:25,0
7:46:26,0
7:46:27,0
7:46:28,0
7:46:29,0
7:46:30,0
7:46:31,0
7:46:32,0
7:46:33,0
7:46:34,0
7:46:35,0
7:46:36,0
7:46:37,0
7:46:38,0
7:46:39,0
7:46:40,0
7:46:41,0
7:46:42,0
7:46:43,0
7:46:44,0
7:46:45,0
7:46:46,0
7:46:47,0
7:46:48,0
7:46:49,0
7:46:50,0
7:46:51,0
7:46:52,0
7:46:53,0
7:46:54,0
7:46:55,0
7:46:56,0
7:46:57,0
7:46:58,0
7:46:59,0
7:47:00,0
7:47:01,0
7:47:02,0
7:47:03,0
7:47:04,0
7:47:05,0
7:47:06,0
7:47:07,0
7:47:08,0
7:47:09,0
7:47:10,0
7:47:11,0
7:47:12,0
7:47:13,0
7:47:14,0
7:47:15,0
7:47:16,0
7:47:17,0
7:47:18,0
7:47:19,0
7:47:20,0
7:47:21,0
7:47:22,0
7:47:23,0
7:47:24,0
7:47:25,0
7:47:26,0
7:47:27,0
7:47:28,0
7:47:29,0
7:47:30,0
7:47:31,0
7:47:32,0
7:47:33,0
7:47:34,0
7:47:35,0
7:47:36,0
7:47:37,0
7:47:38,0
7:47:39,0
7:47:40,0
7:47:41,0
7:47:42,0
7:47:43,0
7:47:44,0
7:47:45,0
7:47:46,0
7:47:47,0
7:47:48,0
7:47:49,0
7:47:50,0
7:47:51,0
7:47:52,0
7:47:53,0
7:47:54,0
7:47:55,0
7:47:56,0
7:47:57,0
7:47:58,0
7:47:59,0
7:48:00,0
7:48:01,0
7:48:02,0
7:48:03,0
7:48:04,0
7:48:05,0
7:48:06,0
7:48:07,0
7:48:08,0
7:48:09,0
7:48:10,0
7:48:11,0
7:48:12,0
7:48:13,0
7:48:14,0
7:48:15,0
7:48:16,0
7:48:17,0
7:48:18,0
7:48:19,0
7:48:20,0
7:48:21,0
7:48:22,0
7:48:23,0
7:48:24,0
7:48:25,0
7:48:26,0
7:48:27,0
7:48:28,0
7:48:29,0
7:48:30,0
7:48:31,0
7:48:32,0
7:48:33,0
7:48:34,0
7:48:35,0
7:48:36,0
7:48:37,0
7:48:38,0
7:48:39,0
7:48:40,0
7:48:41,0
7:48:42,0
7:48:43,0
7:48:44,0
7:48:45,0
7:48:46,0
7:48:47,0
7:48:48,0
7:48:49,0
7:48:50,0
7:48:51,0
7:48:52,0
7:48:53,0
7:48:54,0
7:48:55,0
7:48:56,0
7:48:57,0
7:48:58,0
7:48:59,0
7:49:00,0
7:49:01,0
7:49:02,0
7:49:03,0
7:49:04,0
7:49:05,0
7:49:06,0
7:49:07,0
7:49:08,0
7:49:09,0
7:49:10,0
7:49:11,0
7:49:12,0
7:49:13,0
7:49:14,0
7:49:15,0
7:49:16,0
7:49:17,0
7:49:18,0
7:49:19,0
7:49:20,0
7:49:21,0
7:49:22,0
7:49:23,0
7:49:24,0
7:49:25,0
7:49:26,0
7:49:27,0
7:49:28,0
7:49:29,0
7:49:30,0
7:49:31,0
7:49:32,0
7:49:33,0
7:49:34,0
7:49:35,0
7:49:36,0
7:49:37,0
7:49:38,0
7:49:39,0
7:49:40,0
7:49:41,0
7:49:42,0
7:49:43,0
7:49:44,0
7:49:45,0
7:49:46,0
7:49:47,0
7:49:48,0
7:49:49,0
7:49:50,0
7:49:51,0
7:49:52,0
7:49:53,0
7:49:54,0
7:49:55,0
7:49:56,0
7:49:57,0
7:49:58,0
7:49:59,0
7:50:00,0
7:50:01,0
7:50:02,0
7:50:03,0
7:50:04,0
7:50:05,0
7:50:06,0
7:50:07,0
7:50:08,0
7:50:09,0
7:50:10,0
7:50:11,0
7:50:12,0
7:50:13,0
7:50:14,0
7:50:15,0
7:50:16,0
7:50:17,0
7:50:18,0
7:50:19,0
7:50:20,0
7:50:21,0
7:50:22,0
7:50:23,0
7:50:24,0
7:50:25,0
7:50:26,0
7:50:27,0
7:50:28,0
7:50:29,0
7:50:30,0
7:50:31,0
7:50:32,0
7:50:33,0
7:50:34,0
7:50:35,0
7:50:36,0
7:50:37,0
7:50:38,0
7:50:39,0
7:50:40,0
7:50:41,0
7:50:42,0
7:50:43,0
7:50:44,0
7:50:45,0
7:50:46,0
7:50:47,0
7:50:48,0
7:50:49,0
7:50:50,0
7:50:51,0
7:50:52,0
7:50:53,0
7:50:54,0
7:50:55,0
7:50:56,0
7:50:57,0
7:50:58,0
7:50:59,0
7:51:00,0
7:51:01,0
7:51:02,0
7:51:03,0
7:51:04,0
7:51:05,0
7:51:06,0
7:51:07,0
7:51:08,0
7:51:09,0
7:51:10,0
7:51:11,0
7:51:12,0
7:51:13,0
7:51:14,0
7:51:15,0
7:51:16,0
7:51:17,0
7:51:18,0
7:51:19,0
7:51:20,0
7:51:21,0
7:51:22,0
7:51:23,0
7:51:24,0
7:51:25,0
7:51:26,0
7:51:27,0
7:51:28,0
7:51:29,0
7:51:30,0
7:51:31,0
7:51:32,0
7:51:33,0
7:51:34,0
7:51:35,0
7:51:36,0
7:51:37,0
7:51:38,0
7:51:39,0
7:51:40,0
7:51:41,0
7:51:42,0
7:51:43,0
7:51:44,0
7:51:45,0
7:51:46,0
7:51:47,0
7:51:48,0
7:51:49,0
7:51:50,0
7:51:51,0
7:51:52,0
7:51:53,0
7:51:54,0
7:51:55,0
7:51:56,0
7:51:57,0
7:51:58,0
7:51:59,0
7:52:00,0
7:52:01,0
7:52:02,0
7:52:03,0
7:52:04,0
7:52:05,0
7:52:06,0
7:52:07,0
7:52:08,0
7:52:09,0
7:52:10,0
7:52:11,0
7:52:12,0
7:52:13,0
7:52:14,0
7:52:15,0
7:52:16,0
7:52:17,0
7:52:18,0
7:52:19,0
7:52:20,0
7:52:21,0
7:52:22,0
7:52:23,0
7:52:24,0
7:52:25,0
7:52:26,0
7:52:27,0
7:52:28,0
7:52:29,0
7:52:30,0
7:52:31,0
7:52:32,0
7:52:33,0
7:52:34,0
7:52:35,0
7:52:36,0
7:52:37,0
7:52:38,0
7:52:39,0
7:52:40,0
7:52:41,0
7:52:42,0
7:52:43,0
7:52:44,0
7:52:45,0
7:52:46,0
7:52:47,0
7:52:48,0
7:52:49,0
7:52:50,0
7:52:51,0
7:52:52,0
7:52:53,0
7:52:54,0
7:52:55,0
7:52:56,0
7:52:57,0
7:52:58,0
7:52:59,0
7:53:00,0
7:53:01,0
7:53:02,0
7:53:03,0
7:53:04,0
7:53:05,0
7:53:06,0
7:53:07,0
7:53:08,0
7:53:09,0
7:53:10,0
7:53:11,0
7:53:12,0
7:53:13,0
7:53:14,0
7:53:15,0
7:53:16,0
7:53:17,0
7:53:18,0
7:53:19,0
7:53:20,0
7:53:21,0
7:53:22,0
7:53:23,0
7:53:24,0
7:53:25,0
7:53:26,0
7:53:27,0
7:53:28,0
7:53:29,0
7:53:30,0
7:53:31,0
7:53:32,0
7:53:33,0
7:53:34,0
7:53:35,0
7:53:36,0
7:53:37,0
7:53:38,0
7:53:39,0
7:53:40,0
7:53:41,0
7:53:42,0
7:53:43,0
7:53:44,0
7:53:45,0
7:53:46,0
7:53:47,0
7:53:48,0
7:53:49,0
7:53:50,0
7:53:51,0
7:53:52,0
7:53:53,0
7:53:54,0
7:53:55,0
7:53:56,0
7:53:57,0
7:53:58,0
7:53:59,0
7:54:00,0
7:54:01,0
7:54:02,0
7:54:03,0
7:54:04,0
7:54:05,0
7:54:06,0
7:54:07,0
7:54:08,0
7:54:09,0
7:54:10,0
7:54:11,0
7:54:12,0
7:54:13,0
7:54:14,0
7:54:15,0
7:54:16,0
7:54:17,0
7:54:18,0
7:54:19,0
7:54:20,0
7:54:21,0
7:54:22,0
7:54:23,0
7:54:24,0
7:54:25,0
7:54:26,0
7:54:27,0
7:54:28,0
7:54:29,0
7:54:30,0
7:54:31,0
7:54:32,0
7:54:33,0
7:54:34,0
7:54:35,0
7:54:36,0
7:54:37,0
7:54:38,0
7:54:39,0
7:54:40,0
7:54:41,0
7:54:42,0
7:54:43,0
7:54:44,0
7:54:45,0
7:54:46,0
7:54:47,0
7:54:48,0
7:54:49,0
7:54:50,0
7:54:51,0
7:54:52,0
7:54:53,0
7:54:54,0
7:54:55,0
7:54:56,0
7:54:57,0
7:54:58,0
7:54:59,0
7:55:00,0
7:55:01,0
7:55:02,0
7:55:03,0
7:55:04,0
7:55:05,0
7:55:06,0
7:55:07,0
7:55:08,0
7:55:09,0
7:55:10,0
7:55:11,0
7:55:12,0
7:55:13,0
7:55:14,0
7:55:15,0
7:55:16,0
7:55:17,0
7:55:18,0
7:55:19,0
7:55:20,0
7:55:21,0
7:55:22,0
7:55:23,0
7:55:24,0
7:55:25,0
7:55:26,0
7:55:27,0
7:55:28,0
7:55:29,0
7:55:30,0
7:55:31,0
7:55:32,0
7:55:33,0
7:55:34,0
7:55:35,0
7:55:36,0
7:55:37,0
7:55:38,0
7:55:39,0
7:55:40,0
7:55:41,0
7:55:42,0
7:55:43,0
7:55:44,0
7:55:45,0
7:55:46,0
7:55:47,0
7:55:48,0
7:55:49,0
7:55:50,0
7:55:51,0
7:55:52,0
7:55:53,0
7:55:54,0
7:55:55,0
7:55:56,0
7:55:57,0
7:55:58,0
7:55:59,0
7:56:00,0
7:56:01,0
7:56:02,0
7:56:03,0
7:56:04,0
7:56:05,0
7:56:06,0
7:56:07,0
7:56:08,0
7:56:09,0
7:56:10,0
7:56:11,0
7:56:12,0
7:56:13,0
7:56:14,0
7:56:15,0
7:56:16,0
7:56:17,0
7:56:18,0
7:56:19,0
7:56:20,0
7:56:21,0
7:56:22,0
7:56:23,0
7:56:24,0
7:56:25,0
7:56:26,0
7:56:27,0
7:56:28,0
7:56:29,0
7:56:30,0
7:56:31,0
7:56:32,0
7:56:33,0
7:56:34,0
7:56:35,0
7:56:36,0
7:56:37,0
7:56:38,0
7:56:39,0
7:56:40,0
7:56:41,0
7:56:42,0
7:56:43,0
7:56:44,0
7:56:45,0
7:56:46,0
7:56:47,0
7:56:48,0
7:56:49,0
7:56:50,0
7:56:51,0
7:56:52,0
7:56:53,0
7:56:54,0
7:56:55,0
7:56:56,0
7:56:57,0
7:56:58,0
7:56:59,0
7:57:00,0
7:57:01,0
7:57:02,0
7:57:03,0
7:57:04,0
7:57:05,0
7:57:06,0
7:57:07,0
7:57:08,0
7:57:09,0
7:57:10,0
7:57:11,0
7:57:12,0
7:57:13,0
7:57:14,0
7:57:15,0
7:57:16,0
7:57:17,0
7:57:18,0
7:57:19,0
7:57:20,0
7:57:21,0
7:57:22,0
7:57:23,0
7:57:24,0
7:57:25,0
7:57:26,0
7:57:27,0
7:57:28,0
7:57:29,0
7:57:30,0
7:57:31,0
7:57:32,0
7:57:33,0
7:57:34,0
7:57:35,0
7:57:36,0
7:57:37,0
7:57:38,0
7:57:39,0
7:57:40,0
7:57:41,0
7:57:42,0
7:57:43,0
7:57:44,0
7:57:45,0
7:57:46,0
7:57:47,0
7:57:48,0
7:57:49,0
7:57:50,0
7:57:51,0
7:57:52,0
7:57:53,0
7:57:54,0
7:57:55,0
7:57:56,0
7:57:57,0
7:57:58,0
7:57:59,0
7:58:00,0
7:58:01,0
7:58:02,0
7:58:03,0
7:58:04,0
7:58:05,0
7:58:06,0
7:58:07,0
7:58:08,0
7:58:09,0
7:58:10,0
7:58:11,0
7:58:12,0
7:58:13,0
7:58:14,0
7:58:15,0
7:58:16,0
7:58:17,0
7:58:18,0
7:58:19,0
7:58:20,0
7:58:21,0
7:58:22,0
7:58:23,0
7:58:24,0
7:58:25,0
7:58:26,0
7:58:27,0
7:58:28,0
7:58:29,0
7:58:30,0
7:58:31,0
7:58:32,0
7:58:33,0
7:58:34,0
7:58:35,0
7:58:36,0
7:58:37,0
7:58:38,0
7:58:39,0
7:58:40,0
7:58:41,0
7:58:42,0
7:58:43,0
7:58:44,0
7:58:45,0
7:58:46,0
7:58:47,0
7:58:48,0
7:58:49,0
7:58:50,0
7:58:51,0
7:58:52,0
7:58:53,0
7:58:54,0
7:58:55,0
7:58:56,0
7:58:57,0
7:58:58,0
7:58:59,0
7:59:00,0
7:59:01,0
7:59:02,0
7:59:03,0
7:59:04,0
7:59:05,0
7:59:06,0
7:59:07,0
7:59:08,0
7:59:09,0
7:59:10,0
7:59:11,0
7:59:12,0
7:59:13,0
7:59:14,0
7:59:15,0
7:59:16,0
7:59:17,0
7:59:18,0
7:59:19,0
7:59:20,0
7:59:21,0
7:59:22,0
7:59:23,0
7:59:24,0
7:59:25,0
7:59:26,0
7:59:27,0
7:59:28,0
7:59:29,0
7:59:30,0
7:59:31,0
7:59:32,0
7:59:33,0
7:59:34,0
7:59:35,0
7:59:36,0
7:59:37,0
7:59:38,0
7:59:39,0
7:59:40,0
7:59:41,0
7:59:42,0
7:59:43,0
7:59:44,0
7:59:45,0
7:59:46,0
7:59:47,0
7:59:48,0
7:59:49,0
7:59:50,0
7:59:51,0
7:59:52,0
7:59:53,0
7:59:54,0
7:59:55,0
7:59:56,0
7:59:57,0
7:59:58,0
7:59:59,0
8:00:00,0
8:00:01,0
8:00:02,0
8:00:03,0
8:00:04,0
8:00:05,0
8:00:06,0
8:00:07,0
8:00:08,0
8:00:09,0
8:00:10,0
8:00:11,0
8:00:12,0
8:00:13,0
8:00:14,0
8:00:15,0
8:00:16,0
8:00:17,0
8:00:18,0
8:00:19,0
8:00:20,0
8:00:21,0
8:00:22,0
8:00:23,0
8:00:24,0
8:00:25,0
8:00:26,0
8:00:27,0
8:00:28,0
8:00:29,0
8:00:30,0
8:00:31,0
8:00:32,0
8:00:33,0
8:00:34,0
8:00:35,0
8:00:36,0
8:00:37,0
8:00:38,0
8:00:39,0
8:00:40,0
8:00:41,0
8:00:42,0
8:00:43,0
8:00:44,0
8:00:45,0
8:00:46,0
8:00:47,0
8:00:48,0
8:00:49,0
8:00:50,0
8:00:51,0
8:00:52,0
8:00:53,0
8:00:54,0
8:00:55,0
8:00:56,0
8:00:57,0
8:00:58,0
8:00:59,0
8:01:00,0
8:01:01,0
8:01:02,0
8:01:03,0
8:01:04,0
8:01:05,0
8:01:06,0
8:01:07,0
8:01:08,0
8:01:09,0
8:01:10,0
8:01:11,0
8:01:12,0
8:01:13,0
8:01:14,0
8:01:15,0
8:01:16,0
8:01:17,0
8:01:18,0
8:01:19,0
8:01:20,0
8:01:21,0
8:01:22,0
8:01:23,0
8:01:24,0
8:01:25,0
8:01:26,0
8:01:27,0
8:01:28,0
8:01:29,0
8:01:30,0
8:01:31,0
8:01:32,0
8:01:33,0
8:01:34,0
8:01:35,0
8:01:36,0
8:01:37,0
8:01:38,0
8:01:39,0
8:01:40,0
8:01:41,0
8:01:42,0
8:01:43,0
8:01:44,0
8:01:45,0
8:01:46,0
8:01:47,0
8:01:48,0
8:01:49,0
8:01:50,0
8:01:51,0
8:01:52,0
8:01:53,0
8:01:54,0
8:01:55,0
8:01:56,0
8:01:57,0
8:01:58,0
8:01:59,0
8:02:00,0
8:02:01,0
8:02:02,0
8:02:03,0
8:02:04,0
8:02:05,0
8:02:06,0
8:02:07,0
8:02:08,0
8:02:09,0
8:02:10,0
8:02:11,0
8:02:12,0
8:02:13,0
8:02:14,0
8:02:15,0
8:02:16,0
8:02:17,0
8:02:18,0
8:02:19,0
8:02:20,0
8:02:21,0
8:02:22,0
8:02:23,0
8:02:24,0
8:02:25,0
8:02:26,0
8:02:27,0
8:02:28,0
8:02:29,0
8:02:30,0
8:02:31,0
8:02:32,0
8:02:33,0
8:02:34,0
8:02:35,0
8:02:36,0
8:02:37,0
8:02:38,0
8:02:39,0
8:02:40,0
8:02:41,0
8:02:42,0
8:02:43,0
8:02:44,0
8:02:45,0
8:02:46,0
8:02:47,0
8:02:48,0
8:02:49,0
8:02:50,0
8:02:51,0
8:02:52,0
8:02:53,0
8:02:54,0
8:02:55,0
8:02:56,0
8:02:57,0
8:02:58,0
8:02:59,0
8:03:00,0
8:03:01,0
8:03:02,0
8:03:03,0
8:03:04,0
8:03:05,0
8:03:06,0
8:03:07,0
8:03:08,0
8:03:09,0
8:03:10,0
8:03:11,0
8:03:12,0
8:03:13,0
8:03:14,0
8:03:15,0
8:03:16,0
8:03:17,0
8:03:18,0
8:03:19,0
8:03:20,0
8:03:21,0
8:03:22,0
8:03:23,0
8:03:24,0
8:03:25,0
8:03:26,0
8:03:27,0
8:03:28,0
8:03:29,0
8:03:30,0
8:03:31,0
8:03:32,0
8:03:33,0
8:03:34,0
8:03:35,0
8:03:36,0
8:03:37,0
8:03:38,0
8:03:39,0
8:03:40,0
8:03:41,0
8:03:42,0
8:03:43,0
8:03:44,0
8:03:45,0
8:03:46,0
8:03:47,0
8:03:48,0
8:03:49,0
8:03:50,0
8:03:51,0
8:03:52,0
8:03:53,0
8:03:54,0
8:03:55,0
8:03:56,0
8:03:57,0
8:03:58,0
8:03:59,0
8:04:00,0
8:04:01,0
8:04:02,0
8:04:03,0
8:04:04,0
8:04:05,0
8:04:06,0
8:04:07,0
8:04:08,0
8:04:09,0
8:04:10,0
8:04:11,0
8:04:12,0
8:04:13,0
8:04:14,0
8:04:15,0
8:04:16,0
8:04:17,0
8:04:18,0
8:04:19,0
8:04:20,0
8:04:21,0
8:04:22,0
8:04:23,0
8:04:24,0
8:04:25,0
8:04:26,0
8:04:27,0
8:04:28,0
8:04:29,0
8:04:30,0
8:04:31,0
8:04:32,0
8:04:33,0
8:04:34,0
8:04:35,0
8:04:36,0
8:04:37,0
8:04:38,0
8:04:39,0
8:04:40,0
8:04:41,0
8:04:42,0
8:04:43,0
8:04:44,0
8:04:45,0
8:04:46,0
8:04:47,0
8:04:48,0
8:04:49,0
8:04:50,0
8:04:51,0
8:04:52,0
8:04:53,0
8:04:54,0
8:04:55,0
8:04:56,0
8:04:57,0
8:04:58,0
8:04:59,0
8:05:00,0
8:05:01,0
8:05:02,0
8:05:03,0
8:05:04,0
8:05:05,0
8:05:06,0
8:05:07,0
8:05:08,0
8:05:09,0
8:05:10,0
8:05:11,0
8:05:12,0
8:05:13,0
8:05:14,0
8:05:15,0
8:05:16,0
8:05:17,0
8:05:18,0
8:05:19,0
8:05:20,0
8:05:21,0
8:05:22,0
8:05:23,0
8:05:24,0
8:05:25,0
8:05:26,0
8:05:27,0
8:05:28,0
8:05:29,0
8:05:30,0
8:05:31,0
8:05:32,0
8:05:33,0
8:05:34,0
8:05:35,0
8:05:36,0
8:05:37,0
8:05:38,0
8:05:39,0
8:05:40,0
8:05:41,0
8:05:42,0
8:05:43,0
8:05:44,0
8:05:45,0
8:05:46,0
8:05:47,0
8:05:48,0
8:05:49,0
8:05:50,0
8:05:51,0
8:05:52,0
8:05:53,0
8:05:54,0
8:05:55,0
8:05:56,0
8:05:57,0
8:05:58,0
8:05:59,0
8:06:00,0
8:06:01,0
8:06:02,0
8:06:03,0
8:06:04,0
8:06:05,0
8:06:06,0
8:06:07,0
8:06:08,0
8:06:09,0
8:06:10,0
8:06:11,0
8:06:12,0
8:06:13,0
8:06:14,0
8:06:15,0
8:06:16,0
8:06:17,0
8:06:18,0
8:06:19,0
8:06:20,0
8:06:21,0
8:06:22,0
8:06:23,0
8:06:24,0
8:06:25,0
8:06:26,0
8:06:27,0
8:06:28,0
8:06:29,0
8:06:30,0
8:06:31,0
8:06:32,0
8:06:33,0
8:06:34,0
8:06:35,0
8:06:36,0
8:06:37,0
8:06:38,0
8:06:39,0
8:06:40,0
8:06:41,0
8:06:42,0
8:06:43,0
8:06:44,0
8:06:45,0
8:06:46,0
8:06:47,0
8:06:48,0
8:06:49,0
8:06:50,0
8:06:51,0
8:06:52,0
8:06:53,0
8:06:54,0
8:06:55,0
8:06:56,0
8:06:57,0
8:06:58,0
8:06:59,0
8:07:00,0
8:07:01,0
8:07:02,0
8:07:03,0
8:07:04,0
8:07:05,0
8:07:06,0
8:07:07,0
8:07:08,0
8:07:09,0
8:07:10,0
8:07:11,0
8:07:12,0
8:07:13,0
8:07:14,0
8:07:15,0
8:07:16,0
8:07:17,0
8:07:18,0
8:07:19,0
8:07:20,0
8:07:21,0
8:07:22,0
8:07:23,0
8:07:24,0
8:07:25,0
8:07:26,0
8:07:27,0
8:07:28,0
8:07:29,0
8:07:30,0
8:07:31,0
8:07:32,0
8:07:33,0
8:07:34,0
8:07:35,0
8:07:36,0
8:07:37,0
8:07:38,0
8:07:39,0
8:07:40,0
8:07:41,0
8:07:42,0
8:07:43,0
8:07:44,0
8:07:45,0
8:07:46,0
8:07:47,0
8:07:48,0
8:07:49,0
8:07:50,0
8:07:51,0
8:07:52,0
8:07:53,0
8:07:54,0
8:07:55,0
8:07:56,0
8:07:57,0
8:07:58,0
8:07:59,0
8:08:00,0
8:08:01,0
8:08:02,0
8:08:03,0
8:08:04,0
8:08:05,0
8:08:06,0
8:08:07,0
8:08:08,0
8:08:09,0
8:08:10,0
8:08:11,0
8:08:12,0
8:08:13,0
8:08:14,0
8:08:15,0
8:08:16,0
8:08:17,0
8:08:18,0
8:08:19,0
8:08:20,0
8:08:21,0
8:08:22,0
8:08:23,0
8:08:24,0
8:08:25,0
8:08:26,0
8:08:27,0
8:08:28,0
8:08:29,0
8:08:30,0
8:08:31,0
8:08:32,0
8:08:33,0
8:08:34,0
8:08:35,0
8:08:36,0
8:08:37,0
8:08:38,0
8:08:39,0
8:08:40,0
8:08:41,0
8:08:42,0
8:08:43,0
8:08:44,0
8:08:45,0
8:08:46,0
8:08:47,0
8:08:48,0
8:08:49,0
8:08:50,0
8:08:51,0
8:08:52,0
8:08:53,0
8:08:54,0
8:08:55,0
8:08:56,0
8:08:57,0
8:08:58,0
8:08:59,0
8:09:00,0
8:09:01,0
8:09:02,0
8:09:03,0
8:09:04,0
8:09:05,0
8:09:06,0
8:09:07,0
8:09:08,0
8:09:09,0
8:09:10,0
8:09:11,0
8:09:12,0
8:09:13,0
8:09:14,0
8:09:15,0
8:09:16,0
8:09:17,0
8:09:18,0
8:09:19,0
8:09:20,0
8:09:21,0
8:09:22,0
8:09:23,0
8:09:24,0
8:09:25,0
8:09:26,0
8:09:27,0
8:09:28,0
8:09:29,0
8:09:30,0
8:09:31,0
8:09:32,0
8:09:33,0
8:09:34,0
8:09:35,0
8:09:36,0
8:09:37,0
8:09:38,0
8:09:39,0
8:09:40,0
8:09:41,0
8:09:42,0
8:09:43,0
8:09:44,0
8:09:45,0
8:09:46,0
8:09:47,0
8:09:48,0
8:09:49,0
8:09:50,0
8:09:51,0
8:09:52,0
8:09:53,0
8:09:54,0
8:09:55,0
8:09:56,0
8:09:57,0
8:09:58,0
8:09:59,0
8:10:00,0
8:10:01,0
8:10:02,0
8:10:03,0
8:10:04,0
8:10:05,0
8:10:06,0
8:10:07,0
8:10:08,0
8:10:09,0
8:10:10,0
8:10:11,0
8:10:12,0
8:10:13,0
8:10:14,0
8:10:15,0
8:10:16,0
8:10:17,0
8:10:18,0
8:10:19,0
8:10:20,0
8:10:21,0
8:10:22,0
8:10:23,0
8:10:24,0
8:10:25,0
8:10:26,0
8:10:27,0
8:10:28,0
8:10:29,0
8:10:30,0
8:10:31,0
8:10:32,0
8:10:33,0
8:10:34,0
8:10:35,0
8:10:36,0
8:10:37,0
8:10:38,0
8:10:39,0
8:10:40,0
8:10:41,0
8:10:42,0
8:10:43,0
8:10:44,0
8:10:45,0
8:10:46,0
8:10:47,0
8:10:48,0
8:10:49,0
8:10:50,0
8:10:51,0
8:10:52,0
8:10:53,0
8:10:54,0
8:10:55,0
8:10:56,0
8:10:57,0
8:10:58,0
8:10:59,0
8:11:00,0
8:11:01,0
8:11:02,0
8:11:03,0
8:11:04,0
8:11:05,0
8:11:06,0
8:11:07,0
8:11:08,0
8:11:09,0
8:11:10,0
8:11:11,0
8:11:12,0
8:11:13,0
8:11:14,0
8:11:15,0
8:11:16,0
8:11:17,0
8:11:18,0
8:11:19,0
8:11:20,0
8:11:21,0
8:11:22,0
8:11:23,0
8:11:24,0
8:11:25,0
8:11:26,0
8:11:27,0
8:11:28,0
8:11:29,0
8:11:30,0
8:11:31,0
8:11:32,0
8:11:33,0
8:11:34,0
8:11:35,0
8:11:36,0
8:11:37,0
8:11:38,0
8:11:39,0
8:11:40,0
8:11:41,0
8:11:42,0
8:11:43,0
8:11:44,0
8:11:45,0
8:11:46,0
8:11:47,0
8:11:48,0
8:11:49,0
8:11:50,0
8:11:51,0
8:11:52,0
8:11:53,0
8:11:54,0
8:11:55,0
8:11:56,0
8:11:57,0
8:11:58,0
8:11:59,0
8:12:00,0
8:12:01,0
8:12:02,0
8:12:03,0
8:12:04,0
8:12:05,0
8:12:06,0
8:12:07,0
8:12:08,0
8:12:09,0
8:12:10,0
8:12:11,0
8:12:12,0
8:12:13,0
8:12:14,0
8:12:15,0
8:12:16,0
8:12:17,0
8:12:18,0
8:12:19,0
8:12:20,0
8:12:21,0
8:12:22,0
8:12:23,0
8:12:24,0
8:12:25,0
8:12:26,0
8:12:27,0
8:12:28,0
8:12:29,0
8:12:30,0
8:12:31,0
8:12:32,0
8:12:33,0
8:12:34,0
8:12:35,0
8:12:36,0
8:12:37,0
8:12:38,0
8:12:39,0
8:12:40,0
8:12:41,0
8:12:42,0
8:12:43,0
8:12:44,0
8:12:45,0
8:12:46,0
8:12:47,0
8:12:48,0
8:12:49,0
8:12:50,0
8:12:51,0
8:12:52,0
8:12:53,0
8:12:54,0
8:12:55,0
8:12:56,0
8:12:57,0
8:12:58,0
8:12:59,0
8:13:00,0
8:13:01,0
8:13:02,0
8:13:03,0
8:13:04,0
8:13:05,0
8:13:06,0
8:13:07,0
8:13:08,0
8:13:09,0
8:13:10,0
8:13:11,0
8:13:12,0
8:13:13,0
8:13:14,0
8:13:15,0
8:13:16,0
8:13:17,0
8:13:18,0
8:13:19,0
8:13:20,0
8:13:21,0
8:13:22,0
8:13:23,0
8:13:24,0
8:13:25,0
8:13:26,0
8:13:27,0
8:13:28,0
8:13:29,0
8:13:30,0
8:13:31,0
8:13:32,0
8:13:33,0
8:13:34,0
8:13:35,0
8:13:36,0
8:13:37,0
8:13:38,0
8:13:39,0
8:13:40,0
8:13:41,0
8:13:42,0
8:13:43,0
8:13:44,0
8:13:45,0
8:13:46,0
8:13:47,0
8:13:48,0
8:13:49,0
8:13:50,0
8:13:51,0
8:13:52,0
8:13:53,0
8:13:54,0
8:13:55,0
8:13:56,0
8:13:57,0
8:13:58,0
8:13:59,0
8:14:00,0
8:14:01,0
8:14:02,0
8:14:03,0
8:14:04,0
8:14:05,0
8:14:06,0
8:14:07,0
8:14:08,0
8:14:09,0
8:14:10,0
8:14:11,0
8:14:12,0
8:14:13,0
8:14:14,0
8:14:15,0
8:14:16,0
8:14:17,0
8:14:18,0
8:14:19,0
8:14:20,0
8:14:21,0
8:14:22,0
8:14:23,0
8:14:24,0
8:14:25,0
8:14:26,0
8:14:27,0
8:14:28,0
8:14:29,0
8:14:30,0
8:14:31,0
8:14:32,0
8:14:33,0
8:14:34,0
8:14:35,0
8:14:36,0
8:14:37,0
8:14:38,0
8:14:39,0
8:14:40,0
8:14:41,0
8:14:42,0
8:14:43,0
8:14:44,0
8:14:45,0
8:14:46,0
8:14:47,0
8:14:48,0
8:14:49,0
8:14:50,0
8:14:51,0
8:14:52,0
8:14:53,0
8:14:54,0
8:14:55,0
8:14:56,0
8:14:57,0
8:14:58,0
8:14:59,0
8:15:00,0
8:15:01,0
8:15:02,0
8:15:03,0
8:15:04,0
8:15:05,0
8:15:06,0
8:15:07,0
8:15:08,0
8:15:09,0
8:15:10,0
8:15:11,0
8:15:12,0
8:15:13,0
8:15:14,0
8:15:15,0
8:15:16,0
8:15:17,0
8:15:18,0
8:15:19,0
8:15:20,0
8:15:21,0
8:15:22,0
8:15:23,0
8:15:24,0
8:15:25,0
8:15:26,0
8:15:27,0
8:15:28,0
8:15:29,0
8:15:30,0
8:15:31,0
8:15:32,0
8:15:33,0
8:15:34,0
8:15:35,0
8:15:36,0
8:15:37,0
8:15:38,0
8:15:39,0
8:15:40,0
8:15:41,0
8:15:42,0
8:15:43,0
8:15:44,0
8:15:45,0
8:15:46,0
8:15:47,0
8:15:48,0
8:15:49,0
8:15:50,0
8:15:51,0
8:15:52,0
8:15:53,0
8:15:54,0
8:15:55,0
8:15:56,0
8:15:57,0
8:15:58,0
8:15:59,0
8:16:00,0
8:16:01,0
8:16:02,0
8:16:03,0
8:16:04,0
8:16:05,0
8:16:06,0
8:16:07,0
8:16:08,0
8:16:09,0
8:16:10,0
8:16:11,0
8:16:12,0
8:16:13,0
8:16:14,0
8:16:15,0
8:16:16,0
8:16:17,0
8:16:18,0
8:16:19,0
8:16:20,0
8:16:21,0
8:16:22,0
8:16:23,0
8:16:24,0
8:16:25,0
8:16:26,0
8:16:27,0
8:16:28,0
8:16:29,0
8:16:30,0
8:16:31,0
8:16:32,0
8:16:33,0
8:16:34,0
8:16:35,0
8:16:36,0
8:16:37,0
8:16:38,0
8:16:39,0
8:16:40,0
8:16:41,0
8:16:42,0
8:16:43,0
8:16:44,0
8:16:45,0
8:16:46,0
8:16:47,0
8:16:48,0
8:16:49,0
8:16:50,0
8:16:51,0
8:16:52,0
8:16:53,0
8:16:54,0
8:16:55,0
8:16:56,0
8:16:57,0
8:16:58,0
8:16:59,0
8:17:00,0
8:17:01,0
8:17:02,0
8:17:03,0
8:17:04,0
8:17:05,0
8:17:06,0
8:17:07,0
8:17:08,0
8:17:09,0
8:17:10,0
8:17:11,0
8:17:12,0
8:17:13,0
8:17:14,0
8:17:15,0
8:17:16,0
8:17:17,0
8:17:18,0
8:17:19,0
8:17:20,0
8:17:21,0
8:17:22,0
8:17:23,0
8:17:24,0
8:17:25,0
8:17:26,0
8:17:27,0
8:17:28,0
8:17:29,0
8:17:30,0
8:17:31,0
8:17:32,0
8:17:33,0
8:17:34,0
8:17:35,0
8:17:36,0
8:17:37,0
8:17:38,0
8:17:39,0
8:17:40,0
8:17:41,0
8:17:42,0
8:17:43,0
8:17:44,0
8:17:45,0
8:17:46,0
8:17:47,0
8:17:48,0
8:17:49,0
8:17:50,0
8:17:51,0
8:17:52,0
8:17:53,0
8:17:54,0
8:17:55,0
8:17:56,0
8:17:57,0
8:17:58,0
8:17:59,0
8:18:00,0
8:18:01,0
8:18:02,0
8:18:03,0
8:18:04,0
8:18:05,0
8:18:06,0
8:18:07,0
8:18:08,0
8:18:09,0
8:18:10,0
8:18:11,0
8:18:12,0
8:18:13,0
8:18:14,0
8:18:15,0
8:18:16,0
8:18:17,0
8:18:18,0
8:18:19,0
8:18:20,0
8:18:21,0
8:18:22,0
8:18:23,0
8:18:24,0
8:18:25,0
8:18:26,0
8:18:27,0
8:18:28,0
8:18:29,0
8:18:30,0
8:18:31,0
8:18:32,0
8:18:33,0
8:18:34,0
8:18:35,0
8:18:36,0
8:18:37,0
8:18:38,0
8:18:39,0
8:18:40,0
8:18:41,0
8:18:42,0
8:18:43,0
8:18:44,0
8:18:45,0
8:18:46,0
8:18:47,0
8:18:48,0
8:18:49,0
8:18:50,0
8:18:51,0
8:18:52,0
8:18:53,0
8:18:54,0
8:18:55,0
8:18:56,0
8:18:57,0
8:18:58,0
8:18:59,0
8:19:00,0
8:19:01,0
8:19:02,0
8:19:03,0
8:19:04,0
8:19:05,0
8:19:06,0
8:19:07,0
8:19:08,0
8:19:09,0
8:19:10,0
8:19:11,0
8:19:12,0
8:19:13,0
8:19:14,0
8:19:15,0
8:19:16,0
8:19:17,0
8:19:18,0
8:19:19,0
8:19:20,0
8:19:21,0
8:19:22,0
8:19:23,0
8:19:24,0
8:19:25,0
8:19:26,0
8:19:27,0
8:19:28,0
8:19:29,0
8:19:30,0
8:19:31,0
8:19:32,0
8:19:33,0
8:19:34,0
8:19:35,0
8:19:36,0
8:19:37,0
8:19:38,0
8:19:39,0
8:19:40,0
8:19:41,0
8:19:42,0
8:19:43,0
8:19:44,0
8:19:45,0
8:19:46,0
8:19:47,0
8:19:48,0
8:19:49,0
8:19:50,0
8:19:51,0
8:19:52,0
8:19:53,0
8:19:54,0
8:19:55,0
8:19:56,0
8:19:57,0
8:19:58,0
8:19:59,0
8:20:00,0
8:20:01,0
8:20:02,0
8:20:03,0
8:20:04,0
8:20:05,0
8:20:06,0
8:20:07,0
8:20:08,0
8:20:09,0
8:20:10,0
8:20:11,0
8:20:12,0
8:20:13,0
8:20:14,0
8:20:15,0
8:20:16,0
8:20:17,0
8:20:18,0
8:20:19,0
8:20:20,0
8:20:21,0
8:20:22,0
8:20:23,0
8:20:24,0
8:20:25,0
8:20:26,0
8:20:27,0
8:20:28,0
8:20:29,0
8:20:30,0
8:20:31,0
8:20:32,0
8:20:33,0
8:20:34,0
8:20:35,0
8:20:36,0
8:20:37,0
8:20:38,0
8:20:39,0
8:20:40,0
8:20:41,0
8:20:42,0
8:20:43,0
8:20:44,0
8:20:45,0
8:20:46,0
8:20:47,0
8:20:48,0
8:20:49,0
8:20:50,0
8:20:51,0
8:20:52,0
8:20:53,0
8:20:54,0
8:20:55,0
8:20:56,0
8:20:57,0
8:20:58,0
8:20:59,0
8:21:00,0
8:21:01,0
8:21:02,0
8:21:03,0
8:21:04,0
8:21:05,0
8:21:06,0
8:21:07,0
8:21:08,0
8:21:09,0
8:21:10,0
8:21:11,0
8:21:12,0
8:21:13,0
8:21:14,0
8:21:15,0
8:21:16,0
8:21:17,0
8:21:18,0
8:21:19,0
8:21:20,0
8:21:21,0
8:21:22,0
8:21:23,0
8:21:24,0
8:21:25,0
8:21:26,0
8:21:27,0
8:21:28,0
8:21:29,0
8:21:30,0
8:21:31,0
8:21:32,0
8:21:33,0
8:21:34,0
8:21:35,0
8:21:36,0
8:21:37,0
8:21:38,0
8:21:39,0
8:21:40,0
8:21:41,0
8:21:42,0
8:21:43,0
8:21:44,0
8:21:45,0
8:21:46,0
8:21:47,0
8:21:48,0
8:21:49,0
8:21:50,0
8:21:51,0
8:21:52,0
8:21:53,0
8:21:54,0
8:21:55,0
8:21:56,0
8:21:57,0
8:21:58,0
8:21:59,0
8:22:00,0
8:22:01,0
8:22:02,0
8:22:03,0
8:22:04,0
8:22:05,0
8:22:06,0
8:22:07,0
8:22:08,0
8:22:09,0
8:22:10,0
8:22:11,0
8:22:12,0
8:22:13,0
8:22:14,0
8:22:15,0
8:22:16,0
8:22:17,0
8:22:18,0
8:22:19,0
8:22:20,0
8:22:21,0
8:22:22,0
8:22:23,0
8:22:24,0
8:22:25,0
8:22:26,0
8:22:27,0
8:22:28,0
8:22:29,0
8:22:30,0
8:22:31,0
8:22:32,0
8:22:33,0
8:22:34,0
8:22:35,0
8:22:36,0
8:22:37,0
8:22:38,0
8:22:39,0
8:22:40,0
8:22:41,0
8:22:42,0
8:22:43,0
8:22:44,0
8:22:45,0
8:22:46,0
8:22:47,0
8:22:48,0
8:22:49,0
8:22:50,0
8:22:51,0
8:22:52,0
8:22:53,0
8:22:54,0
8:22:55,0
8:22:56,0
8:22:57,0
8:22:58,0
8:22:59,0
8:23:00,0
8:23:01,0
8:23:02,0
8:23:03,0
8:23:04,0
8:23:05,0
8:23:06,0
8:23:07,0
8:23:08,0
8:23:09,0
8:23:10,0
8:23:11,0
8:23:12,0
8:23:13,0
8:23:14,0
8:23:15,0
8:23:16,0
8:23:17,0
8:23:18,0
8:23:19,0
8:23:20,0
8:23:21,0
8:23:22,0
8:23:23,0
8:23:24,0
8:23:25,0
8:23:26,0
8:23:27,0
8:23:28,0
8:23:29,0
8:23:30,0
8:23:31,0
8:23:32,0
8:23:33,0
8:23:34,0
8:23:35,0
8:23:36,0
8:23:37,0
8:23:38,0
8:23:39,0
8:23:40,0
8:23:41,0
8:23:42,0
8:23:43,0
8:23:44,0
8:23:45,0
8:23:46,0
8:23:47,0
8:23:48,0
8:23:49,0
8:23:50,0
8:23:51,0
8:23:52,0
8:23:53,0
8:23:54,0
8:23:55,0
8:23:56,0
8:23:57,0
8:23:58,0
8:23:59,0
8:24:00,0
8:24:01,0
8:24:02,0
8:24:03,0
8:24:04,0
8:24:05,0
8:24:06,0
8:24:07,0
8:24:08,0
8:24:09,0
8:24:10,0
8:24:11,0
8:24:12,0
8:24:13,0
8:24:14,0
8:24:15,0
8:24:16,0
8:24:17,0
8:24:18,0
8:24:19,0
8:24:20,0
8:24:21,0
8:24:22,0
8:24:23,0
8:24:24,0
8:24:25,0
8:24:26,0
8:24:27,0
8:24:28,0
8:24:29,0
8:24:30,0
8:24:31,0
8:24:32,0
8:24:33,0
8:24:34,0
8:24:35,0
8:24:36,0
8:24:37,0
8:24:38,0
8:24:39,0
8:24:40,0
8:24:41,0
8:24:42,0
8:24:43,0
8:24:44,0
8:24:45,0
8:24:46,0
8:24:47,0
8:24:48,0
8:24:49,0
8:24:50,0
8:24:51,0
8:24:52,0
8:24:53,0
8:24:54,0
8:24:55,0
8:24:56,0
8:24:57,0
8:24:58,0
8:24:59,0
8:25:00,0
8:25:01,0
8:25:02,0
8:25:03,0
8:25:04,0
8:25:05,0
8:25:06,0
8:25:07,0
8:25:08,0
8:25:09,0
8:25:10,0
8:25:11,0
8:25:12,0
8:25:13,0
8:25:14,0
8:25:15,0
8:25:16,0
8:25:17,0
8:25:18,0
8:25:19,0
8:25:20,0
8:25:21,0
8:25:22,0
8:25:23,0
8:25:24,0
8:25:25,0
8:25:26,0
8:25:27,0
8:25:28,0
8:25:29,0
8:25:30,0
8:25:31,0
8:25:32,0
8:25:33,0
8:25:34,0
8:25:35,0
8:25:36,0
8:25:37,0
8:25:38,0
8:25:39,0
8:25:40,0
8:25:41,0
8:25:42,0
8:25:43,0
8:25:44,0
8:25:45,0
8:25:46,0
8:25:47,0
8:25:48,0
8:25:49,0
8:25:50,0
8:25:51,0
8:25:52,0
8:25:53,0
8:25:54,0
8:25:55,0
8:25:56,0
8:25:57,0
8:25:58,0
8:25:59,0
8:26:00,0
8:26:01,0
8:26:02,0
8:26:03,0
8:26:04,0
8:26:05,0
8:26:06,0
8:26:07,0
8:26:08,0
8:26:09,0
8:26:10,0
8:26:11,0
8:26:12,0
8:26:13,0
8:26:14,0
8:26:15,0
8:26:16,0
8:26:17,0
8:26:18,0
8:26:19,0
8:26:20,0
8:26:21,0
8:26:22,0
8:26:23,0
8:26:24,0
8:26:25,0
8:26:26,0
8:26:27,0
8:26:28,0
8:26:29,0
8:26:30,0
8:26:31,0
8:26:32,0
8:26:33,0
8:26:34,0
8:26:35,0
8:26:36,0
8:26:37,0
8:26:38,0
8:26:39,0
8:26:40,0
8:26:41,0
8:26:42,0
8:26:43,0
8:26:44,0
8:26:45,0
8:26:46,0
8:26:47,0
8:26:48,0
8:26:49,0
8:26:50,0
8:26:51,0
8:26:52,0
8:26:53,0
8:26:54,0
8:26:55,0
8:26:56,0
8:26:57,0
8:26:58,0
8:26:59,0
8:27:00,0
8:27:01,0
8:27:02,0
8:27:03,0
8:27:04,0
8:27:05,0
8:27:06,0
8:27:07,0
8:27:08,0
8:27:09,0
8:27:10,0
8:27:11,0
8:27:12,0
8:27:13,0
8:27:14,0
8:27:15,0
8:27:16,0
8:27:17,0
8:27:18,0
8:27:19,0
8:27:20,0
8:27:21,0
8:27:22,0
8:27:23,0
8:27:24,0
8:27:25,0
8:27:26,0
8:27:27,0
8:27:28,0
8:27:29,0
8:27:30,0
8:27:31,0
8:27:32,0
8:27:33,0
8:27:34,0
8:27:35,0
8:27:36,0
8:27:37,0
8:27:38,0
8:27:39,0
8:27:40,0
8:27:41,0
8:27:42,0
8:27:43,0
8:27:44,0
8:27:45,0
8:27:46,0
8:27:47,0
8:27:48,0
8:27:49,0
8:27:50,0
8:27:51,0
8:27:52,0
8:27:53,0
8:27:54,0
8:27:55,0
8:27:56,0
8:27:57,0
8:27:58,0
8:27:59,0
8:28:00,0
8:28:01,0
8:28:02,0
8:28:03,0
8:28:04,0
8:28:05,0
8:28:06,0
8:28:07,0
8:28:08,0
8:28:09,0
8:28:10,0
8:28:11,0
8:28:12,0
8:28:13,0
8:28:14,0
8:28:15,0
8:28:16,0
8:28:17,0
8:28:18,0
8:28:19,0
8:28:20,0
8:28:21,0
8:28:22,0
8:28:23,0
8:28:24,0
8:28:25,0
8:28:26,0
8:28:27,0
8:28:28,0
8:28:29,0
8:28:30,0
8:28:31,0
8:28:32,0
8:28:33,0
8:28:34,0
8:28:35,0
8:28:36,0
8:28:37,0
8:28:38,0
8:28:39,0
8:28:40,0
8:28:41,0
8:28:42,0
8:28:43,0
8:28:44,0
8:28:45,0
8:28:46,0
8:28:47,0
8:28:48,0
8:28:49,0
8:28:50,0
8:28:51,0
8:28:52,0
8:28:53,0
8:28:54,0
8:28:55,0
8:28:56,0
8:28:57,0
8:28:58,0
8:28:59,0
8:29:00,0
8:29:01,0
8:29:02,0
8:29:03,0
8:29:04,0
8:29:05,0
8:29:06,0
8:29:07,0
8:29:08,0
8:29:09,0
8:29:10,0
8:29:11,0
8:29:12,0
8:29:13,0
8:29:14,0
8:29:15,0
8:29:16,0
8:29:17,0
8:29:18,0
8:29:19,0
8:29:20,0
8:29:21,0
8:29:22,0
8:29:23,0
8:29:24,0
8:29:25,0
8:29:26,0
8:29:27,0
8:29:28,0
8:29:29,0
8:29:30,0
8:29:31,0
8:29:32,0
8:29:33,0
8:29:34,0
8:29:35,0
8:29:36,0
8:29:37,0
8:29:38,0
8:29:39,0
8:29:40,0
8:29:41,0
8:29:42,0
8:29:43,0
8:29:44,0
8:29:45,0
8:29:46,0
8:29:47,0
8:29:48,0
8:29:49,0
8:29:50,0
8:29:51,0
8:29:52,0
8:29:53,0
8:29:54,0
8:29:55,0
8:29:56,0
8:29:57,0
8:29:58,0
8:29:59,0
8:30:00,0
8:30:01,0
8:30:02,0
8:30:03,0
8:30:04,0
8:30:05,0
8:30:06,0
8:30:07,0
8:30:08,0
8:30:09,0
8:30:10,0
8:30:11,0
8:30:12,0
8:30:13,0
8:30:14,0
8:30:15,0
8:30:16,0
8:30:17,0
8:30:18,0
8:30:19,0
8:30:20,0
8:30:21,0
8:30:22,0
8:30:23,0
8:30:24,0
8:30:25,0
8:30:26,0
8:30:27,0
8:30:28,0
8:30:29,0
8:30:30,0
8:30:31,0
8:30:32,0
8:30:33,0
8:30:34,0
8:30:35,0
8:30:36,0
8:30:37,0
8:30:38,0
8:30:39,0
8:30:40,0
8:30:41,0
8:30:42,0
8:30:43,0
8:30:44,0
8:30:45,0
8:30:46,0
8:30:47,0
8:30:48,0
8:30:49,0
8:30:50,0
8:30:51,0
8:30:52,0
8:30:53,0
8:30:54,0
8:30:55,0
8:30:56,0
8:30:57,0
8:30:58,0
8:30:59,0
8:31:00,0
8:31:01,0
8:31:02,0
8:31:03,0
8:31:04,0
8:31:05,0
8:31:06,0
8:31:07,0
8:31:08,0
8:31:09,0
8:31:10,0
8:31:11,0
8:31:12,0
8:31:13,0
8:31:14,0
8:31:15,0
8:31:16,0
8:31:17,0
8:31:18,0
8:31:19,0
8:31:20,0
8:31:21,0
8:31:22,0
8:31:23,0
8:31:24,0
8:31:25,0
8:31:26,0
8:31:27,0
8:31:28,0
8:31:29,0
8:31:30,0
8:31:31,0
8:31:32,0
8:31:33,0
8:31:34,0
8:31:35,0
8:31:36,0
8:31:37,0
8:31:38,0
8:31:39,0
8:31:40,0
8:31:41,0
8:31:42,0
8:31:43,0
8:31:44,0
8:31:45,0
8:31:46,0
8:31:47,0
8:31:48,0
8:31:49,0
8:31:50,0
8:31:51,0
8:31:52,0
8:31:53,0
8:31:54,0
8:31:55,0
8:31:56,0
8:31:57,0
8:31:58,0
8:31:59,0
8:32:00,0
8:32:01,0
8:32:02,0
8:32:03,0
8:32:04,0
8:32:05,0
8:32:06,0
8:32:07,0
8:32:08,0
8:32:09,0
8:32:10,0
8:32:11,0
8:32:12,0
8:32:13,0
8:32:14,0
8:32:15,0
8:32:16,0
8:32:17,0
8:32:18,0
8:32:19,0
8:32:20,0
8:32:21,0
8:32:22,0
8:32:23,0
8:32:24,0
8:32:25,0
8:32:26,0
8:32:27,0
8:32:28,0
8:32:29,0
8:32:30,0
8:32:31,0
8:32:32,0
8:32:33,0
8:32:34,0
8:32:35,0
8:32:36,0
8:32:37,0
8:32:38,0
8:32:39,0
8:32:40,0
8:32:41,0
8:32:42,0
8:32:43,0
8:32:44,0
8:32:45,0
8:32:46,0
8:32:47,0
8:32:48,0
8:32:49,0
8:32:50,0
8:32:51,0
8:32:52,0
8:32:53,0
8:32:54,0
8:32:55,0
8:32:56,0
8:32:57,0
8:32:58,0
8:32:59,0
8:33:00,0
8:33:01,0
8:33:02,0
8:33:03,0
8:33:04,0
8:33:05,0
8:33:06,0
8:33:07,0
8:33:08,0
8:33:09,0
8:33:10,0
8:33:11,0
8:33:12,0
8:33:13,0
8:33:14,0
8:33:15,0
8:33:16,0
8:33:17,0
8:33:18,0
8:33:19,0
8:33:20,0
8:33:21,0
8:33:22,0
8:33:23,0
8:33:24,0
8:33:25,0
8:33:26,0
8:33:27,0
8:33:28,0
8:33:29,0
8:33:30,0
8:33:31,0
8:33:32,0
8:33:33,0
8:33:34,0
8:33:35,0
8:33:36,0
8:33:37,0
8:33:38,0
8:33:39,0
8:33:40,0
8:33:41,0
8:33:42,0
8:33:43,0
8:33:44,0
8:33:45,0
8:33:46,0
8:33:47,0
8:33:48,0
8:33:49,0
8:33:50,0
8:33:51,0
8:33:52,0
8:33:53,0
8:33:54,0
8:33:55,0
8:33:56,0
8:33:57,0
8:33:58,0
8:33:59,0
8:34:00,0
8:34:01,0
8:34:02,0
8:34:03,0
8:34:04,0
8:34:05,0
8:34:06,0
8:34:07,0
8:34:08,0
8:34:09,0
8:34:10,0
8:34:11,0
8:34:12,0
8:34:13,0
8:34:14,0
8:34:15,0
8:34:16,0
8:34:17,0
8:34:18,0
8:34:19,0
8:34:20,0
8:34:21,0
8:34:22,0
8:34:23,0
8:34:24,0
8:34:25,0
8:34:26,0
8:34:27,0
8:34:28,0
8:34:29,0
8:34:30,0
8:34:31,0
8:34:32,0
8:34:33,0
8:34:34,0
8:34:35,0
8:34:36,0
8:34:37,0
8:34:38,0
8:34:39,0
8:34:40,0
8:34:41,0
8:34:42,0
8:34:43,0
8:34:44,0
8:34:45,0
8:34:46,0
8:34:47,0
8:34:48,0
8:34:49,0
8:34:50,0
8:34:51,0
8:34:52,0
8:34:53,0
8:34:54,0
8:34:55,0
8:34:56,0
8:34:57,0
8:34:58,0
8:34:59,0
8:35:00,0
8:35:01,0
8:35:02,0
8:35:03,0
8:35:04,0
8:35:05,0
8:35:06,0
8:35:07,0
8:35:08,0
8:35:09,0
8:35:10,0
8:35:11,0
8:35:12,0
8:35:13,0
8:35:14,0
8:35:15,0
8:35:16,0
8:35:17,0
8:35:18,0
8:35:19,0
8:35:20,0
8:35:21,0
8:35:22,0
8:35:23,0
8:35:24,0
8:35:25,0
8:35:26,0
8:35:27,0
8:35:28,0
8:35:29,0
8:35:30,0
8:35:31,0
8:35:32,0
8:35:33,0
8:35:34,0
8:35:35,0
8:35:36,0
8:35:37,0
8:35:38,0
8:35:39,0
8:35:40,0
8:35:41,0
8:35:42,0
8:35:43,0
8:35:44,0
8:35:45,0
8:35:46,0
8:35:47,0
8:35:48,0
8:35:49,0
8:35:50,0
8:35:51,0
8:35:52,0
8:35:53,0
8:35:54,0
8:35:55,0
8:35:56,0
8:35:57,0
8:35:58,0
8:35:59,0
8:36:00,0
8:36:01,0
8:36:02,0
8:36:03,0
8:36:04,0
8:36:05,0
8:36:06,0
8:36:07,0
8:36:08,0
8:36:09,0
8:36:10,0
8:36:11,0
8:36:12,0
8:36:13,0
8:36:14,0
8:36:15,0
8:36:16,0
8:36:17,0
8:36:18,0
8:36:19,0
8:36:20,0
8:36:21,0
8:36:22,0
8:36:23,0
8:36:24,0
8:36:25,0
8:36:26,0
8:36:27,0
8:36:28,0
8:36:29,0
8:36:30,0
8:36:31,0
8:36:32,0
8:36:33,0
8:36:34,0
8:36:35,0
8:36:36,0
8:36:37,0
8:36:38,0
8:36:39,0
8:36:40,0
8:36:41,0
8:36:42,0
8:36:43,0
8:36:44,0
8:36:45,0
8:36:46,0
8:36:47,0
8:36:48,0
8:36:49,0
8:36:50,0
8:36:51,0
8:36:52,0
8:36:53,0
8:36:54,0
8:36:55,0
8:36:56,0
8:36:57,0
8:36:58,0
8:36:59,0
8:37:00,0
8:37:01,0
8:37:02,0
8:37:03,0
8:37:04,0
8:37:05,0
8:37:06,0
8:37:07,0
8:37:08,0
8:37:09,0
8:37:10,0
8:37:11,0
8:37:12,0
8:37:13,0
8:37:14,0
8:37:15,0
8:37:16,0
8:37:17,0
8:37:18,0
8:37:19,0
8:37:20,0
8:37:21,0
8:37:22,0
8:37:23,0
8:37:24,0
8:37:25,0
8:37:26,0
8:37:27,0
8:37:28,0
8:37:29,0
8:37:30,0
8:37:31,0
8:37:32,0
8:37:33,0
8:37:34,0
8:37:35,0
8:37:36,0
8:37:37,0
8:37:38,0
8:37:39,0
8:37:40,0
8:37:41,0
8:37:42,0
8:37:43,0
8:37:44,0
8:37:45,0
8:37:46,0
8:37:47,0
8:37:48,0
8:37:49,0
8:37:50,0
8:37:51,0
8:37:52,0
8:37:53,0
8:37:54,0
8:37:55,0
8:37:56,0
8:37:57,0
8:37:58,0
8:37:59,0
8:38:00,0
8:38:01,0
8:38:02,0
8:38:03,0
8:38:04,0
8:38:05,0
8:38:06,0
8:38:07,0
8:38:08,0
8:38:09,0
8:38:10,0
8:38:11,0
8:38:12,0
8:38:13,0
8:38:14,0
8:38:15,0
8:38:16,0
8:38:17,0
8:38:18,0
8:38:19,0
8:38:20,0
8:38:21,0
8:38:22,0
8:38:23,0
8:38:24,0
8:38:25,0
8:38:26,0
8:38:27,0
8:38:28,0
8:38:29,0
8:38:30,0
8:38:31,0
8:38:32,0
8:38:33,0
8:38:34,0
8:38:35,0
8:38:36,0
8:38:37,0
8:38:38,0
8:38:39,0
8:38:40,0
8:38:41,0
8:38:42,0
8:38:43,0
8:38:44,0
8:38:45,0
8:38:46,0
8:38:47,0
8:38:48,0
8:38:49,0
8:38:50,0
8:38:51,0
8:38:52,0
8:38:53,0
8:38:54,0
8:38:55,0
8:38:56,0
8:38:57,0
8:38:58,0
8:38:59,0
8:39:00,0
8:39:01,0
8:39:02,0
8:39:03,0
8:39:04,0
8:39:05,0
8:39:06,0
8:39:07,0
8:39:08,0
8:39:09,0
8:39:10,0
8:39:11,0
8:39:12,0
8:39:13,0
8:39:14,0
8:39:15,0
8:39:16,0
8:39:17,0
8:39:18,0
8:39:19,0
8:39:20,0
8:39:21,0
8:39:22,0
8:39:23,0
8:39:24,0
8:39:25,0
8:39:26,0
8:39:27,0
8:39:28,0
8:39:29,0
8:39:30,0
8:39:31,0
8:39:32,0
8:39:33,0
8:39:34,0
8:39:35,0
8:39:36,0
8:39:37,0
8:39:38,0
8:39:39,0
8:39:40,0
8:39:41,0
8:39:42,0
8:39:43,0
8:39:44,0
8:39:45,0
8:39:46,0
8:39:47,0
8:39:48,0
8:39:49,0
8:39:50,0
8:39:51,0
8:39:52,0
8:39:53,0
8:39:54,0
8:39:55,0
8:39:56,0
8:39:57,0
8:39:58,0
8:39:59,0
8:40:00,0
8:40:01,0
8:40:02,0
8:40:03,0
8:40:04,0
8:40:05,0
8:40:06,0
8:40:07,0
8:40:08,0
8:40:09,0
8:40:10,0
8:40:11,0
8:40:12,0
8:40:13,0
8:40:14,0
8:40:15,0
8:40:16,0
8:40:17,0
8:40:18,0
8:40:19,0
8:40:20,0
8:40:21,0
8:40:22,0
8:40:23,0
8:40:24,0
8:40:25,0
8:40:26,0
8:40:27,0
8:40:28,0
8:40:29,0
8:40:30,0
8:40:31,0
8:40:32,0
8:40:33,0
8:40:34,0
8:40:35,0
8:40:36,0
8:40:37,0
8:40:38,0
8:40:39,0
8:40:40,0
8:40:41,0
8:40:42,0
8:40:43,0
8:40:44,0
8:40:45,0
8:40:46,0
8:40:47,0
8:40:48,0
8:40:49,0
8:40:50,0
8:40:51,0
8:40:52,0
8:40:53,0
8:40:54,0
8:40:55,0
8:40:56,0
8:40:57,0
8:40:58,0
8:40:59,0
8:41:00,0
8:41:01,0
8:41:02,0
8:41:03,0
8:41:04,0
8:41:05,0
8:41:06,0
8:41:07,0
8:41:08,0
8:41:09,0
8:41:10,0
8:41:11,0
8:41:12,0
8:41:13,0
8:41:14,0
8:41:15,0
8:41:16,0
8:41:17,0
8:41:18,0
8:41:19,0
8:41:20,0
8:41:21,0
8:41:22,0
8:41:23,0
8:41:24,0
8:41:25,0
8:41:26,0
8:41:27,0
8:41:28,0
8:41:29,0
8:41:30,0
8:41:31,0
8:41:32,0
8:41:33,0
8:41:34,0
8:41:35,0
8:41:36,0
8:41:37,0
8:41:38,0
8:41:39,0
8:41:40,0
8:41:41,0
8:41:42,0
8:41:43,0
8:41:44,0
8:41:45,0
8:41:46,0
8:41:47,0
8:41:48,0
8:41:49,0
8:41:50,0
8:41:51,0
8:41:52,0
8:41:53,0
8:41:54,0
8:41:55,0
8:41:56,0
8:41:57,0
8:41:58,0
8:41:59,0
8:42:00,0
8:42:01,0
8:42:02,0
8:42:03,0
8:42:04,0
8:42:05,0
8:42:06,0
8:42:07,0
8:42:08,0
8:42:09,0
8:42:10,0
8:42:11,0
8:42:12,0
8:42:13,0
8:42:14,0
8:42:15,0
8:42:16,0
8:42:17,0
8:42:18,0
8:42:19,0
8:42:20,0
8:42:21,0
8:42:22,0
8:42:23,0
8:42:24,0
8:42:25,0
8:42:26,0
8:42:27,0
8:42:28,0
8:42:29,0
8:42:30,0
8:42:31,0
8:42:32,0
8:42:33,0
8:42:34,0
8:42:35,0
8:42:36,0
8:42:37,0
8:42:38,0
8:42:39,0
8:42:40,0
8:42:41,0
8:42:42,0
8:42:43,0
8:42:44,0
8:42:45,0
8:42:46,0
8:42:47,0
8:42:48,0
8:42:49,0
8:42:50,0
8:42:51,0
8:42:52,0
8:42:53,0
8:42:54,0
8:42:55,0
8:42:56,0
8:42:57,0
8:42:58,0
8:42:59,0
8:43:00,0
8:43:01,0
8:43:02,0
8:43:03,0
8:43:04,0
8:43:05,0
8:43:06,0
8:43:07,0
8:43:08,0
8:43:09,0
8:43:10,0
8:43:11,0
8:43:12,0
8:43:13,0
8:43:14,0
8:43:15,0
8:43:16,0
8:43:17,0
8:43:18,0
8:43:19,0
8:43:20,0
8:43:21,0
8:43:22,0
8:43:23,0
8:43:24,0
8:43:25,0
8:43:26,0
8:43:27,0
8:43:28,0
8:43:29,0
8:43:30,0
8:43:31,0
8:43:32,0
8:43:33,0
8:43:34,0
8:43:35,0
8:43:36,0
8:43:37,0
8:43:38,0
8:43:39,0
8:43:40,0
8:43:41,0
8:43:42,0
8:43:43,0
8:43:44,0
8:43:45,0
8:43:46,0
8:43:47,0
8:43:48,0
8:43:49,0
8:43:50,0
8:43:51,0
8:43:52,0
8:43:53,0
8:43:54,0
8:43:55,0
8:43:56,0
8:43:57,0
8:43:58,0
8:43:59,0
8:44:00,0
8:44:01,0
8:44:02,0
8:44:03,0
8:44:04,0
8:44:05,0
8:44:06,0
8:44:07,0
8:44:08,0
8:44:09,0
8:44:10,0
8:44:11,0
8:44:12,0
8:44:13,0
8:44:14,0
8:44:15,0
8:44:16,0
8:44:17,0
8:44:18,0
8:44:19,0
8:44:20,0
8:44:21,0
8:44:22,0
8:44:23,0
8:44:24,0
8:44:25,0
8:44:26,0
8:44:27,0
8:44:28,0
8:44:29,0
8:44:30,0
8:44:31,0
8:44:32,0
8:44:33,0
8:44:34,0
8:44:35,0
8:44:36,0
8:44:37,0
8:44:38,0
8:44:39,0
8:44:40,0
8:44:41,0
8:44:42,0
8:44:43,0
8:44:44,0
8:44:45,0
8:44:46,0
8:44:47,0
8:44:48,0
8:44:49,0
8:44:50,0
8:44:51,0
8:44:52,0
8:44:53,0
8:44:54,0
8:44:55,0
8:44:56,0
8:44:57,0
8:44:58,0
8:44:59,0
8:45:00,0
8:45:01,0
8:45:02,0
8:45:03,0
8:45:04,0
8:45:05,0
8:45:06,0
8:45:07,0
8:45:08,0
8:45:09,0
8:45:10,0
8:45:11,0
8:45:12,0
8:45:13,0
8:45:14,0
8:45:15,1
8:45:16,0
8:45:17,0
8:45:18,0
8:45:19,0
8:45:20,1
8:45:21,1
8:45:22,0
8:45:23,1
8:45:24,0
8:45:25,0
8:45:26,0
8:45:27,1
8:45:28,0
8:45:29,0
8:45:30,1
8:45:31,0
8:45:32,0
8:45:33,0
8:45:34,0
8:45:35,0
8:45:36,0
8:45:37,0
8:45:38,0
8:45:39,0
8:45:40,0
8:45:41,0
8:45:42,0
8:45:43,0
8:45:44,0
8:45:45,0
8:45:46,0
8:45:47,0
8:45:48,0
8:45:49,0
8:45:50,0
8:45:51,0
8:45:52,0
8:45:53,0
8:45:54,0
8:45:55,0
8:45:56,0
8:45:57,0
8:45:58,0
8:45:59,0
8:46:00,0
8:46:01,0
8:46:02,0
8:46:03,0
8:46:04,0
8:46:05,0
8:46:06,0
8:46:07,0
8:46:08,0
8:46:09,0
8:46:10,0
8:46:11,0
8:46:12,0
8:46:13,0
8:46:14,0
8:46:15,0
8:46:16,0
8:46:17,0
8:46:18,0
8:46:19,0
8:46:20,0
8:46:21,0
8:46:22,0
8:46:23,0
8:46:24,0
8:46:25,0
8:46:26,0
8:46:27,0
8:46:28,0
8:46:29,0
8:46:30,0
8:46:31,0
8:46:32,0
8:46:33,0
8:46:34,0
8:46:35,0
8:46:36,0
8:46:37,0
8:46:38,0
8:46:39,0
8:46:40,0
8:46:41,0
8:46:42,0
8:46:43,0
8:46:44,0
8:46:45,0
8:46:46,0
8:46:47,0
8:46:48,0
8:46:49,0
8:46:50,0
8:46:51,0
8:46:52,0
8:46:53,0
8:46:54,0
8:46:55,0
8:46:56,0
8:46:57,0
8:46:58,0
8:46:59,0
8:47:00,0
8:47:01,0
8:47:02,0
8:47:03,0
8:47:04,0
8:47:05,0
8:47:06,0
8:47:07,0
8:47:08,0
8:47:09,0
8:47:10,0
8:47:11,0
8:47:12,0
8:47:13,0
8:47:14,0
8:47:15,0
8:47:16,0
8:47:17,0
8:47:18,0
8:47:19,0
8:47:20,0
8:47:21,0
8:47:22,0
8:47:23,0
8:47:24,0
8:47:25,0
8:47:26,0
8:47:27,0
8:47:28,0
8:47:29,0
8:47:30,0
8:47:31,0
8:47:32,0
8:47:33,0
8:47:34,1
8:47:35,0
8:47:36,1
8:47:37,0
8:47:38,2
8:47:39,1
8:47:40,0
8:47:41,0
8:47:42,0
8:47:43,1
8:47:44,0
8:47:45,0
8:47:46,1
8:47:47,0
8:47:48,0
8:47:49,0
8:47:50,0
8:47:51,1
8:47:52,1
8:47:53,0
8:47:54,0
8:47:55,0
8:47:56,0
8:47:57,0
8:47:58,0
8:47:59,0
8:48:00,0
8:48:01,1
8:48:02,0
8:48:03,0
8:48:04,1
8:48:05,0
8:48:06,0
8:48:07,0
8:48:08,0
8:48:09,0
8:48:10,0
8:48:11,0
8:48:12,0
8:48:13,0
8:48:14,0
8:48:15,0
8:48:16,0
8:48:17,0
8:48:18,0
8:48:19,0
8:48:20,0
8:48:21,0
8:48:22,0
8:48:23,0
8:48:24,0
8:48:25,0
8:48:26,0
8:48:27,0
8:48:28,0
8:48:29,0
8:48:30,0
8:48:31,0
8:48:32,0
8:48:33,0
8:48:34,1
8:48:35,0
8:48:36,0
8:48:37,1
8:48:38,0
8:48:39,0
8:48:40,0
8:48:41,0
8:48:42,0
8:48:43,0
8:48:44,0
8:48:45,0
8:48:46,0
8:48:47,0
8:48:48,1
8:48:49,0
8:48:50,1
8:48:51,0
8:48:52,0
8:48:53,0
8:48:54,1
8:48:55,0
8:48:56,0
8:48:57,0
8:48:58,0
8:48:59,0
8:49:00,0
8:49:01,0
8:49:02,0
8:49:03,0
8:49:04,0
8:49:05,0
8:49:06,0
8:49:07,0
8:49:08,0
8:49:09,0
8:49:10,0
8:49:11,0
8:49:12,0
8:49:13,0
8:49:14,0
8:49:15,0
8:49:16,0
8:49:17,0
8:49:18,0
8:49:19,0
8:49:20,0
8:49:21,0
8:49:22,1
8:49:23,0
8:49:24,0
8:49:25,0
8:49:26,1
8:49:27,0
8:49:28,2
8:49:29,0
8:49:30,0
8:49:31,0
8:49:32,0
8:49:33,0
8:49:34,0
8:49:35,0
8:49:36,0
8:49:37,1
8:49:38,0
8:49:39,0
8:49:40,0
8:49:41,0
8:49:42,1
8:49:43,0
8:49:44,0
8:49:45,0
8:49:46,0
8:49:47,0
8:49:48,0
8:49:49,0
8:49:50,0
8:49:51,1
8:49:52,0
8:49:53,1
8:49:54,1
8:49:55,0
8:49:56,1
8:49:57,0
8:49:58,0
8:49:59,0
8:50:00,0
8:50:01,0
8:50:02,0
8:50:03,0
8:50:04,0
8:50:05,0
8:50:06,0
8:50:07,0
8:50:08,0
8:50:09,2
8:50:10,0
8:50:11,0
8:50:12,0
8:50:13,0
8:50:14,0
8:50:15,0
8:50:16,0
8:50:17,0
8:50:18,0
8:50:19,0
8:50:20,0
8:50:21,0
8:50:22,0
8:50:23,0
8:50:24,0
8:50:25,0
8:50:26,0
8:50:27,0
8:50:28,0
8:50:29,0
8:50:30,0
8:50:31,0
8:50:32,1
8:50:33,1
8:50:34,0
8:50:35,0
8:50:36,0
8:50:37,0
8:50:38,1
8:50:39,0
8:50:40,0
8:50:41,0
8:50:42,0
8:50:43,0
8:50:44,1
8:50:45,1
8:50:46,0
8:50:47,0
8:50:48,0
8:50:49,0
8:50:50,0
8:50:51,0
8:50:52,0
8:50:53,0
8:50:54,0
8:50:55,0
8:50:56,0
8:50:57,0
8:50:58,0
8:50:59,0
8:51:00,0
8:51:01,0
8:51:02,0
8:51:03,0
8:51:04,0
8:51:05,0
8:51:06,0
8:51:07,0
8:51:08,0
8:51:09,0
8:51:10,0
8:51:11,0
8:51:12,0
8:51:13,0
8:51:14,0
8:51:15,0
8:51:16,0
8:51:17,0
8:51:18,0
8:51:19,0
8:51:20,0
8:51:21,0
8:51:22,0
8:51:23,0
8:51:24,0
8:51:25,0
8:51:26,0
8:51:27,0
8:51:28,0
8:51:29,0
8:51:30,0
8:51:31,0
8:51:32,0
8:51:33,0
8:51:34,0
8:51:35,0
8:51:36,0
8:51:37,0
8:51:38,0
8:51:39,0
8:51:40,1
8:51:41,0
8:51:42,0
8:51:43,1
8:51:44,0
8:51:45,0
8:51:46,0
8:51:47,0
8:51:48,0
8:51:49,0
8:51:50,0
8:51:51,0
8:51:52,0
8:51:53,1
8:51:54,0
8:51:55,0
8:51:56,0
8:51:57,0
8:51:58,0
8:51:59,0
8:52:00,0
8:52:01,0
8:52:02,0
8:52:03,0
8:52:04,0
8:52:05,0
8:52:06,0
8:52:07,0
8:52:08,0
8:52:09,0
8:52:10,0
8:52:11,0
8:52:12,0
8:52:13,0
8:52:14,0
8:52:15,0
8:52:16,0
8:52:17,0
8:52:18,0
8:52:19,1
8:52:20,0
8:52:21,0
8:52:22,0
8:52:23,0
8:52:24,0
8:52:25,0
8:52:26,0
8:52:27,0
8:52:28,0
8:52:29,0
8:52:30,0
8:52:31,0
8:52:32,0
8:52:33,0
8:52:34,0
8:52:35,0
8:52:36,0
8:52:37,0
8:52:38,0
8:52:39,0
8:52:40,0
8:52:41,0
8:52:42,0
8:52:43,1
8:52:44,0
8:52:45,1
8:52:46,0
8:52:47,0
8:52:48,1
8:52:49,0
8:52:50,0
8:52:51,0
8:52:52,0
8:52:53,0
8:52:54,0
8:52:55,0
8:52:56,0
8:52:57,0
8:52:58,0
8:52:59,0
8:53:00,0
8:53:01,0
8:53:02,0
8:53:03,0
8:53:04,0
8:53:05,0
8:53:06,0
8:53:07,0
8:53:08,0
8:53:09,0
8:53:10,0
8:53:11,0
8:53:12,0
8:53:13,0
8:53:14,0
8:53:15,0
8:53:16,0
8:53:17,0
8:53:18,0
8:53:19,0
8:53:20,0
8:53:21,0
8:53:22,0
8:53:23,0
8:53:24,0
8:53:25,0
8:53:26,0
8:53:27,0
8:53:28,0
8:53:29,0
8:53:30,0
8:53:31,0
8:53:32,0
8:53:33,0
8:53:34,0
8:53:35,0
8:53:36,0
8:53:37,0
8:53:38,0
8:53:39,0
8:53:40,0
8:53:41,0
8:53:42,0
8:53:43,0
8:53:44,0
8:53:45,0
8:53:46,0
8:53:47,0
8:53:48,0
8:53:49,0
8:53:50,0
8:53:51,0
8:53:52,0
8:53:53,0
8:53:54,0
8:53:55,0
8:53:56,0
8:53:57,0
8:53:58,0
8:53:59,0
8:54:00,0
8:54:01,0
8:54:02,0
8:54:03,0
8:54:04,0
8:54:05,0
8:54:06,0
8:54:07,0
8:54:08,0
8:54:09,0
8:54:10,0
8:54:11,0
8:54:12,0
8:54:13,0
8:54:14,0
8:54:15,0
8:54:16,0
8:54:17,0
8:54:18,0
8:54:19,0
8:54:20,0
8:54:21,0
8:54:22,0
8:54:23,0
8:54:24,0
8:54:25,0
8:54:26,0
8:54:27,0
8:54:28,0
8:54:29,0
8:54:30,0
8:54:31,0
8:54:32,0
8:54:33,0
8:54:34,0
8:54:35,0
8:54:36,0
8:54:37,0
8:54:38,0
8:54:39,0
8:54:40,0
8:54:41,0
8:54:42,0
8:54:43,0
8:54:44,0
8:54:45,0
8:54:46,0
8:54:47,0
8:54:48,1
8:54:49,0
8:54:50,1
8:54:51,0
8:54:52,0
8:54:53,0
8:54:54,0
8:54:55,0
8:54:56,0
8:54:57,0
8:54:58,0
8:54:59,0
8:55:00,0
8:55:01,0
8:55:02,0
8:55:03,0
8:55:04,0
8:55:05,0
8:55:06,0
8:55:07,0
8:55:08,0
8:55:09,0
8:55:10,0
8:55:11,0
8:55:12,0
8:55:13,0
8:55:14,0
8:55:15,0
8:55:16,0
8:55:17,0
8:55:18,0
8:55:19,0
8:55:20,0
8:55:21,0
8:55:22,0
8:55:23,0
8:55:24,0
8:55:25,0
8:55:26,0
8:55:27,0
8:55:28,0
8:55:29,0
8:55:30,0
8:55:31,0
8:55:32,0
8:55:33,0
8:55:34,0
8:55:35,0
8:55:36,0
8:55:37,0
8:55:38,0
8:55:39,0
8:55:40,0
8:55:41,1
8:55:42,0
8:55:43,0
8:55:44,0
8:55:45,0
8:55:46,1
8:55:47,0
8:55:48,0
8:55:49,0
8:55:50,0
8:55:51,0
8:55:52,0
8:55:53,0
8:55:54,1
8:55:55,0
8:55:56,0
8:55:57,0
8:55:58,0
8:55:59,0
8:56:00,0
8:56:01,0
8:56:02,0
8:56:03,0
8:56:04,0
8:56:05,0
8:56:06,0
8:56:07,0
8:56:08,0
8:56:09,0
8:56:10,0
8:56:11,0
8:56:12,0
8:56:13,0
8:56:14,0
8:56:15,0
8:56:16,0
8:56:17,0
8:56:18,0
8:56:19,0
8:56:20,0
8:56:21,0
8:56:22,1
8:56:23,0
8:56:24,0
8:56:25,0
8:56:26,1
8:56:27,0
8:56:28,1
8:56:29,0
8:56:30,0
8:56:31,1
8:56:32,0
8:56:33,0
8:56:34,0
8:56:35,0
8:56:36,0
8:56:37,0
8:56:38,0
8:56:39,0
8:56:40,0
8:56:41,0
8:56:42,0
8:56:43,0
8:56:44,0
8:56:45,0
8:56:46,0
8:56:47,0
8:56:48,0
8:56:49,0
8:56:50,0
8:56:51,0
8:56:52,0
8:56:53,0
8:56:54,0
8:56:55,0
8:56:56,0
8:56:57,0
8:56:58,0
8:56:59,0
8:57:00,0
8:57:01,0
8:57:02,0
8:57:03,0
8:57:04,0
8:57:05,0
8:57:06,0
8:57:07,0
8:57:08,1
8:57:09,2
8:57:10,1
8:57:11,1
8:57:12,2
8:57:13,1
8:57:14,1
8:57:15,2
8:57:16,2
8:57:17,0
8:57:18,0
8:57:19,0
8:57:20,0
8:57:21,0
8:57:22,0
8:57:23,0
8:57:24,0
8:57:25,0
8:57:26,0
8:57:27,0
8:57:28,0
8:57:29,0
8:57:30,0
8:57:31,0
8:57:32,0
8:57:33,0
8:57:34,0
8:57:35,0
8:57:36,0
8:57:37,0
8:57:38,0
8:57:39,0
8:57:40,0
8:57:41,0
8:57:42,2
8:57:43,0
8:57:44,0
8:57:45,0
8:57:46,0
8:57:47,0
8:57:48,0
8:57:49,0
8:57:50,0
8:57:51,0
8:57:52,0
8:57:53,0
8:57:54,0
8:57:55,0
8:57:56,1
8:57:57,1
8:57:58,0
8:57:59,1
8:58:00,0
8:58:01,1
8:58:02,0
8:58:03,0
8:58:04,1
8:58:05,0
8:58:06,0
8:58:07,0
8:58:08,0
8:58:09,0
8:58:10,0
8:58:11,0
8:58:12,0
8:58:13,0
8:58:14,0
8:58:15,0
8:58:16,0
8:58:17,0
8:58:18,0
8:58:19,0
8:58:20,0
8:58:21,0
8:58:22,0
8:58:23,0
8:58:24,0
8:58:25,0
8:58:26,0
8:58:27,0
8:58:28,0
8:58:29,0
8:58:30,0
8:58:31,0
8:58:32,0
8:58:33,0
8:58:34,0
8:58:35,0
8:58:36,0
8:58:37,0
8:58:38,0
8:58:39,0
8:58:40,0
8:58:41,0
8:58:42,0
8:58:43,0
8:58:44,0
8:58:45,0
8:58:46,0
8:58:47,0
8:58:48,0
8:58:49,0
8:58:50,0
8:58:51,0
8:58:52,0
8:58:53,0
8:58:54,0
8:58:55,0
8:58:56,0
8:58:57,0
8:58:58,0
8:58:59,0
8:59:00,0
8:59:01,0
8:59:02,0
8:59:03,0
8:59:04,0
8:59:05,0
8:59:06,0
8:59:07,0
8:59:08,0
8:59:09,0
8:59:10,0
8:59:11,0
8:59:12,0
8:59:13,0
8:59:14,0
8:59:15,0
8:59:16,0
8:59:17,0
8:59:18,0
8:59:19,0
8:59:20,0
8:59:21,0
8:59:22,0
8:59:23,0
8:59:24,0
8:59:25,0
8:59:26,0
8:59:27,0
8:59:28,0
8:59:29,0
8:59:30,0
8:59:31,0
8:59:32,0
8:59:33,0
8:59:34,0
8:59:35,0
8:59:36,0
8:59:37,0
8:59:38,0
8:59:39,0
8:59:40,0
8:59:41,0
8:59:42,0
8:59:43,0
8:59:44,0
8:59:45,0
8:59:46,0
8:59:47,0
8:59:48,0
8:59:49,0
8:59:50,0
8:59:51,0
8:59:52,0
8:59:53,0
8:59:54,0
8:59:55,0
8:59:56,0
8:59:57,0
8:59:58,0
8:59:59,0
9:00:00,0
9:00:01,0
9:00:02,0
9:00:03,0
9:00:04,0
9:00:05,0
9:00:06,0
9:00:07,0
9:00:08,0
9:00:09,0
9:00:10,0
9:00:11,0
9:00:12,0
9:00:13,0
9:00:14,0
9:00:15,0
9:00:16,0
9:00:17,0
9:00:18,0
9:00:19,0
9:00:20,0
9:00:21,0
9:00:22,0
9:00:23,0
9:00:24,0
9:00:25,0
9:00:26,0
9:00:27,0
9:00:28,0
9:00:29,0
9:00:30,0
9:00:31,0
9:00:32,0
9:00:33,0
9:00:34,0
9:00:35,0
9:00:36,0
9:00:37,0
9:00:38,0
9:00:39,0
9:00:40,0
9:00:41,0
9:00:42,0
9:00:43,0
9:00:44,0
9:00:45,0
9:00:46,0
9:00:47,0
9:00:48,0
9:00:49,0
9:00:50,0
9:00:51,0
9:00:52,0
9:00:53,0
9:00:54,0
9:00:55,0
9:00:56,0
9:00:57,0
9:00:58,0
9:00:59,0
9:01:00,0
9:01:01,0
9:01:02,0
9:01:03,0
9:01:04,0
9:01:05,0
9:01:06,0
9:01:07,0
9:01:08,0
9:01:09,0
9:01:10,0
9:01:11,0
9:01:12,0
9:01:13,0
9:01:14,0
9:01:15,0
9:01:16,0
9:01:17,0
9:01:18,0
9:01:19,0
9:01:20,0
9:01:21,0
9:01:22,0
9:01:23,0
9:01:24,0
9:01:25,0
9:01:26,0
9:01:27,0
9:01:28,0
9:01:29,0
9:01:30,0
9:01:31,0
9:01:32,0
9:01:33,0
9:01:34,0
9:01:35,0
9:01:36,0
9:01:37,0
9:01:38,0
9:01:39,0
9:01:40,0
9:01:41,0
9:01:42,0
9:01:43,0
9:01:44,0
9:01:45,0
9:01:46,0
9:01:47,0
9:01:48,0
9:01:49,0
9:01:50,0
9:01:51,0
9:01:52,0
9:01:53,0
9:01:54,0
9:01:55,0
9:01:56,0
9:01:57,0
9:01:58,0
9:01:59,0
9:02:00,0
9:02:01,0
9:02:02,0
9:02:03,0
9:02:04,0
9:02:05,0
9:02:06,0
9:02:07,0
9:02:08,0
9:02:09,0
9:02:10,0
9:02:11,0
9:02:12,0
9:02:13,0
9:02:14,0
9:02:15,0
9:02:16,0
9:02:17,0
9:02:18,0
9:02:19,0
9:02:20,0
9:02:21,0
9:02:22,0
9:02:23,0
9:02:24,0
9:02:25,0
9:02:26,0
9:02:27,0
9:02:28,0
9:02:29,0
9:02:30,0
9:02:31,0
9:02:32,0
9:02:33,0
9:02:34,0
9:02:35,0
9:02:36,0
9:02:37,0
9:02:38,0
9:02:39,0
9:02:40,0
9:02:41,0
9:02:42,0
9:02:43,0
9:02:44,0
9:02:45,0
9:02:46,0
9:02:47,0
9:02:48,0
9:02:49,0
9:02:50,0
9:02:51,0
9:02:52,0
9:02:53,0
9:02:54,0
9:02:55,0
9:02:56,0
9:02:57,0
9:02:58,0
9:02:59,0
9:03:00,0
9:03:01,0
9:03:02,0
9:03:03,0
9:03:04,0
9:03:05,0
9:03:06,0
9:03:07,0
9:03:08,0
9:03:09,0
9:03:10,0
9:03:11,0
9:03:12,0
9:03:13,0
9:03:14,0
9:03:15,0
9:03:16,0
9:03:17,0
9:03:18,0
9:03:19,0
9:03:20,0
9:03:21,0
9:03:22,0
9:03:23,0
9:03:24,0
9:03:25,0
9:03:26,0
9:03:27,0
9:03:28,0
9:03:29,0
9:03:30,0
9:03:31,0
9:03:32,0
9:03:33,0
9:03:34,0
9:03:35,0
9:03:36,0
9:03:37,0
9:03:38,0
9:03:39,0
9:03:40,0
9:03:41,0
9:03:42,0
9:03:43,0
9:03:44,0
9:03:45,0
9:03:46,0
9:03:47,0
9:03:48,0
9:03:49,0
9:03:50,0
9:03:51,0
9:03:52,0
9:03:53,0
9:03:54,0
9:03:55,0
9:03:56,0
9:03:57,0
9:03:58,0
9:03:59,0
9:04:00,0
9:04:01,0
9:04:02,0
9:04:03,0
9:04:04,0
9:04:05,0
9:04:06,0
9:04:07,0
9:04:08,0
9:04:09,0
9:04:10,0
9:04:11,0
9:04:12,0
9:04:13,0
9:04:14,0
9:04:15,0
9:04:16,0
9:04:17,0
9:04:18,0
9:04:19,0
9:04:20,0
9:04:21,0
9:04:22,0
9:04:23,0
9:04:24,0
9:04:25,0
9:04:26,0
9:04:27,0
9:04:28,0
9:04:29,0
9:04:30,0
9:04:31,0
9:04:32,0
9:04:33,0
9:04:34,0
9:04:35,0
9:04:36,0
9:04:37,0
9:04:38,0
9:04:39,0
9:04:40,0
9:04:41,0
9:04:42,0
9:04:43,0
9:04:44,0
9:04:45,0
9:04:46,0
9:04:47,0
9:04:48,0
9:04:49,0
9:04:50,0
9:04:51,0
9:04:52,0
9:04:53,0
9:04:54,0
9:04:55,0
9:04:56,0
9:04:57,0
9:04:58,0
9:04:59,0
9:05:00,0
9:05:01,0
9:05:02,0
9:05:03,0
9:05:04,0
9:05:05,0
9:05:06,0
9:05:07,0
9:05:08,0
9:05:09,0
9:05:10,0
9:05:11,0
9:05:12,0
9:05:13,0
9:05:14,0
9:05:15,0
9:05:16,0
9:05:17,0
9:05:18,0
9:05:19,0
9:05:20,0
9:05:21,0
9:05:22,0
9:05:23,0
9:05:24,0
9:05:25,0
9:05:26,0
9:05:27,0
9:05:28,0
9:05:29,0
9:05:30,0
9:05:31,0
9:05:32,0
9:05:33,0
9:05:34,0
9:05:35,0
9:05:36,0
9:05:37,0
9:05:38,0
9:05:39,0
9:05:40,0
9:05:41,0
9:05:42,0
9:05:43,0
9:05:44,0
9:05:45,0
9:05:46,0
9:05:47,0
9:05:48,0
9:05:49,0
9:05:50,0
9:05:51,0
9:05:52,0
9:05:53,0
9:05:54,0
9:05:55,0
9:05:56,0
9:05:57,0
9:05:58,0
9:05:59,0
9:06:00,0
9:06:01,0
9:06:02,0
9:06:03,0
9:06:04,0
9:06:05,0
9:06:06,0
9:06:07,0
9:06:08,0
9:06:09,0
9:06:10,0
9:06:11,0
9:06:12,0
9:06:13,0
9:06:14,0
9:06:15,0
9:06:16,0
9:06:17,0
9:06:18,0
9:06:19,0
9:06:20,0
9:06:21,0
9:06:22,0
9:06:23,0
9:06:24,0
9:06:25,0
9:06:26,0
9:06:27,0
9:06:28,0
9:06:29,0
9:06:30,0
9:06:31,0
9:06:32,0
9:06:33,0
9:06:34,0
9:06:35,0
9:06:36,0
9:06:37,0
9:06:38,0
9:06:39,0
9:06:40,0
9:06:41,0
9:06:42,0
9:06:43,0
9:06:44,0
9:06:45,0
9:06:46,0
9:06:47,0
9:06:48,0
9:06:49,0
9:06:50,0
9:06:51,0
9:06:52,0
9:06:53,0
9:06:54,0
9:06:55,0
9:06:56,0
9:06:57,0
9:06:58,0
9:06:59,0
9:07:00,0
9:07:01,0
9:07:02,0
9:07:03,0
9:07:04,0
9:07:05,0
9:07:06,0
9:07:07,0
9:07:08,0
9:07:09,0
9:07:10,0
9:07:11,0
9:07:12,0
9:07:13,0
9:07:14,0
9:07:15,0
9:07:16,0
9:07:17,0
9:07:18,0
9:07:19,0
9:07:20,0
9:07:21,0
9:07:22,0
9:07:23,0
9:07:24,0
9:07:25,0
9:07:26,0
9:07:27,0
9:07:28,0
9:07:29,0
9:07:30,0
9:07:31,0
9:07:32,0
9:07:33,0
9:07:34,0
9:07:35,0
9:07:36,0
9:07:37,0
9:07:38,0
9:07:39,0
9:07:40,0
9:07:41,0
9:07:42,0
9:07:43,0
9:07:44,0
9:07:45,0
9:07:46,0
9:07:47,0
9:07:48,0
9:07:49,0
9:07:50,0
9:07:51,0
9:07:52,0
9:07:53,0
9:07:54,0
9:07:55,0
9:07:56,0
9:07:57,0
9:07:58,0
9:07:59,0
9:08:00,0
9:08:01,0
9:08:02,0
9:08:03,0
9:08:04,0
9:08:05,0
9:08:06,0
9:08:07,0
9:08:08,0
9:08:09,0
9:08:10,0
9:08:11,0
9:08:12,0
9:08:13,0
9:08:14,0
9:08:15,0
9:08:16,0
9:08:17,0
9:08:18,0
9:08:19,0
9:08:20,0
9:08:21,0
9:08:22,0
9:08:23,0
9:08:24,0
9:08:25,0
9:08:26,0
9:08:27,0
9:08:28,0
9:08:29,0
9:08:30,0
9:08:31,0
9:08:32,0
9:08:33,0
9:08:34,0
9:08:35,0
9:08:36,0
9:08:37,0
9:08:38,0
9:08:39,0
9:08:40,0
9:08:41,0
9:08:42,0
9:08:43,0
9:08:44,0
9:08:45,0
9:08:46,0
9:08:47,0
9:08:48,0
9:08:49,0
9:08:50,0
9:08:51,0
9:08:52,0
9:08:53,0
9:08:54,0
9:08:55,0
9:08:56,0
9:08:57,0
9:08:58,0
9:08:59,0
9:09:00,0
9:09:01,0
9:09:02,0
9:09:03,0
9:09:04,0
9:09:05,0
9:09:06,0
9:09:07,0
9:09:08,0
9:09:09,0
9:09:10,0
9:09:11,0
9:09:12,0
9:09:13,0
9:09:14,0
9:09:15,0
9:09:16,0
9:09:17,0
9:09:18,0
9:09:19,0
9:09:20,0
9:09:21,0
9:09:22,0
9:09:23,0
9:09:24,0
9:09:25,0
9:09:26,0
9:09:27,0
9:09:28,0
9:09:29,0
9:09:30,0
9:09:31,0
9:09:32,0
9:09:33,0
9:09:34,0
9:09:35,0
9:09:36,0
9:09:37,0
9:09:38,0
9:09:39,0
9:09:40,0
9:09:41,0
9:09:42,0
9:09:43,0
9:09:44,0
9:09:45,0
9:09:46,0
9:09:47,0
9:09:48,0
9:09:49,0
9:09:50,0
9:09:51,0
9:09:52,0
9:09:53,0
9:09:54,0
9:09:55,0
9:09:56,0
9:09:57,0
9:09:58,0
9:09:59,0
9:10:00,0
9:10:01,0
9:10:02,0
9:10:03,0
9:10:04,0
9:10:05,0
9:10:06,0
9:10:07,0
9:10:08,0
9:10:09,0
9:10:10,0
9:10:11,0
9:10:12,0
9:10:13,0
9:10:14,0
9:10:15,0
9:10:16,0
9:10:17,0
9:10:18,0
9:10:19,0
9:10:20,0
9:10:21,0
9:10:22,0
9:10:23,0
9:10:24,0
9:10:25,0
9:10:26,0
9:10:27,0
9:10:28,0
9:10:29,0
9:10:30,0
9:10:31,0
9:10:32,0
9:10:33,0
9:10:34,0
9:10:35,0
9:10:36,0
9:10:37,0
9:10:38,0
9:10:39,0
9:10:40,0
9:10:41,0
9:10:42,0
9:10:43,0
9:10:44,0
9:10:45,0
9:10:46,0
9:10:47,0
9:10:48,0
9:10:49,0
9:10:50,0
9:10:51,0
9:10:52,0
9:10:53,0
9:10:54,1
9:10:55,0
9:10:56,0
9:10:57,0
9:10:58,1
9:10:59,1
9:11:00,0
9:11:01,2
9:11:02,1
9:11:03,1
9:11:04,1
9:11:05,1
9:11:06,0
9:11:07,0
9:11:08,0
9:11:09,0
9:11:10,0
9:11:11,0
9:11:12,1
9:11:13,0
9:11:14,0
9:11:15,0
9:11:16,0
9:11:17,0
9:11:18,0
9:11:19,0
9:11:20,0
9:11:21,0
9:11:22,0
9:11:23,0
9:11:24,0
9:11:25,1
9:11:26,1
9:11:27,0
9:11:28,1
9:11:29,0
9:11:30,0
9:11:31,0
9:11:32,0
9:11:33,1
9:11:34,0
9:11:35,1
9:11:36,1
9:11:37,2
9:11:38,2
9:11:39,1
9:11:40,1
9:11:41,0
9:11:42,0
9:11:43,1
9:11:44,0
9:11:45,0
9:11:46,0
9:11:47,0
9:11:48,0
9:11:49,0
9:11:50,0
9:11:51,0
9:11:52,0
9:11:53,0
9:11:54,0
9:11:55,0
9:11:56,0
9:11:57,0
9:11:58,0
9:11:59,0
9:12:00,0
9:12:01,0
9:12:02,0
9:12:03,0
9:12:04,0
9:12:05,0
9:12:06,0
9:12:07,0
9:12:08,0
9:12:09,0
9:12:10,0
9:12:11,0
9:12:12,0
9:12:13,0
9:12:14,0
9:12:15,0
9:12:16,0
9:12:17,0
9:12:18,0
9:12:19,0
9:12:20,0
9:12:21,0
9:12:22,0
9:12:23,0
9:12:24,0
9:12:25,0
9:12:26,0
9:12:27,0
9:12:28,0
9:12:29,0
9:12:30,0
9:12:31,0
9:12:32,0
9:12:33,0
9:12:34,0
9:12:35,0
9:12:36,0
9:12:37,0
9:12:38,0
9:12:39,0
9:12:40,0
9:12:41,0
9:12:42,0
9:12:43,0
9:12:44,0
9:12:45,0
9:12:46,0
9:12:47,0
9:12:48,0
9:12:49,0
9:12:50,0
9:12:51,0
9:12:52,0
9:12:53,0
9:12:54,0
9:12:55,0
9:12:56,0
9:12:57,0
9:12:58,0
9:12:59,0
9:13:00,0
9:13:01,0
9:13:02,0
9:13:03,0
9:13:04,0
9:13:05,0
9:13:06,0
9:13:07,0
9:13:08,0
9:13:09,0
9:13:10,0
9:13:11,0
9:13:12,0
9:13:13,0
9:13:14,0
9:13:15,0
9:13:16,0
9:13:17,0
9:13:18,0
9:13:19,0
9:13:20,0
9:13:21,0
9:13:22,0
9:13:23,0
9:13:24,0
9:13:25,0
9:13:26,0
9:13:27,0
9:13:28,0
9:13:29,0
9:13:30,0
9:13:31,0
9:13:32,0
9:13:33,0
9:13:34,0
9:13:35,0
9:13:36,0
9:13:37,0
9:13:38,0
9:13:39,0
9:13:40,0
9:13:41,0
9:13:42,0
9:13:43,0
9:13:44,0
9:13:45,0
9:13:46,0
9:13:47,0
9:13:48,0
9:13:49,0
9:13:50,0
9:13:51,0
9:13:52,0
9:13:53,0
9:13:54,0
9:13:55,0
9:13:56,0
9:13:57,0
9:13:58,0
9:13:59,0
9:14:00,0
9:14:01,0
9:14:02,0
9:14:03,0
9:14:04,0
9:14:05,0
9:14:06,0
9:14:07,0
9:14:08,0
9:14:09,0
9:14:10,0
9:14:11,0
9:14:12,0
9:14:13,0
9:14:14,0
9:14:15,0
9:14:16,0
9:14:17,0
9:14:18,0
9:14:19,0
9:14:20,0
9:14:21,0
9:14:22,0
9:14:23,0
9:14:24,0
9:14:25,0
9:14:26,0
9:14:27,0
9:14:28,0
9:14:29,0
9:14:30,0
9:14:31,0
9:14:32,0
9:14:33,0
9:14:34,0
9:14:35,0
9:14:36,0
9:14:37,0
9:14:38,0
9:14:39,0
9:14:40,0
9:14:41,0
9:14:42,0
9:14:43,0
9:14:44,0
9:14:45,0
9:14:46,0
9:14:47,0
9:14:48,0
9:14:49,0
9:14:50,0
9:14:51,0
9:14:52,0
9:14:53,0
9:14:54,0
9:14:55,0
9:14:56,0
9:14:57,0
9:14:58,0
9:14:59,0
9:15:00,0
9:15:01,0
9:15:02,0
9:15:03,0
9:15:04,0
9:15:05,0
9:15:06,0
9:15:07,0
9:15:08,0
9:15:09,0
9:15:10,0
9:15:11,0
9:15:12,0
9:15:13,0
9:15:14,0
9:15:15,0
9:15:16,0
9:15:17,0
9:15:18,0
9:15:19,0
9:15:20,0
9:15:21,0
9:15:22,0
9:15:23,0
9:15:24,0
9:15:25,0
9:15:26,0
9:15:27,0
9:15:28,0
9:15:29,0
9:15:30,0
9:15:31,0
9:15:32,0
9:15:33,0
9:15:34,0
9:15:35,0
9:15:36,0
9:15:37,0
9:15:38,0
9:15:39,0
9:15:40,0
9:15:41,0
9:15:42,0
9:15:43,0
9:15:44,0
9:15:45,0
9:15:46,0
9:15:47,0
9:15:48,0
9:15:49,0
9:15:50,0
9:15:51,0
9:15:52,0
9:15:53,0
9:15:54,0
9:15:55,0
9:15:56,0
9:15:57,0
9:15:58,0
9:15:59,0
9:16:00,0
9:16:01,0
9:16:02,0
9:16:03,0
9:16:04,0
9:16:05,0
9:16:06,0
9:16:07,0
9:16:08,0
9:16:09,0
9:16:10,0
9:16:11,0
9:16:12,0
9:16:13,0
9:16:14,0
9:16:15,0
9:16:16,0
9:16:17,0
9:16:18,0
9:16:19,0
9:16:20,0
9:16:21,0
9:16:22,0
9:16:23,0
9:16:24,0
9:16:25,0
9:16:26,0
9:16:27,0
9:16:28,0
9:16:29,0
9:16:30,0
9:16:31,0
9:16:32,0
9:16:33,0
9:16:34,0
9:16:35,0
9:16:36,0
9:16:37,0
9:16:38,0
9:16:39,0
9:16:40,0
9:16:41,0
9:16:42,0
9:16:43,0
9:16:44,0
9:16:45,0
9:16:46,0
9:16:47,0
9:16:48,0
9:16:49,0
9:16:50,0
9:16:51,0
9:16:52,0
9:16:53,0
9:16:54,0
9:16:55,0
9:16:56,0
9:16:57,0
9:16:58,0
9:16:59,0
9:17:00,0
9:17:01,0
9:17:02,0
9:17:03,0
9:17:04,0
9:17:05,0
9:17:06,0
9:17:07,0
9:17:08,0
9:17:09,0
9:17:10,0
9:17:11,0
9:17:12,0
9:17:13,0
9:17:14,0
9:17:15,0
9:17:16,0
9:17:17,0
9:17:18,0
9:17:19,0
9:17:20,0
9:17:21,0
9:17:22,0
9:17:23,0
9:17:24,0
9:17:25,0
9:17:26,0
9:17:27,0
9:17:28,0
9:17:29,0
9:17:30,0
9:17:31,0
9:17:32,0
9:17:33,0
9:17:34,0
9:17:35,0
9:17:36,0
9:17:37,0
9:17:38,0
9:17:39,0
9:17:40,0
9:17:41,0
9:17:42,0
9:17:43,0
9:17:44,0
9:17:45,0
9:17:46,0
9:17:47,0
9:17:48,0
9:17:49,0
9:17:50,0
9:17:51,0
9:17:52,0
9:17:53,0
9:17:54,0
9:17:55,0
9:17:56,0
9:17:57,0
9:17:58,0
9:17:59,0
9:18:00,0
9:18:01,0
9:18:02,0
9:18:03,0
9:18:04,0
9:18:05,0
9:18:06,0
9:18:07,0
9:18:08,0
9:18:09,0
9:18:10,0
9:18:11,0
9:18:12,0
9:18:13,0
9:18:14,0
9:18:15,0
9:18:16,0
9:18:17,0
9:18:18,0
9:18:19,0
9:18:20,0
9:18:21,0
9:18:22,0
9:18:23,0
9:18:24,0
9:18:25,0
9:18:26,0
9:18:27,0
9:18:28,0
9:18:29,0
9:18:30,0
9:18:31,0
9:18:32,0
9:18:33,0
9:18:34,0
9:18:35,0
9:18:36,0
9:18:37,0
9:18:38,0
9:18:39,0
9:18:40,0
9:18:41,0
9:18:42,0
9:18:43,0
9:18:44,0
9:18:45,0
9:18:46,0
9:18:47,0
9:18:48,0
9:18:49,0
9:18:50,0
9:18:51,0
9:18:52,0
9:18:53,0
9:18:54,0
9:18:55,0
9:18:56,0
9:18:57,0
9:18:58,0
9:18:59,0
9:19:00,0
9:19:01,0
9:19:02,0
9:19:03,0
9:19:04,0
9:19:05,0
9:19:06,0
9:19:07,0
9:19:08,0
9:19:09,0
9:19:10,0
9:19:11,0
9:19:12,0
9:19:13,0
9:19:14,0
9:19:15,0
9:19:16,0
9:19:17,0
9:19:18,0
9:19:19,0
9:19:20,0
9:19:21,0
9:19:22,0
9:19:23,0
9:19:24,0
9:19:25,0
9:19:26,0
9:19:27,0
9:19:28,0
9:19:29,0
9:19:30,0
9:19:31,0
9:19:32,0
9:19:33,0
9:19:34,0
9:19:35,0
9:19:36,0
9:19:37,0
9:19:38,0
9:19:39,0
9:19:40,0
9:19:41,0
9:19:42,0
9:19:43,0
9:19:44,0
9:19:45,0
9:19:46,0
9:19:47,0
9:19:48,0
9:19:49,0
9:19:50,0
9:19:51,0
9:19:52,0
9:19:53,0
9:19:54,0
9:19:55,0
9:19:56,0
9:19:57,0
9:19:58,0
9:19:59,0
9:20:00,0
9:20:01,0
9:20:02,0
9:20:03,0
9:20:04,0
9:20:05,0
9:20:06,0
9:20:07,0
9:20:08,0
9:20:09,0
9:20:10,0
9:20:11,0
9:20:12,0
9:20:13,0
9:20:14,0
9:20:15,0
9:20:16,0
9:20:17,0
9:20:18,0
9:20:19,0
9:20:20,0
9:20:21,0
9:20:22,0
9:20:23,0
9:20:24,0
9:20:25,0
9:20:26,0
9:20:27,0
9:20:28,0
9:20:29,1
9:20:30,0
9:20:31,0
9:20:32,0
9:20:33,1
9:20:34,0
9:20:35,0
9:20:36,0
9:20:37,1
9:20:38,0
9:20:39,0
9:20:40,1
9:20:41,0
9:20:42,0
9:20:43,1
9:20:44,1
9:20:45,1
9:20:46,2
9:20:47,1
9:20:48,1
9:20:49,2
9:20:50,2
9:20:51,1
9:20:52,0
9:20:53,1
9:20:54,0
9:20:55,0
9:20:56,1
9:20:57,0
9:20:58,0
9:20:59,0
9:21:00,0
9:21:01,1
9:21:02,0
9:21:03,0
9:21:04,0
9:21:05,0
9:21:06,0
9:21:07,0
9:21:08,0
9:21:09,0
9:21:10,0
9:21:11,0
9:21:12,0
9:21:13,0
9:21:14,0
9:21:15,1
9:21:16,0
9:21:17,0
9:21:18,0
9:21:19,0
9:21:20,0
9:21:21,0
9:21:22,1
9:21:23,0
9:21:24,0
9:21:25,0
9:21:26,0
9:21:27,1
9:21:28,0
9:21:29,0
9:21:30,0
9:21:31,0
9:21:32,0
9:21:33,0
9:21:34,0
9:21:35,0
9:21:36,0
9:21:37,0
9:21:38,0
9:21:39,0
9:21:40,0
9:21:41,1
9:21:42,0
9:21:43,0
9:21:44,0
9:21:45,0
9:21:46,0
9:21:47,0
9:21:48,0
9:21:49,0
9:21:50,1
9:21:51,1
9:21:52,1
9:21:53,1
9:21:54,1
9:21:55,0
9:21:56,0
9:21:57,1
9:21:58,0
9:21:59,0
9:22:00,0
9:22:01,0
9:22:02,1
9:22:03,0
9:22:04,1
9:22:05,1
9:22:06,1
9:22:07,1
9:22:08,2
9:22:09,2
9:22:10,1
9:22:11,0
9:22:12,0
9:22:13,0
9:22:14,0
9:22:15,0
9:22:16,1
9:22:17,1
9:22:18,0
9:22:19,0
9:22:20,0
9:22:21,0
9:22:22,0
9:22:23,0
9:22:24,0
9:22:25,1
9:22:26,0
9:22:27,1
9:22:28,2
9:22:29,1
9:22:30,2
9:22:31,1
9:22:32,2
9:22:33,0
9:22:34,0
9:22:35,0
9:22:36,0
9:22:37,1
9:22:38,0
9:22:39,0
9:22:40,0
9:22:41,1
9:22:42,0
9:22:43,0
9:22:44,0
9:22:45,1
9:22:46,1
9:22:47,1
9:22:48,2
9:22:49,2
9:22:50,2
9:22:51,0
9:22:52,0
9:22:53,1
9:22:54,1
9:22:55,0
9:22:56,0
9:22:57,0
9:22:58,0
9:22:59,0
9:23:00,0
9:23:01,1
9:23:02,0
9:23:03,0
9:23:04,0
9:23:05,0
9:23:06,0
9:23:07,0
9:23:08,0
9:23:09,0
9:23:10,0
9:23:11,0
9:23:12,0
9:23:13,0
9:23:14,0
9:23:15,1
9:23:16,0
9:23:17,0
9:23:18,1
9:23:19,0
9:23:20,0
9:23:21,0
9:23:22,0
9:23:23,0
9:23:24,0
9:23:25,0
9:23:26,0
9:23:27,1
9:23:28,0
9:23:29,1
9:23:30,0
9:23:31,0
9:23:32,0
9:23:33,0
9:23:34,1
9:23:35,0
9:23:36,1
9:23:37,1
9:23:38,0
9:23:39,1
9:23:40,0
9:23:41,0
9:23:42,0
9:23:43,0
9:23:44,0
9:23:45,0
9:23:46,0
9:23:47,0
9:23:48,0
9:23:49,0
9:23:50,0
9:23:51,0
9:23:52,0
9:23:53,0
9:23:54,0
9:23:55,0
9:23:56,1
9:23:57,0
9:23:58,0
9:23:59,0
9:24:00,0
9:24:01,0
9:24:02,0
9:24:03,0
9:24:04,0
9:24:05,0
9:24:06,0
9:24:07,0
9:24:08,0
9:24:09,0
9:24:10,0
9:24:11,0
9:24:12,0
9:24:13,0
9:24:14,0
9:24:15,1
9:24:16,0
9:24:17,0
9:24:18,0
9:24:19,1
9:24:20,1
9:24:21,0
9:24:22,0
9:24:23,0
9:24:24,0
9:24:25,0
9:24:26,0
9:24:27,0
9:24:28,0
9:24:29,0
9:24:30,0
9:24:31,0
9:24:32,0
9:24:33,0
9:24:34,0
9:24:35,0
9:24:36,0
9:24:37,1
9:24:38,0
9:24:39,0
9:24:40,0
9:24:41,1
9:24:42,0
9:24:43,0
9:24:44,0
9:24:45,0
9:24:46,1
9:24:47,0
9:24:48,1
9:24:49,2
9:24:50,2
9:24:51,1
9:24:52,1
9:24:53,0
9:24:54,0
9:24:55,0
9:24:56,0
9:24:57,0
9:24:58,0
9:24:59,0
9:25:00,0
9:25:01,0
9:25:02,0
9:25:03,0
9:25:04,0
9:25:05,0
9:25:06,0
9:25:07,0
9:25:08,0
9:25:09,0
9:25:10,0
9:25:11,1
9:25:12,0
9:25:13,0
9:25:14,0
9:25:15,0
9:25:16,0
9:25:17,0
9:25:18,0
9:25:19,0
9:25:20,0
9:25:21,0
9:25:22,0
9:25:23,0
9:25:24,0
9:25:25,0
9:25:26,0
9:25:27,0
9:25:28,0
9:25:29,0
9:25:30,0
9:25:31,0
9:25:32,0
9:25:33,0
9:25:34,0
9:25:35,0
9:25:36,0
9:25:37,0
9:25:38,0
9:25:39,0
9:25:40,0
9:25:41,0
9:25:42,0
9:25:43,0
9:25:44,0
9:25:45,0
9:25:46,0
9:25:47,0
9:25:48,0
9:25:49,0
9:25:50,0
9:25:51,0
9:25:52,0
9:25:53,0
9:25:54,0
9:25:55,0
9:25:56,0
9:25:57,0
9:25:58,0
9:25:59,0
9:26:00,0
9:26:01,0
9:26:02,0
9:26:03,0
9:26:04,0
9:26:05,0
9:26:06,0
9:26:07,0
9:26:08,0
9:26:09,0
9:26:10,0
9:26:11,0
9:26:12,0
9:26:13,0
9:26:14,0
9:26:15,0
9:26:16,0
9:26:17,0
9:26:18,0
9:26:19,0
9:26:20,0
9:26:21,0
9:26:22,0
9:26:23,0
9:26:24,0
9:26:25,0
9:26:26,0
9:26:27,1
9:26:28,0
9:26:29,0
9:26:30,0
9:26:31,0
9:26:32,0
9:26:33,0
9:26:34,0
9:26:35,0
9:26:36,0
9:26:37,0
9:26:38,0
9:26:39,0
9:26:40,0
9:26:41,0
9:26:42,0
9:26:43,0
9:26:44,0
9:26:45,1
9:26:46,0
9:26:47,0
9:26:48,0
9:26:49,0
9:26:50,0
9:26:51,0
9:26:52,0
9:26:53,0
9:26:54,0
9:26:55,0
9:26:56,0
9:26:57,0
9:26:58,0
9:26:59,0
9:27:00,0
9:27:01,0
9:27:02,0
9:27:03,0
9:27:04,0
9:27:05,0
9:27:06,0
9:27:07,0
9:27:08,1
9:27:09,0
9:27:10,1
9:27:11,0
9:27:12,0
9:27:13,0
9:27:14,1
9:27:15,0
9:27:16,0
9:27:17,1
9:27:18,1
9:27:19,2
9:27:20,2
9:27:21,1
9:27:22,0
9:27:23,0
9:27:24,1
9:27:25,0
9:27:26,1
9:27:27,0
9:27:28,0
9:27:29,0
9:27:30,0
9:27:31,0
9:27:32,1
9:27:33,0
9:27:34,0
9:27:35,0
9:27:36,0
9:27:37,0
9:27:38,1
9:27:39,0
9:27:40,0
9:27:41,0
9:27:42,0
9:27:43,0
9:27:44,0
9:27:45,0
9:27:46,1
9:27:47,0
9:27:48,0
9:27:49,0
9:27:50,0
9:27:51,0
9:27:52,1
9:27:53,0
9:27:54,1
9:27:55,1
9:27:56,0
9:27:57,0
9:27:58,1
9:27:59,0
9:28:00,0
9:28:01,0
9:28:02,0
9:28:03,0
9:28:04,0
9:28:05,0
9:28:06,0
9:28:07,0
9:28:08,0
9:28:09,0
9:28:10,0
9:28:11,0
9:28:12,0
9:28:13,0
9:28:14,0
9:28:15,0
9:28:16,0
9:28:17,0
9:28:18,0
9:28:19,0
9:28:20,0
9:28:21,1
9:28:22,0
9:28:23,0
9:28:24,0
9:28:25,1
9:28:26,0
9:28:27,0
9:28:28,0
9:28:29,0
9:28:30,0
9:28:31,0
9:28:32,1
9:28:33,0
9:28:34,1
9:28:35,0
9:28:36,0
9:28:37,1
9:28:38,0
9:28:39,0
9:28:40,0
9:28:41,0
9:28:42,0
9:28:43,0
9:28:44,0
9:28:45,0
9:28:46,0
9:28:47,1
9:28:48,0
9:28:49,0
9:28:50,0
9:28:51,0
9:28:52,0
9:28:53,0
9:28:54,0
9:28:55,0
9:28:56,0
9:28:57,0
9:28:58,1
9:28:59,2
9:29:00,0
9:29:01,0
9:29:02,0
9:29:03,0
9:29:04,1
9:29:05,0
9:29:06,0
9:29:07,0
9:29:08,0
9:29:09,0
9:29:10,1
9:29:11,0
9:29:12,0
9:29:13,0
9:29:14,0
9:29:15,1
9:29:16,0
9:29:17,1
9:29:18,1
9:29:19,0
9:29:20,0
9:29:21,0
9:29:22,0
9:29:23,0
9:29:24,0
9:29:25,0
9:29:26,0
9:29:27,0
9:29:28,0
9:29:29,0
9:29:30,0
9:29:31,1
9:29:32,0
9:29:33,1
9:29:34,0
9:29:35,0
9:29:36,0
9:29:37,0
9:29:38,0
9:29:39,0
9:29:40,0
9:29:41,0
9:29:42,0
9:29:43,0
9:29:44,0
9:29:45,0
9:29:46,0
9:29:47,0
9:29:48,0
9:29:49,0
9:29:50,0
9:29:51,0
9:29:52,0
9:29:53,0
9:29:54,0
9:29:55,0
9:29:56,0
9:29:57,0
9:29:58,0
9:29:59,0
9:30:00,0
9:30:01,0
9:30:02,0
9:30:03,0
9:30:04,2
9:30:05,1
9:30:06,2
9:30:07,2
9:30:08,1
9:30:09,1
9:30:10,0
9:30:11,0
9:30:12,1
9:30:13,1
9:30:14,0
9:30:15,0
9:30:16,0
9:30:17,1
9:30:18,0
9:30:19,0
9:30:20,0
9:30:21,0
9:30:22,1
9:30:23,0
9:30:24,0
9:30:25,1
9:30:26,0
9:30:27,0
9:30:28,0
9:30:29,0
9:30:30,1
9:30:31,0
9:30:32,0
9:30:33,0
9:30:34,0
9:30:35,0
9:30:36,0
9:30:37,0
9:30:38,0
9:30:39,0
9:30:40,0
9:30:41,0
9:30:42,1
9:30:43,0
9:30:44,0
9:30:45,0
9:30:46,0
9:30:47,0
9:30:48,1
9:30:49,0
9:30:50,0
9:30:51,0
9:30:52,0
9:30:53,0
9:30:54,0
9:30:55,0
9:30:56,0
9:30:57,1
9:30:58,0
9:30:59,0
9:31:00,2
9:31:01,1
9:31:02,1
9:31:03,0
9:31:04,0
9:31:05,0
9:31:06,0
9:31:07,0
9:31:08,0
9:31:09,0
9:31:10,0
9:31:11,0
9:31:12,0
9:31:13,0
9:31:14,0
9:31:15,0
9:31:16,0
9:31:17,0
9:31:18,0
9:31:19,0
9:31:20,0
9:31:21,0
9:31:22,0
9:31:23,0
9:31:24,0
9:31:25,0
9:31:26,0
9:31:27,0
9:31:28,0
9:31:29,0
9:31:30,0
9:31:31,0
9:31:32,0
9:31:33,0
9:31:34,0
9:31:35,0
9:31:36,0
9:31:37,0
9:31:38,0
9:31:39,0
9:31:40,0
9:31:41,0
9:31:42,0
9:31:43,0
9:31:44,0
9:31:45,0
9:31:46,0
9:31:47,0
9:31:48,0
9:31:49,0
9:31:50,1
9:31:51,0
9:31:52,0
9:31:53,0
9:31:54,0
9:31:55,0
9:31:56,0
9:31:57,0
9:31:58,0
9:31:59,0
9:32:00,0
9:32:01,0
9:32:02,0
9:32:03,0
9:32:04,0
9:32:05,0
9:32:06,0
9:32:07,0
9:32:08,1
9:32:09,0
9:32:10,0
9:32:11,0
9:32:12,0
9:32:13,0
9:32:14,0
9:32:15,0
9:32:16,0
9:32:17,0
9:32:18,0
9:32:19,0
9:32:20,0
9:32:21,0
9:32:22,0
9:32:23,0
9:32:24,0
9:32:25,0
9:32:26,0
9:32:27,0
9:32:28,0
9:32:29,0
9:32:30,0
9:32:31,0
9:32:32,0
9:32:33,0
9:32:34,0
9:32:35,0
9:32:36,0
9:32:37,0
9:32:38,0
9:32:39,0
9:32:40,0
9:32:41,0
9:32:42,0
9:32:43,0
9:32:44,0
9:32:45,0
9:32:46,0
9:32:47,0
9:32:48,0
9:32:49,0
9:32:50,0
9:32:51,0
9:32:52,0
9:32:53,0
9:32:54,0
9:32:55,0
9:32:56,0
9:32:57,0
9:32:58,0
9:32:59,0
9:33:00,0
9:33:01,0
9:33:02,0
9:33:03,0
9:33:04,0
9:33:05,0
9:33:06,0
9:33:07,0
9:33:08,0
9:33:09,0
9:33:10,0
9:33:11,0
9:33:12,0
9:33:13,0
9:33:14,0
9:33:15,0
9:33:16,0
9:33:17,0
9:33:18,0
9:33:19,0
9:33:20,0
9:33:21,0
9:33:22,0
9:33:23,0
9:33:24,0
9:33:25,0
9:33:26,1
9:33:27,0
9:33:28,1
9:33:29,0
9:33:30,0
9:33:31,0
9:33:32,1
9:33:33,0
9:33:34,1
9:33:35,1
9:33:36,0
9:33:37,1
9:33:38,0
9:33:39,0
9:33:40,0
9:33:41,0
9:33:42,0
9:33:43,0
9:33:44,0
9:33:45,1
9:33:46,0
9:33:47,0
9:33:48,0
9:33:49,0
9:33:50,0
9:33:51,0
9:33:52,0
9:33:53,0
9:33:54,0
9:33:55,0
9:33:56,0
9:33:57,0
9:33:58,0
9:33:59,1
9:34:00,0
9:34:01,0
9:34:02,0
9:34:03,0
9:34:04,0
9:34:05,0
9:34:06,0
9:34:07,0
9:34:08,0
9:34:09,0
9:34:10,0
9:34:11,0
9:34:12,0
9:34:13,1
9:34:14,0
9:34:15,0
9:34:16,0
9:34:17,0
9:34:18,0
9:34:19,0
9:34:20,0
9:34:21,0
9:34:22,1
9:34:23,0
9:34:24,0
9:34:25,0
9:34:26,0
9:34:27,0
9:34:28,0
9:34:29,0
9:34:30,0
9:34:31,0
9:34:32,0
9:34:33,0
9:34:34,0
9:34:35,0
9:34:36,0
9:34:37,0
9:34:38,0
9:34:39,0
9:34:40,0
9:34:41,0
9:34:42,0
9:34:43,0
9:34:44,0
9:34:45,0
9:34:46,0
9:34:47,0
9:34:48,0
9:34:49,0
9:34:50,0
9:34:51,0
9:34:52,0
9:34:53,0
9:34:54,0
9:34:55,0
9:34:56,0
9:34:57,0
9:34:58,0
9:34:59,0
9:35:00,0
9:35:01,0
9:35:02,0
9:35:03,0
9:35:04,0
9:35:05,0
9:35:06,0
9:35:07,0
9:35:08,1
9:35:09,0
9:35:10,0
9:35:11,0
9:35:12,0
9:35:13,0
9:35:14,0
9:35:15,0
9:35:16,0
9:35:17,0
9:35:18,0
9:35:19,0
9:35:20,0
9:35:21,1
9:35:22,0
9:35:23,0
9:35:24,1
9:35:25,0
9:35:26,0
9:35:27,0
9:35:28,0
9:35:29,0
9:35:30,0
9:35:31,0
9:35:32,0
9:35:33,0
9:35:34,0
9:35:35,0
9:35:36,0
9:35:37,0
9:35:38,0
9:35:39,0
9:35:40,0
9:35:41,0
9:35:42,0
9:35:43,0
9:35:44,0
9:35:45,0
9:35:46,0
9:35:47,0
9:35:48,0
9:35:49,0
9:35:50,0
9:35:51,0
9:35:52,0
9:35:53,0
9:35:54,1
9:35:55,0
9:35:56,0
9:35:57,0
9:35:58,0
9:35:59,0
9:36:00,0
9:36:01,0
9:36:02,0
9:36:03,0
9:36:04,0
9:36:05,0
9:36:06,0
9:36:07,0
9:36:08,0
9:36:09,0
9:36:10,0
9:36:11,0
9:36:12,0
9:36:13,0
9:36:14,0
9:36:15,0
9:36:16,0
9:36:17,0
9:36:18,1
9:36:19,0
9:36:20,0
9:36:21,0
9:36:22,0
9:36:23,0
9:36:24,0
9:36:25,0
9:36:26,0
9:36:27,0
9:36:28,0
9:36:29,0
9:36:30,0
9:36:31,0
9:36:32,1
9:36:33,0
9:36:34,0
9:36:35,0
9:36:36,0
9:36:37,0
9:36:38,0
9:36:39,0
9:36:40,0
9:36:41,0
9:36:42,0
9:36:43,0
9:36:44,1
9:36:45,0
9:36:46,0
9:36:47,0
9:36:48,0
9:36:49,0
9:36:50,0
9:36:51,0
9:36:52,0
9:36:53,0
9:36:54,0
9:36:55,0
9:36:56,1
9:36:57,0
9:36:58,0
9:36:59,0
9:37:00,0
9:37:01,0
9:37:02,0
9:37:03,1
9:37:04,0
9:37:05,0
9:37:06,0
9:37:07,1
9:37:08,0
9:37:09,0
9:37:10,0
9:37:11,0
9:37:12,0
9:37:13,0
9:37:14,0
9:37:15,0
9:37:16,0
9:37:17,0
9:37:18,0
9:37:19,0
9:37:20,0
9:37:21,0
9:37:22,0
9:37:23,0
9:37:24,0
9:37:25,0
9:37:26,0
9:37:27,0
9:37:28,0
9:37:29,0
9:37:30,0
9:37:31,0
9:37:32,0
9:37:33,0
9:37:34,0
9:37:35,0
9:37:36,1
9:37:37,0
9:37:38,0
9:37:39,0
9:37:40,0
9:37:41,0
9:37:42,0
9:37:43,0
9:37:44,0
9:37:45,0
9:37:46,0
9:37:47,0
9:37:48,0
9:37:49,1
9:37:50,0
9:37:51,0
9:37:52,0
9:37:53,0
9:37:54,0
9:37:55,0
9:37:56,0
9:37:57,0
9:37:58,0
9:37:59,1
9:38:00,0
9:38:01,0
9:38:02,0
9:38:03,0
9:38:04,0
9:38:05,0
9:38:06,0
9:38:07,0
9:38:08,0
9:38:09,0
9:38:10,0
9:38:11,0
9:38:12,0
9:38:13,0
9:38:14,0
9:38:15,0
9:38:16,0
9:38:17,0
9:38:18,0
9:38:19,0
9:38:20,1
9:38:21,0
9:38:22,0
9:38:23,0
9:38:24,0
9:38:25,0
9:38:26,0
9:38:27,0
9:38:28,0
9:38:29,0
9:38:30,0
9:38:31,0
9:38:32,0
9:38:33,0
9:38:34,0
9:38:35,0
9:38:36,0
9:38:37,0
9:38:38,1
9:38:39,0
9:38:40,0
9:38:41,0
9:38:42,0
9:38:43,0
9:38:44,0
9:38:45,0
9:38:46,0
9:38:47,0
9:38:48,0
9:38:49,0
9:38:50,0
9:38:51,0
9:38:52,0
9:38:53,0
9:38:54,0
9:38:55,0
9:38:56,0
9:38:57,0
9:38:58,0
9:38:59,0
9:39:00,0
9:39:01,0
9:39:02,1
9:39:03,0
9:39:04,0
9:39:05,1
9:39:06,0
9:39:07,0
9:39:08,0
9:39:09,0
9:39:10,0
9:39:11,1
9:39:12,0
9:39:13,0
9:39:14,0
9:39:15,0
9:39:16,0
9:39:17,0
9:39:18,0
9:39:19,0
9:39:20,0
9:39:21,0
9:39:22,0
9:39:23,0
9:39:24,0
9:39:25,0
9:39:26,0
9:39:27,0
9:39:28,0
9:39:29,0
9:39:30,0
9:39:31,0
9:39:32,0
9:39:33,0
9:39:34,0
9:39:35,0
9:39:36,0
9:39:37,0
9:39:38,0
9:39:39,0
9:39:40,1
9:39:41,0
9:39:42,0
9:39:43,0
9:39:44,1
9:39:45,0
9:39:46,0
9:39:47,0
9:39:48,0
9:39:49,0
9:39:50,0
9:39:51,0
9:39:52,1
9:39:53,0
9:39:54,0
9:39:55,0
9:39:56,1
9:39:57,0
9:39:58,0
9:39:59,0
9:40:00,0
9:40:01,0
9:40:02,0
9:40:03,0
9:40:04,0
9:40:05,0
9:40:06,0
9:40:07,0
9:40:08,0
9:40:09,0
9:40:10,1
9:40:11,0
9:40:12,0
9:40:13,0
9:40:14,0
9:40:15,0
9:40:16,0
9:40:17,0
9:40:18,0
9:40:19,0
9:40:20,0
9:40:21,0
9:40:22,0
9:40:23,0
9:40:24,0
9:40:25,0
9:40:26,0
9:40:27,0
9:40:28,1
9:40:29,0
9:40:30,0
9:40:31,0
9:40:32,0
9:40:33,0
9:40:34,0
9:40:35,0
9:40:36,0
9:40:37,0
9:40:38,0
9:40:39,0
9:40:40,0
9:40:41,0
9:40:42,0
9:40:43,0
9:40:44,0
9:40:45,0
9:40:46,0
9:40:47,0
9:40:48,0
9:40:49,0
9:40:50,0
9:40:51,0
9:40:52,0
9:40:53,0
9:40:54,0
9:40:55,0
9:40:56,0
9:40:57,0
9:40:58,0
9:40:59,0
9:41:00,0
9:41:01,0
9:41:02,0
9:41:03,0
9:41:04,0
9:41:05,0
9:41:06,0
9:41:07,0
9:41:08,0
9:41:09,0
9:41:10,0
9:41:11,0
9:41:12,0
9:41:13,0
9:41:14,1
9:41:15,0
9:41:16,1
9:41:17,0
9:41:18,0
9:41:19,0
9:41:20,0
9:41:21,0
9:41:22,0
9:41:23,0
9:41:24,0
9:41:25,0
9:41:26,0
9:41:27,0
9:41:28,1
9:41:29,0
9:41:30,0
9:41:31,0
9:41:32,0
9:41:33,0
9:41:34,0
9:41:35,0
9:41:36,0
9:41:37,0
9:41:38,0
9:41:39,0
9:41:40,0
9:41:41,0
9:41:42,0
9:41:43,0
9:41:44,0
9:41:45,1
9:41:46,1
9:41:47,0
9:41:48,0
9:41:49,0
9:41:50,0
9:41:51,0
9:41:52,0
9:41:53,0
9:41:54,0
9:41:55,0
9:41:56,0
9:41:57,0
9:41:58,0
9:41:59,1
9:42:00,0
9:42:01,0
9:42:02,1
9:42:03,0
9:42:04,0
9:42:05,0
9:42:06,0
9:42:07,0
9:42:08,0
9:42:09,0
9:42:10,0
9:42:11,0
9:42:12,0
9:42:13,1
9:42:14,0
9:42:15,0
9:42:16,0
9:42:17,0
9:42:18,0
9:42:19,0
9:42:20,0
9:42:21,0
9:42:22,0
9:42:23,0
9:42:24,0
9:42:25,0
9:42:26,0
9:42:27,0
9:42:28,1
9:42:29,0
9:42:30,0
9:42:31,0
9:42:32,0
9:42:33,0
9:42:34,0
9:42:35,0
9:42:36,0
9:42:37,0
9:42:38,0
9:42:39,0
9:42:40,0
9:42:41,0
9:42:42,0
9:42:43,1
9:42:44,0
9:42:45,0
9:42:46,1
9:42:47,0
9:42:48,0
9:42:49,0
9:42:50,0
9:42:51,0
9:42:52,0
9:42:53,0
9:42:54,0
9:42:55,0
9:42:56,0
9:42:57,0
9:42:58,0
9:42:59,0
9:43:00,0
9:43:01,0
9:43:02,0
9:43:03,0
9:43:04,0
9:43:05,0
9:43:06,0
9:43:07,0
9:43:08,0
9:43:09,0
9:43:10,0
9:43:11,0
9:43:12,0
9:43:13,0
9:43:14,0
9:43:15,0
9:43:16,1
9:43:17,0
9:43:18,0
9:43:19,0
9:43:20,0
9:43:21,0
9:43:22,0
9:43:23,0
9:43:24,0
9:43:25,0
9:43:26,0
9:43:27,1
9:43:28,0
9:43:29,0
9:43:30,0
9:43:31,0
9:43:32,0
9:43:33,0
9:43:34,0
9:43:35,0
9:43:36,0
9:43:37,0
9:43:38,0
9:43:39,0
9:43:40,0
9:43:41,1
9:43:42,0
9:43:43,0
9:43:44,0
9:43:45,0
9:43:46,0
9:43:47,0
9:43:48,0
9:43:49,0
9:43:50,0
9:43:51,0
9:43:52,0
9:43:53,0
9:43:54,0
9:43:55,1
9:43:56,0
9:43:57,0
9:43:58,0
9:43:59,0
9:44:00,0
9:44:01,0
9:44:02,0
9:44:03,0
9:44:04,0
9:44:05,0
9:44:06,0
9:44:07,1
9:44:08,1
9:44:09,0
9:44:10,2
9:44:11,2
9:44:12,0
9:44:13,0
9:44:14,0
9:44:15,0
9:44:16,0
9:44:17,0
9:44:18,0
9:44:19,0
9:44:20,0
9:44:21,0
9:44:22,0
9:44:23,0
9:44:24,0
9:44:25,0
9:44:26,0
9:44:27,0
9:44:28,0
9:44:29,1
9:44:30,0
9:44:31,0
9:44:32,0
9:44:33,0
9:44:34,0
9:44:35,0
9:44:36,0
9:44:37,0
9:44:38,1
9:44:39,0
9:44:40,0
9:44:41,0
9:44:42,0
9:44:43,0
9:44:44,0
9:44:45,0
9:44:46,0
9:44:47,0
9:44:48,0
9:44:49,0
9:44:50,0
9:44:51,1
9:44:52,0
9:44:53,0
9:44:54,1
9:44:55,0
9:44:56,0
9:44:57,0
9:44:58,0
9:44:59,0
9:45:00,0
9:45:01,0
9:45:02,0
9:45:03,0
9:45:04,2
9:45:05,1
9:45:06,1
9:45:07,1
9:45:08,1
9:45:09,0
9:45:10,0
9:45:11,0
9:45:12,0
9:45:13,0
9:45:14,0
9:45:15,0
9:45:16,0
9:45:17,0
9:45:18,0
9:45:19,0
9:45:20,0
9:45:21,0
9:45:22,0
9:45:23,0
9:45:24,0
9:45:25,0
9:45:26,0
9:45:27,0
9:45:28,1
9:45:29,0
9:45:30,0
9:45:31,0
9:45:32,0
9:45:33,0
9:45:34,0
9:45:35,0
9:45:36,0
9:45:37,0
9:45:38,0
9:45:39,0
9:45:40,0
9:45:41,0
9:45:42,0
9:45:43,0
9:45:44,0
9:45:45,0
9:45:46,0
9:45:47,0
9:45:48,0
9:45:49,0
9:45:50,0
9:45:51,0
9:45:52,0
9:45:53,1
9:45:54,0
9:45:55,0
9:45:56,0
9:45:57,0
9:45:58,0
9:45:59,0
9:46:00,0
9:46:01,0
9:46:02,0
9:46:03,0
9:46:04,0
9:46:05,0
9:46:06,0
9:46:07,0
9:46:08,0
9:46:09,0
9:46:10,0
9:46:11,0
9:46:12,0
9:46:13,0
9:46:14,0
9:46:15,0
9:46:16,0
9:46:17,0
9:46:18,0
9:46:19,0
9:46:20,0
9:46:21,0
9:46:22,1
9:46:23,0
9:46:24,0
9:46:25,0
9:46:26,0
9:46:27,0
9:46:28,0
9:46:29,0
9:46:30,0
9:46:31,0
9:46:32,0
9:46:33,0
9:46:34,0
9:46:35,0
9:46:36,0
9:46:37,0
9:46:38,0
9:46:39,0
9:46:40,0
9:46:41,0
9:46:42,0
9:46:43,0
9:46:44,0
9:46:45,0
9:46:46,0
9:46:47,0
9:46:48,0
9:46:49,0
9:46:50,0
9:46:51,1
9:46:52,0
9:46:53,0
9:46:54,0
9:46:55,0
9:46:56,0
9:46:57,0
9:46:58,0
9:46:59,0
9:47:00,0
9:47:01,1
9:47:02,0
9:47:03,0
9:47:04,0
9:47:05,0
9:47:06,0
9:47:07,0
9:47:08,0
9:47:09,0
9:47:10,0
9:47:11,0
9:47:12,0
9:47:13,1
9:47:14,0
9:47:15,0
9:47:16,0
9:47:17,0
9:47:18,0
9:47:19,0
9:47:20,0
9:47:21,0
9:47:22,0
9:47:23,0
9:47:24,0
9:47:25,0
9:47:26,0
9:47:27,0
9:47:28,0
9:47:29,0
9:47:30,0
9:47:31,1
9:47:32,0
9:47:33,0
9:47:34,0
9:47:35,0
9:47:36,0
9:47:37,0
9:47:38,0
9:47:39,0
9:47:40,0
9:47:41,0
9:47:42,1
9:47:43,1
9:47:44,0
9:47:45,1
9:47:46,0
9:47:47,0
9:47:48,0
9:47:49,0
9:47:50,0
9:47:51,0
9:47:52,1
9:47:53,0
9:47:54,0
9:47:55,0
9:47:56,0
9:47:57,0
9:47:58,0
9:47:59,0
9:48:00,0
9:48:01,1
9:48:02,0
9:48:03,0
9:48:04,0
9:48:05,0
9:48:06,0
9:48:07,1
9:48:08,0
9:48:09,0
9:48:10,0
9:48:11,0
9:48:12,0
9:48:13,0
9:48:14,0
9:48:15,0
9:48:16,0
9:48:17,0
9:48:18,0
9:48:19,0
9:48:20,0
9:48:21,0
9:48:22,1
9:48:23,0
9:48:24,0
9:48:25,0
9:48:26,0
9:48:27,0
9:48:28,0
9:48:29,0
9:48:30,0
9:48:31,0
9:48:32,0
9:48:33,0
9:48:34,0
9:48:35,0
9:48:36,0
9:48:37,0
9:48:38,0
9:48:39,0
9:48:40,0
9:48:41,0
9:48:42,0
9:48:43,0
9:48:44,0
9:48:45,0
9:48:46,1
9:48:47,0
9:48:48,0
9:48:49,1
9:48:50,0
9:48:51,0
9:48:52,0
9:48:53,1
9:48:54,1
9:48:55,1
9:48:56,0
9:48:57,0
9:48:58,0
9:48:59,0
9:49:00,0
9:49:01,0
9:49:02,0
9:49:03,0
9:49:04,1
9:49:05,0
9:49:06,0
9:49:07,0
9:49:08,0
9:49:09,0
9:49:10,0
9:49:11,0
9:49:12,0
9:49:13,0
9:49:14,0
9:49:15,0
9:49:16,0
9:49:17,0
9:49:18,1
9:49:19,0
9:49:20,0
9:49:21,0
9:49:22,0
9:49:23,0
9:49:24,0
9:49:25,0
9:49:26,0
9:49:27,0
9:49:28,0
9:49:29,0
9:49:30,0
9:49:31,0
9:49:32,0
9:49:33,0
9:49:34,0
9:49:35,0
9:49:36,0
9:49:37,0
9:49:38,0
9:49:39,0
9:49:40,0
9:49:41,0
9:49:42,0
9:49:43,0
9:49:44,0
9:49:45,0
9:49:46,0
9:49:47,0
9:49:48,0
9:49:49,0
9:49:50,0
9:49:51,0
9:49:52,0
9:49:53,0
9:49:54,0
9:49:55,0
9:49:56,0
9:49:57,0
9:49:58,0
9:49:59,0
9:50:00,0
9:50:01,0
9:50:02,0
9:50:03,0
9:50:04,0
9:50:05,0
9:50:06,0
9:50:07,0
9:50:08,0
9:50:09,0
9:50:10,0
9:50:11,0
9:50:12,0
9:50:13,0
9:50:14,0
9:50:15,0
9:50:16,0
9:50:17,0
9:50:18,1
9:50:19,1
9:50:20,0
9:50:21,0
9:50:22,0
9:50:23,0
9:50:24,0
9:50:25,0
9:50:26,0
9:50:27,0
9:50:28,0
9:50:29,0
9:50:30,0
9:50:31,0
9:50:32,0
9:50:33,0
9:50:34,0
9:50:35,0
9:50:36,0
9:50:37,0
9:50:38,0
9:50:39,0
9:50:40,0
9:50:41,0
9:50:42,0
9:50:43,0
9:50:44,0
9:50:45,0
9:50:46,0
9:50:47,0
9:50:48,0
9:50:49,0
9:50:50,0
9:50:51,0
9:50:52,0
9:50:53,0
9:50:54,0
9:50:55,0
9:50:56,0
9:50:57,0
9:50:58,0
9:50:59,0
9:51:00,0
9:51:01,0
9:51:02,1
9:51:03,0
9:51:04,0
9:51:05,0
9:51:06,0
9:51:07,0
9:51:08,0
9:51:09,0
9:51:10,0
9:51:11,0
9:51:12,0
9:51:13,0
9:51:14,0
9:51:15,1
9:51:16,0
9:51:17,0
9:51:18,0
9:51:19,0
9:51:20,0
9:51:21,0
9:51:22,0
9:51:23,0
9:51:24,0
9:51:25,0
9:51:26,0
9:51:27,0
9:51:28,0
9:51:29,0
9:51:30,0
9:51:31,0
9:51:32,0
9:51:33,0
9:51:34,0
9:51:35,0
9:51:36,0
9:51:37,0
9:51:38,0
9:51:39,0
9:51:40,0
9:51:41,0
9:51:42,1
9:51:43,0
9:51:44,0
9:51:45,0
9:51:46,0
9:51:47,0
9:51:48,0
9:51:49,0
9:51:50,0
9:51:51,0
9:51:52,0
9:51:53,0
9:51:54,0
9:51:55,0
9:51:56,0
9:51:57,0
9:51:58,0
9:51:59,0
9:52:00,0
9:52:01,0
9:52:02,0
9:52:03,0
9:52:04,0
9:52:05,0
9:52:06,0
9:52:07,0
9:52:08,0
9:52:09,0
9:52:10,0
9:52:11,0
9:52:12,0
9:52:13,0
9:52:14,0
9:52:15,0
9:52:16,0
9:52:17,0
9:52:18,0
9:52:19,0
9:52:20,0
9:52:21,0
9:52:22,0
9:52:23,0
9:52:24,0
9:52:25,0
9:52:26,0
9:52:27,0
9:52:28,0
9:52:29,0
9:52:30,0
9:52:31,0
9:52:32,0
9:52:33,0
9:52:34,0
9:52:35,0
9:52:36,0
9:52:37,0
9:52:38,0
9:52:39,0
9:52:40,0
9:52:41,0
9:52:42,0
9:52:43,0
9:52:44,0
9:52:45,0
9:52:46,0
9:52:47,0
9:52:48,0
9:52:49,0
9:52:50,0
9:52:51,0
9:52:52,0
9:52:53,0
9:52:54,0
9:52:55,0
9:52:56,0
9:52:57,0
9:52:58,0
9:52:59,0
9:53:00,0
9:53:01,0
9:53:02,0
9:53:03,0
9:53:04,0
9:53:05,0
9:53:06,0
9:53:07,0
9:53:08,0
9:53:09,0
9:53:10,0
9:53:11,0
9:53:12,0
9:53:13,0
9:53:14,0
9:53:15,0
9:53:16,0
9:53:17,0
9:53:18,0
9:53:19,0
9:53:20,0
9:53:21,0
9:53:22,0
9:53:23,0
9:53:24,0
9:53:25,0
9:53:26,0
9:53:27,0
9:53:28,0
9:53:29,0
9:53:30,0
9:53:31,0
9:53:32,0
9:53:33,0
9:53:34,0
9:53:35,0
9:53:36,0
9:53:37,0
9:53:38,0
9:53:39,0
9:53:40,0
9:53:41,0
9:53:42,0
9:53:43,0
9:53:44,0
9:53:45,0
9:53:46,0
9:53:47,0
9:53:48,0
9:53:49,0
9:53:50,0
9:53:51,0
9:53:52,0
9:53:53,0
9:53:54,0
9:53:55,0
9:53:56,0
9:53:57,0
9:53:58,0
9:53:59,0
9:54:00,0
9:54:01,0
9:54:02,0
9:54:03,0
9:54:04,0
9:54:05,0
9:54:06,0
9:54:07,0
9:54:08,0
9:54:09,0
9:54:10,0
9:54:11,1
9:54:12,0
9:54:13,0
9:54:14,0
9:54:15,0
9:54:16,0
9:54:17,0
9:54:18,0
9:54:19,0
9:54:20,0
9:54:21,0
9:54:22,0
9:54:23,0
9:54:24,0
9:54:25,0
9:54:26,0
9:54:27,0
9:54:28,0
9:54:29,0
9:54:30,0
9:54:31,0
9:54:32,0
9:54:33,0
9:54:34,0
9:54:35,0
9:54:36,0
9:54:37,0
9:54:38,0
9:54:39,0
9:54:40,0
9:54:41,0
9:54:42,0
9:54:43,0
9:54:44,0
9:54:45,0
9:54:46,0
9:54:47,0
9:54:48,0
9:54:49,0
9:54:50,0
9:54:51,0
9:54:52,0
9:54:53,0
9:54:54,0
9:54:55,0
9:54:56,0
9:54:57,0
9:54:58,0
9:54:59,0
9:55:00,0
9:55:01,0
9:55:02,0
9:55:03,0
9:55:04,0
9:55:05,0
9:55:06,0
9:55:07,0
9:55:08,0
9:55:09,1
9:55:10,0
9:55:11,0
9:55:12,0
9:55:13,0
9:55:14,0
9:55:15,0
9:55:16,0
9:55:17,0
9:55:18,0
9:55:19,0
9:55:20,0
9:55:21,1
9:55:22,0
9:55:23,0
9:55:24,0
9:55:25,0
9:55:26,0
9:55:27,0
9:55:28,0
9:55:29,0
9:55:30,0
9:55:31,0
9:55:32,0
9:55:33,0
9:55:34,0
9:55:35,0
9:55:36,1
9:55:37,0
9:55:38,0
9:55:39,0
9:55:40,0
9:55:41,0
9:55:42,0
9:55:43,0
9:55:44,0
9:55:45,0
9:55:46,0
9:55:47,0
9:55:48,0
9:55:49,0
9:55:50,0
9:55:51,0
9:55:52,0
9:55:53,0
9:55:54,0
9:55:55,0
9:55:56,0
9:55:57,0
9:55:58,0
9:55:59,0
9:56:00,0
9:56:01,0
9:56:02,0
9:56:03,0
9:56:04,0
9:56:05,0
9:56:06,0
9:56:07,0
9:56:08,0
9:56:09,0
9:56:10,0
9:56:11,0
9:56:12,0
9:56:13,0
9:56:14,0
9:56:15,0
9:56:16,0
9:56:17,0
9:56:18,0
9:56:19,0
9:56:20,0
9:56:21,0
9:56:22,0
9:56:23,0
9:56:24,0
9:56:25,0
9:56:26,0
9:56:27,0
9:56:28,0
9:56:29,0
9:56:30,0
9:56:31,0
9:56:32,0
9:56:33,0
9:56:34,0
9:56:35,0
9:56:36,0
9:56:37,0
9:56:38,0
9:56:39,0
9:56:40,0
9:56:41,0
9:56:42,0
9:56:43,0
9:56:44,0
9:56:45,0
9:56:46,0
9:56:47,0
9:56:48,0
9:56:49,0
9:56:50,0
9:56:51,0
9:56:52,0
9:56:53,0
9:56:54,0
9:56:55,0
9:56:56,0
9:56:57,0
9:56:58,0
9:56:59,0
9:57:00,0
9:57:01,0
9:57:02,0
9:57:03,0
9:57:04,0
9:57:05,0
9:57:06,0
9:57:07,0
9:57:08,0
9:57:09,1
9:57:10,0
9:57:11,0
9:57:12,0
9:57:13,0
9:57:14,0
9:57:15,0
9:57:16,0
9:57:17,0
9:57:18,0
9:57:19,0
9:57:20,0
9:57:21,0
9:57:22,0
9:57:23,0
9:57:24,0
9:57:25,0
9:57:26,0
9:57:27,0
9:57:28,0
9:57:29,0
9:57:30,0
9:57:31,0
9:57:32,0
9:57:33,0
9:57:34,0
9:57:35,0
9:57:36,0
9:57:37,0
9:57:38,0
9:57:39,0
9:57:40,1
9:57:41,0
9:57:42,0
9:57:43,0
9:57:44,0
9:57:45,0
9:57:46,0
9:57:47,0
9:57:48,0
9:57:49,0
9:57:50,0
9:57:51,0
9:57:52,0
9:57:53,0
9:57:54,0
9:57:55,0
9:57:56,0
9:57:57,0
9:57:58,0
9:57:59,0
9:58:00,0
9:58:01,0
9:58:02,0
9:58:03,0
9:58:04,0
9:58:05,0
9:58:06,0
9:58:07,1
9:58:08,0
9:58:09,0
9:58:10,0
9:58:11,0
9:58:12,0
9:58:13,0
9:58:14,0
9:58:15,0
9:58:16,0
9:58:17,1
9:58:18,0
9:58:19,0
9:58:20,0
9:58:21,0
9:58:22,0
9:58:23,0
9:58:24,0
9:58:25,0
9:58:26,0
9:58:27,0
9:58:28,0
9:58:29,0
9:58:30,0
9:58:31,0
9:58:32,0
9:58:33,0
9:58:34,0
9:58:35,0
9:58:36,0
9:58:37,0
9:58:38,0
9:58:39,0
9:58:40,0
9:58:41,0
9:58:42,0
9:58:43,0
9:58:44,0
9:58:45,0
9:58:46,1
9:58:47,0
9:58:48,0
9:58:49,0
9:58:50,0
9:58:51,0
9:58:52,0
9:58:53,1
9:58:54,1
9:58:55,0
9:58:56,0
9:58:57,0
9:58:58,0
9:58:59,0
9:59:00,0
9:59:01,0
9:59:02,0
9:59:03,0
9:59:04,0
9:59:05,0
9:59:06,0
9:59:07,0
9:59:08,0
9:59:09,0
9:59:10,0
9:59:11,0
9:59:12,0
9:59:13,0
9:59:14,0
9:59:15,0
9:59:16,0
9:59:17,0
9:59:18,0
9:59:19,1
9:59:20,0
9:59:21,0
9:59:22,0
9:59:23,0
9:59:24,0
9:59:25,0
9:59:26,0
9:59:27,0
9:59:28,1
9:59:29,0
9:59:30,0
9:59:31,0
9:59:32,0
9:59:33,0
9:59:34,0
9:59:35,0
9:59:36,0
9:59:37,0
9:59:38,0
9:59:39,0
9:59:40,0
9:59:41,0
9:59:42,1
9:59:43,2
9:59:44,2
9:59:45,1
9:59:46,1
9:59:47,0
9:59:48,0
9:59:49,0
9:59:50,0
9:59:51,0
9:59:52,0
9:59:53,0
9:59:54,0
9:59:55,0
9:59:56,0
9:59:57,0
9:59:58,0
9:59:59,0
10:00:00,0
10:00:01,0
10:00:02,0
10:00:03,0
10:00:04,0
10:00:05,0
10:00:06,0
10:00:07,0
10:00:08,0
10:00:09,0
10:00:10,0
10:00:11,0
10:00:12,0
10:00:13,0
10:00:14,0
10:00:15,0
10:00:16,0
10:00:17,0
10:00:18,0
10:00:19,0
10:00:20,0
10:00:21,0
10:00:22,0
10:00:23,0
10:00:24,0
10:00:25,0
10:00:26,0
10:00:27,0
10:00:28,0
10:00:29,0
10:00:30,0
10:00:31,0
10:00:32,0
10:00:33,0
10:00:34,0
10:00:35,0
10:00:36,0
10:00:37,0
10:00:38,0
10:00:39,0
10:00:40,0
10:00:41,0
10:00:42,0
10:00:43,1
10:00:44,0
10:00:45,0
10:00:46,0
10:00:47,0
10:00:48,0
10:00:49,0
10:00:50,0
10:00:51,0
10:00:52,0
10:00:53,0
10:00:54,0
10:00:55,0
10:00:56,0
10:00:57,0
10:00:58,0
10:00:59,0
10:01:00,0
10:01:01,0
10:01:02,0
10:01:03,0
10:01:04,0
10:01:05,0
10:01:06,0
10:01:07,0
10:01:08,0
10:01:09,0
10:01:10,0
10:01:11,0
10:01:12,0
10:01:13,0
10:01:14,0
10:01:15,0
10:01:16,0
10:01:17,0
10:01:18,0
10:01:19,0
10:01:20,0
10:01:21,0
10:01:22,0
10:01:23,0
10:01:24,0
10:01:25,0
10:01:26,0
10:01:27,0
10:01:28,0
10:01:29,0
10:01:30,0
10:01:31,0
10:01:32,0
10:01:33,0
10:01:34,0
10:01:35,0
10:01:36,0
10:01:37,0
10:01:38,0
10:01:39,0
10:01:40,0
10:01:41,0
10:01:42,0
10:01:43,0
10:01:44,0
10:01:45,0
10:01:46,0
10:01:47,0
10:01:48,0
10:01:49,0
10:01:50,0
10:01:51,0
10:01:52,0
10:01:53,0
10:01:54,0
10:01:55,0
10:01:56,0
10:01:57,0
10:01:58,0
10:01:59,0
10:02:00,0
10:02:01,0
10:02:02,0
10:02:03,0
10:02:04,0
10:02:05,0
10:02:06,0
10:02:07,0
10:02:08,0
10:02:09,0
10:02:10,0
10:02:11,0
10:02:12,0
10:02:13,0
10:02:14,0
10:02:15,0
10:02:16,0
10:02:17,0
10:02:18,0
10:02:19,0
10:02:20,0
10:02:21,0
10:02:22,0
10:02:23,0
10:02:24,0
10:02:25,0
10:02:26,0
10:02:27,0
10:02:28,0
10:02:29,0
10:02:30,0
10:02:31,0
10:02:32,0
10:02:33,0
10:02:34,0
10:02:35,0
10:02:36,0
10:02:37,0
10:02:38,0
10:02:39,0
10:02:40,0
10:02:41,0
10:02:42,0
10:02:43,0
10:02:44,0
10:02:45,1
10:02:46,0
10:02:47,0
10:02:48,1
10:02:49,0
10:02:50,0
10:02:51,0
10:02:52,0
10:02:53,0
10:02:54,0
10:02:55,0
10:02:56,0
10:02:57,0
10:02:58,0
10:02:59,1
10:03:00,0
10:03:01,0
10:03:02,0
10:03:03,0
10:03:04,0
10:03:05,0
10:03:06,0
10:03:07,0
10:03:08,0
10:03:09,0
10:03:10,0
10:03:11,0
10:03:12,0
10:03:13,0
10:03:14,0
10:03:15,0
10:03:16,0
10:03:17,0
10:03:18,0
10:03:19,0
10:03:20,0
10:03:21,0
10:03:22,0
10:03:23,0
10:03:24,1
10:03:25,0
10:03:26,0
10:03:27,1
10:03:28,1
10:03:29,0
10:03:30,2
10:03:31,0
10:03:32,0
10:03:33,0
10:03:34,0
10:03:35,0
10:03:36,1
10:03:37,0
10:03:38,2
10:03:39,2
10:03:40,1
10:03:41,2
10:03:42,0
10:03:43,1
10:03:44,0
10:03:45,0
10:03:46,0
10:03:47,0
10:03:48,0
10:03:49,0
10:03:50,0
10:03:51,0
10:03:52,0
10:03:53,0
10:03:54,1
10:03:55,0
10:03:56,0
10:03:57,0
10:03:58,1
10:03:59,0
10:04:00,0
10:04:01,0
10:04:02,0
10:04:03,0
10:04:04,0
10:04:05,1
10:04:06,1
10:04:07,0
10:04:08,0
10:04:09,0
10:04:10,0
10:04:11,0
10:04:12,0
10:04:13,0
10:04:14,0
10:04:15,0
10:04:16,0
10:04:17,0
10:04:18,0
10:04:19,0
10:04:20,0
10:04:21,0
10:04:22,0
10:04:23,0
10:04:24,0
10:04:25,0
10:04:26,0
10:04:27,0
10:04:28,0
10:04:29,1
10:04:30,0
10:04:31,1
10:04:32,1
10:04:33,0
10:04:34,1
10:04:35,0
10:04:36,0
10:04:37,1
10:04:38,0
10:04:39,0
10:04:40,0
10:04:41,0
10:04:42,0
10:04:43,0
10:04:44,0
10:04:45,1
10:04:46,0
10:04:47,0
10:04:48,0
10:04:49,0
10:04:50,0
10:04:51,0
10:04:52,1
10:04:53,0
10:04:54,0
10:04:55,1
10:04:56,0
10:04:57,0
10:04:58,0
10:04:59,0
10:05:00,0
10:05:01,0
10:05:02,0
10:05:03,0
10:05:04,0
10:05:05,0
10:05:06,0
10:05:07,0
10:05:08,0
10:05:09,0
10:05:10,0
10:05:11,0
10:05:12,0
10:05:13,0
10:05:14,0
10:05:15,0
10:05:16,0
10:05:17,0
10:05:18,0
10:05:19,0
10:05:20,0
10:05:21,0
10:05:22,0
10:05:23,0
10:05:24,0
10:05:25,0
10:05:26,0
10:05:27,0
10:05:28,0
10:05:29,0
10:05:30,0
10:05:31,0
10:05:32,0
10:05:33,0
10:05:34,0
10:05:35,0
10:05:36,0
10:05:37,0
10:05:38,0
10:05:39,0
10:05:40,0
10:05:41,0
10:05:42,0
10:05:43,0
10:05:44,0
10:05:45,0
10:05:46,0
10:05:47,0
10:05:48,0
10:05:49,0
10:05:50,0
10:05:51,0
10:05:52,0
10:05:53,0
10:05:54,0
10:05:55,0
10:05:56,0
10:05:57,0
10:05:58,0
10:05:59,0
10:06:00,0
10:06:01,0
10:06:02,0
10:06:03,0
10:06:04,0
10:06:05,0
10:06:06,0
10:06:07,0
10:06:08,0
10:06:09,0
10:06:10,0
10:06:11,0
10:06:12,0
10:06:13,0
10:06:14,0
10:06:15,0
10:06:16,0
10:06:17,0
10:06:18,0
10:06:19,0
10:06:20,0
10:06:21,0
10:06:22,0
10:06:23,0
10:06:24,0
10:06:25,0
10:06:26,0
10:06:27,0
10:06:28,0
10:06:29,0
10:06:30,0
10:06:31,0
10:06:32,0
10:06:33,0
10:06:34,0
10:06:35,0
10:06:36,0
10:06:37,0
10:06:38,0
10:06:39,1
10:06:40,0
10:06:41,0
10:06:42,1
10:06:43,0
10:06:44,0
10:06:45,0
10:06:46,0
10:06:47,0
10:06:48,0
10:06:49,0
10:06:50,0
10:06:51,0
10:06:52,0
10:06:53,0
10:06:54,0
10:06:55,0
10:06:56,0
10:06:57,0
10:06:58,0
10:06:59,0
10:07:00,0
10:07:01,0
10:07:02,0
10:07:03,0
10:07:04,0
10:07:05,0
10:07:06,0
10:07:07,0
10:07:08,0
10:07:09,0
10:07:10,0
10:07:11,0
10:07:12,0
10:07:13,1
10:07:14,0
10:07:15,0
10:07:16,0
10:07:17,0
10:07:18,0
10:07:19,0
10:07:20,0
10:07:21,0
10:07:22,0
10:07:23,0
10:07:24,0
10:07:25,0
10:07:26,0
10:07:27,0
10:07:28,0
10:07:29,0
10:07:30,0
10:07:31,0
10:07:32,0
10:07:33,0
10:07:34,0
10:07:35,1
10:07:36,0
10:07:37,0
10:07:38,2
10:07:39,2
10:07:40,1
10:07:41,1
10:07:42,0
10:07:43,1
10:07:44,1
10:07:45,0
10:07:46,1
10:07:47,0
10:07:48,0
10:07:49,0
10:07:50,0
10:07:51,0
10:07:52,1
10:07:53,0
10:07:54,0
10:07:55,0
10:07:56,1
10:07:57,2
10:07:58,0
10:07:59,0
10:08:00,1
10:08:01,1
10:08:02,1
10:08:03,1
10:08:04,1
10:08:05,0
10:08:06,0
10:08:07,0
10:08:08,0
10:08:09,0
10:08:10,0
10:08:11,0
10:08:12,0
10:08:13,0
10:08:14,1
10:08:15,1
10:08:16,0
10:08:17,0
10:08:18,0
10:08:19,0
10:08:20,0
10:08:21,0
10:08:22,0
10:08:23,0
10:08:24,0
10:08:25,0
10:08:26,0
10:08:27,0
10:08:28,0
10:08:29,0
10:08:30,0
10:08:31,0
10:08:32,0
10:08:33,2
10:08:34,1
10:08:35,1
10:08:36,1
10:08:37,1
10:08:38,0
10:08:39,1
10:08:40,1
10:08:41,1
10:08:42,1
10:08:43,0
10:08:44,0
10:08:45,0
10:08:46,0
10:08:47,0
10:08:48,0
10:08:49,0
10:08:50,0
10:08:51,0
10:08:52,0
10:08:53,0
10:08:54,0
10:08:55,0
10:08:56,0
10:08:57,0
10:08:58,1
10:08:59,0
10:09:00,0
10:09:01,0
10:09:02,0
10:09:03,0
10:09:04,0
10:09:05,0
10:09:06,1
10:09:07,0
10:09:08,1
10:09:09,1
10:09:10,2
10:09:11,2
10:09:12,0
10:09:13,0
10:09:14,0
10:09:15,0
10:09:16,0
10:09:17,0
10:09:18,0
10:09:19,0
10:09:20,0
10:09:21,0
10:09:22,0
10:09:23,0
10:09:24,0
10:09:25,0
10:09:26,0
10:09:27,0
10:09:28,1
10:09:29,0
10:09:30,0
10:09:31,0
10:09:32,0
10:09:33,0
10:09:34,0
10:09:35,0
10:09:36,0
10:09:37,0
10:09:38,0
10:09:39,0
10:09:40,1
10:09:41,1
10:09:42,0
10:09:43,0
10:09:44,0
10:09:45,0
10:09:46,0
10:09:47,0
10:09:48,0
10:09:49,0
10:09:50,0
10:09:51,0
10:09:52,0
10:09:53,0
10:09:54,0
10:09:55,0
10:09:56,0
10:09:57,1
10:09:58,0
10:09:59,0
10:10:00,0
10:10:01,0
10:10:02,0
10:10:03,0
10:10:04,0
10:10:05,0
10:10:06,0
10:10:07,0
10:10:08,0
10:10:09,0
10:10:10,0
10:10:11,0
10:10:12,1
10:10:13,0
10:10:14,0
10:10:15,0
10:10:16,0
10:10:17,1
10:10:18,1
10:10:19,0
10:10:20,0
10:10:21,0
10:10:22,0
10:10:23,0
10:10:24,0
10:10:25,0
10:10:26,0
10:10:27,0
10:10:28,1
10:10:29,1
10:10:30,1
10:10:31,0
10:10:32,1
10:10:33,0
10:10:34,0
10:10:35,0
10:10:36,0
10:10:37,0
10:10:38,0
10:10:39,0
10:10:40,0
10:10:41,0
10:10:42,0
10:10:43,0
10:10:44,0
10:10:45,0
10:10:46,0
10:10:47,0
10:10:48,1
10:10:49,0
10:10:50,1
10:10:51,0
10:10:52,0
10:10:53,0
10:10:54,0
10:10:55,0
10:10:56,0
10:10:57,0
10:10:58,0
10:10:59,0
10:11:00,0
10:11:01,0
10:11:02,0
10:11:03,0
10:11:04,0
10:11:05,0
10:11:06,0
10:11:07,0
10:11:08,0
10:11:09,0
10:11:10,0
10:11:11,0
10:11:12,1
10:11:13,0
10:11:14,0
10:11:15,0
10:11:16,0
10:11:17,0
10:11:18,0
10:11:19,0
10:11:20,0
10:11:21,0
10:11:22,0
10:11:23,0
10:11:24,0
10:11:25,0
10:11:26,0
10:11:27,0
10:11:28,0
10:11:29,0
10:11:30,0
10:11:31,0
10:11:32,0
10:11:33,1
10:11:34,0
10:11:35,0
10:11:36,0
10:11:37,0
10:11:38,0
10:11:39,0
10:11:40,0
10:11:41,1
10:11:42,0
10:11:43,0
10:11:44,0
10:11:45,0
10:11:46,1
10:11:47,0
10:11:48,0
10:11:49,0
10:11:50,0
10:11:51,0
10:11:52,0
10:11:53,0
10:11:54,0
10:11:55,0
10:11:56,0
10:11:57,0
10:11:58,0
10:11:59,0
10:12:00,0
10:12:01,0
10:12:02,0
10:12:03,0
10:12:04,0
10:12:05,0
10:12:06,0
10:12:07,0
10:12:08,0
10:12:09,0
10:12:10,0
10:12:11,0
10:12:12,0
10:12:13,0
10:12:14,0
10:12:15,0
10:12:16,0
10:12:17,0
10:12:18,0
10:12:19,0
10:12:20,0
10:12:21,0
10:12:22,0
10:12:23,0
10:12:24,0
10:12:25,0
10:12:26,0
10:12:27,0
10:12:28,0
10:12:29,1
10:12:30,0
10:12:31,0
10:12:32,0
10:12:33,1
10:12:34,1
10:12:35,1
10:12:36,2
10:12:37,1
10:12:38,1
10:12:39,0
10:12:40,1
10:12:41,1
10:12:42,0
10:12:43,0
10:12:44,0
10:12:45,0
10:12:46,0
10:12:47,0
10:12:48,0
10:12:49,0
10:12:50,0
10:12:51,0
10:12:52,0
10:12:53,0
10:12:54,0
10:12:55,0
10:12:56,0
10:12:57,0
10:12:58,0
10:12:59,0
10:13:00,0
10:13:01,0
10:13:02,0
10:13:03,0
10:13:04,0
10:13:05,0
10:13:06,0
10:13:07,0
10:13:08,0
10:13:09,0
10:13:10,0
10:13:11,0
10:13:12,0
10:13:13,0
10:13:14,0
10:13:15,0
10:13:16,0
10:13:17,0
10:13:18,0
10:13:19,0
10:13:20,0
10:13:21,0
10:13:22,0
10:13:23,0
10:13:24,0
10:13:25,0
10:13:26,0
10:13:27,0
10:13:28,0
10:13:29,0
10:13:30,0
10:13:31,0
10:13:32,0
10:13:33,0
10:13:34,0
10:13:35,0
10:13:36,0
10:13:37,0
10:13:38,0
10:13:39,0
10:13:40,0
10:13:41,0
10:13:42,0
10:13:43,0
10:13:44,0
10:13:45,0
10:13:46,0
10:13:47,0
10:13:48,0
10:13:49,0
10:13:50,0
10:13:51,0
10:13:52,0
10:13:53,0
10:13:54,0
10:13:55,0
10:13:56,0
10:13:57,0
10:13:58,0
10:13:59,0
10:14:00,0
10:14:01,0
10:14:02,1
10:14:03,0
10:14:04,0
10:14:05,0
10:14:06,0
10:14:07,0
10:14:08,0
10:14:09,0
10:14:10,0
10:14:11,0
10:14:12,0
10:14:13,0
10:14:14,0
10:14:15,0
10:14:16,0
10:14:17,0
10:14:18,0
10:14:19,0
10:14:20,0
10:14:21,0
10:14:22,0
10:14:23,0
10:14:24,0
10:14:25,0
10:14:26,0
10:14:27,0
10:14:28,0
10:14:29,0
10:14:30,0
10:14:31,0
10:14:32,0
10:14:33,0
10:14:34,0
10:14:35,0
10:14:36,0
10:14:37,0
10:14:38,0
10:14:39,0
10:14:40,0
10:14:41,0
10:14:42,0
10:14:43,0
10:14:44,0
10:14:45,0
10:14:46,0
10:14:47,0
10:14:48,0
10:14:49,0
10:14:50,0
10:14:51,0
10:14:52,0
10:14:53,0
10:14:54,0
10:14:55,0
10:14:56,0
10:14:57,0
10:14:58,0
10:14:59,0
10:15:00,0
10:15:01,0
10:15:02,0
10:15:03,0
10:15:04,0
10:15:05,0
10:15:06,0
10:15:07,0
10:15:08,0
10:15:09,0
10:15:10,0
10:15:11,0
10:15:12,0
10:15:13,0
10:15:14,0
10:15:15,0
10:15:16,0
10:15:17,0
10:15:18,0
10:15:19,0
10:15:20,1
10:15:21,0
10:15:22,0
10:15:23,0
10:15:24,0
10:15:25,0
10:15:26,0
10:15:27,0
10:15:28,0
10:15:29,0
10:15:30,0
10:15:31,1
10:15:32,0
10:15:33,0
10:15:34,0
10:15:35,0
10:15:36,0
10:15:37,0
10:15:38,0
10:15:39,0
10:15:40,0
10:15:41,0
10:15:42,0
10:15:43,0
10:15:44,0
10:15:45,0
10:15:46,0
10:15:47,0
10:15:48,0
10:15:49,0
10:15:50,0
10:15:51,0
10:15:52,0
10:15:53,0
10:15:54,0
10:15:55,0
10:15:56,0
10:15:57,0
10:15:58,0
10:15:59,0
10:16:00,0
10:16:01,0
10:16:02,0
10:16:03,0
10:16:04,0
10:16:05,0
10:16:06,0
10:16:07,0
10:16:08,0
10:16:09,0
10:16:10,0
10:16:11,0
10:16:12,0
10:16:13,0
10:16:14,0
10:16:15,0
10:16:16,0
10:16:17,0
10:16:18,0
10:16:19,0
10:16:20,0
10:16:21,0
10:16:22,0
10:16:23,0
10:16:24,0
10:16:25,1
10:16:26,0
10:16:27,0
10:16:28,0
10:16:29,1
10:16:30,0
10:16:31,0
10:16:32,0
10:16:33,0
10:16:34,1
10:16:35,0
10:16:36,0
10:16:37,1
10:16:38,1
10:16:39,1
10:16:40,2
10:16:41,1
10:16:42,2
10:16:43,0
10:16:44,0
10:16:45,1
10:16:46,0
10:16:47,0
10:16:48,0
10:16:49,0
10:16:50,0
10:16:51,0
10:16:52,0
10:16:53,1
10:16:54,0
10:16:55,0
10:16:56,0
10:16:57,0
10:16:58,0
10:16:59,0
10:17:00,0
10:17:01,0
10:17:02,0
10:17:03,0
10:17:04,0
10:17:05,0
10:17:06,0
10:17:07,0
10:17:08,0
10:17:09,0
10:17:10,1
10:17:11,0
10:17:12,0
10:17:13,0
10:17:14,1
10:17:15,0
10:17:16,0
10:17:17,0
10:17:18,0
10:17:19,0
10:17:20,1
10:17:21,1
10:17:22,0
10:17:23,2
10:17:24,1
10:17:25,1
10:17:26,2
10:17:27,2
10:17:28,1
10:17:29,0
10:17:30,1
10:17:31,0
10:17:32,0
10:17:33,0
10:17:34,0
10:17:35,0
10:17:36,0
10:17:37,1
10:17:38,0
10:17:39,1
10:17:40,0
10:17:41,0
10:17:42,0
10:17:43,0
10:17:44,0
10:17:45,0
10:17:46,0
10:17:47,0
10:17:48,0
10:17:49,0
10:17:50,0
10:17:51,0
10:17:52,0
10:17:53,0
10:17:54,0
10:17:55,1
10:17:56,0
10:17:57,0
10:17:58,0
10:17:59,0
10:18:00,0
10:18:01,0
10:18:02,1
10:18:03,1
10:18:04,0
10:18:05,0
10:18:06,0
10:18:07,0
10:18:08,0
10:18:09,0
10:18:10,0
10:18:11,1
10:18:12,0
10:18:13,0
10:18:14,0
10:18:15,0
10:18:16,0
10:18:17,0
10:18:18,0
10:18:19,0
10:18:20,1
10:18:21,0
10:18:22,0
10:18:23,0
10:18:24,0
10:18:25,0
10:18:26,0
10:18:27,0
10:18:28,0
10:18:29,0
10:18:30,0
10:18:31,0
10:18:32,0
10:18:33,0
10:18:34,0
10:18:35,0
10:18:36,0
10:18:37,0
10:18:38,0
10:18:39,0
10:18:40,0
10:18:41,0
10:18:42,0
10:18:43,0
10:18:44,0
10:18:45,0
10:18:46,0
10:18:47,0
10:18:48,0
10:18:49,0
10:18:50,0
10:18:51,0
10:18:52,0
10:18:53,0
10:18:54,0
10:18:55,0
10:18:56,0
10:18:57,0
10:18:58,0
10:18:59,0
10:19:00,0
10:19:01,0
10:19:02,0
10:19:03,0
10:19:04,0
10:19:05,0
10:19:06,0
10:19:07,0
10:19:08,0
10:19:09,0
10:19:10,0
10:19:11,0
10:19:12,0
10:19:13,0
10:19:14,0
10:19:15,0
10:19:16,0
10:19:17,0
10:19:18,0
10:19:19,0
10:19:20,0
10:19:21,0
10:19:22,0
10:19:23,0
10:19:24,0
10:19:25,0
10:19:26,0
10:19:27,0
10:19:28,0
10:19:29,0
10:19:30,0
10:19:31,0
10:19:32,0
10:19:33,0
10:19:34,0
10:19:35,0
10:19:36,0
10:19:37,0
10:19:38,0
10:19:39,0
10:19:40,0
10:19:41,0
10:19:42,0
10:19:43,0
10:19:44,0
10:19:45,0
10:19:46,0
10:19:47,0
10:19:48,0
10:19:49,0
10:19:50,0
10:19:51,0
10:19:52,0
10:19:53,0
10:19:54,0
10:19:55,0
10:19:56,0
10:19:57,0
10:19:58,0
10:19:59,0
10:20:00,0
10:20:01,0
10:20:02,0
10:20:03,0
10:20:04,0
10:20:05,0
10:20:06,0
10:20:07,0
10:20:08,0
10:20:09,0
10:20:10,0
10:20:11,0
10:20:12,0
10:20:13,0
10:20:14,0
10:20:15,0
10:20:16,0
10:20:17,0
10:20:18,0
10:20:19,0
10:20:20,1
10:20:21,1
10:20:22,0
10:20:23,0
10:20:24,0
10:20:25,0
10:20:26,0
10:20:27,0
10:20:28,0
10:20:29,0
10:20:30,0
10:20:31,0
10:20:32,0
10:20:33,0
10:20:34,0
10:20:35,0
10:20:36,0
10:20:37,0
10:20:38,0
10:20:39,0
10:20:40,2
10:20:41,2
10:20:42,2
10:20:43,1
10:20:44,2
10:20:45,2
10:20:46,2
10:20:47,1
10:20:48,1
10:20:49,0
10:20:50,0
10:20:51,0
10:20:52,1
10:20:53,0
10:20:54,0
10:20:55,0
10:20:56,0
10:20:57,0
10:20:58,0
10:20:59,0
10:21:00,0
10:21:01,0
10:21:02,0
10:21:03,0
10:21:04,0
10:21:05,0
10:21:06,0
10:21:07,0
10:21:08,0
10:21:09,0
10:21:10,0
10:21:11,0
10:21:12,0
10:21:13,0
10:21:14,0
10:21:15,0
10:21:16,0
10:21:17,0
10:21:18,0
10:21:19,0
10:21:20,0
10:21:21,0
10:21:22,0
10:21:23,0
10:21:24,0
10:21:25,0
10:21:26,0
10:21:27,1
10:21:28,1
10:21:29,0
10:21:30,1
10:21:31,0
10:21:32,1
10:21:33,1
10:21:34,0
10:21:35,1
10:21:36,0
10:21:37,0
10:21:38,0
10:21:39,0
10:21:40,0
10:21:41,0
10:21:42,1
10:21:43,2
10:21:44,0
10:21:45,2
10:21:46,1
10:21:47,0
10:21:48,1
10:21:49,0
10:21:50,1
10:21:51,0
10:21:52,0
10:21:53,0
10:21:54,1
10:21:55,0
10:21:56,0
10:21:57,0
10:21:58,0
10:21:59,0
10:22:00,0
10:22:01,0
10:22:02,0
10:22:03,0
10:22:04,0
10:22:05,0
10:22:06,0
10:22:07,0
10:22:08,0
10:22:09,0
10:22:10,0
10:22:11,0
10:22:12,0
10:22:13,0
10:22:14,0
10:22:15,0
10:22:16,0
10:22:17,0
10:22:18,0
10:22:19,0
10:22:20,0
10:22:21,0
10:22:22,0
10:22:23,0
10:22:24,0
10:22:25,0
10:22:26,0
10:22:27,0
10:22:28,0
10:22:29,0
10:22:30,0
10:22:31,0
10:22:32,0
10:22:33,0
10:22:34,0
10:22:35,0
10:22:36,0
10:22:37,0
10:22:38,0
10:22:39,0
10:22:40,0
10:22:41,0
10:22:42,0
10:22:43,0
10:22:44,0
10:22:45,0
10:22:46,0
10:22:47,0
10:22:48,0
10:22:49,0
10:22:50,0
10:22:51,0
10:22:52,0
10:22:53,0
10:22:54,0
10:22:55,0
10:22:56,0
10:22:57,0
10:22:58,0
10:22:59,0
10:23:00,0
10:23:01,0
10:23:02,0
10:23:03,0
10:23:04,0
10:23:05,0
10:23:06,0
10:23:07,0
10:23:08,0
10:23:09,0
10:23:10,0
10:23:11,0
10:23:12,0
10:23:13,0
10:23:14,0
10:23:15,0
10:23:16,0
10:23:17,0
10:23:18,0
10:23:19,0
10:23:20,0
10:23:21,0
10:23:22,0
10:23:23,0
10:23:24,0
10:23:25,0
10:23:26,0
10:23:27,0
10:23:28,0
10:23:29,0
10:23:30,0
10:23:31,0
10:23:32,0
10:23:33,0
10:23:34,0
10:23:35,0
10:23:36,0
10:23:37,0
10:23:38,0
10:23:39,0
10:23:40,0
10:23:41,0
10:23:42,0
10:23:43,0
10:23:44,0
10:23:45,0
10:23:46,0
10:23:47,0
10:23:48,0
10:23:49,0
10:23:50,0
10:23:51,0
10:23:52,0
10:23:53,0
10:23:54,0
10:23:55,0
10:23:56,0
10:23:57,0
10:23:58,0
10:23:59,0
10:24:00,0
10:24:01,0
10:24:02,0
10:24:03,0
10:24:04,0
10:24:05,0
10:24:06,0
10:24:07,0
10:24:08,0
10:24:09,0
10:24:10,0
10:24:11,0
10:24:12,0
10:24:13,0
10:24:14,0
10:24:15,0
10:24:16,0
10:24:17,0
10:24:18,0
10:24:19,0
10:24:20,0
10:24:21,0
10:24:22,0
10:24:23,0
10:24:24,0
10:24:25,0
10:24:26,0
10:24:27,0
10:24:28,0
10:24:29,0
10:24:30,0
10:24:31,0
10:24:32,0
10:24:33,0
10:24:34,0
10:24:35,0
10:24:36,0
10:24:37,0
10:24:38,0
10:24:39,0
10:24:40,0
10:24:41,0
10:24:42,0
10:24:43,0
10:24:44,0
10:24:45,0
10:24:46,0
10:24:47,0
10:24:48,0
10:24:49,0
10:24:50,0
10:24:51,0
10:24:52,0
10:24:53,0
10:24:54,0
10:24:55,0
10:24:56,0
10:24:57,0
10:24:58,0
10:24:59,0
10:25:00,0
10:25:01,0
10:25:02,0
10:25:03,0
10:25:04,0
10:25:05,0
10:25:06,0
10:25:07,0
10:25:08,0
10:25:09,0
10:25:10,0
10:25:11,0
10:25:12,0
10:25:13,0
10:25:14,0
10:25:15,0
10:25:16,0
10:25:17,0
10:25:18,0
10:25:19,0
10:25:20,0
10:25:21,0
10:25:22,0
10:25:23,0
10:25:24,0
10:25:25,0
10:25:26,0
10:25:27,0
10:25:28,0
10:25:29,0
10:25:30,0
10:25:31,0
10:25:32,0
10:25:33,0
10:25:34,0
10:25:35,0
10:25:36,0
10:25:37,0
10:25:38,0
10:25:39,0
10:25:40,0
10:25:41,0
10:25:42,0
10:25:43,0
10:25:44,0
10:25:45,0
10:25:46,0
10:25:47,0
10:25:48,0
10:25:49,0
10:25:50,0
10:25:51,0
10:25:52,0
10:25:53,0
10:25:54,0
10:25:55,0
10:25:56,0
10:25:57,0
10:25:58,0
10:25:59,0
10:26:00,0
10:26:01,0
10:26:02,0
10:26:03,0
10:26:04,0
10:26:05,0
10:26:06,0
10:26:07,0
10:26:08,0
10:26:09,0
10:26:10,0
10:26:11,0
10:26:12,0
10:26:13,0
10:26:14,1
10:26:15,0
10:26:16,1
10:26:17,1
10:26:18,1
10:26:19,0
10:26:20,1
10:26:21,1
10:26:22,1
10:26:23,1
10:26:24,0
10:26:25,1
10:26:26,1
10:26:27,1
10:26:28,1
10:26:29,0
10:26:30,0
10:26:31,0
10:26:32,0
10:26:33,0
10:26:34,0
10:26:35,0
10:26:36,0
10:26:37,0
10:26:38,0
10:26:39,1
10:26:40,1
10:26:41,0
10:26:42,0
10:26:43,0
10:26:44,0
10:26:45,0
10:26:46,0
10:26:47,0
10:26:48,0
10:26:49,0
10:26:50,0
10:26:51,0
10:26:52,0
10:26:53,0
10:26:54,0
10:26:55,0
10:26:56,0
10:26:57,0
10:26:58,1
10:26:59,0
10:27:00,1
10:27:01,2
10:27:02,0
10:27:03,1
10:27:04,2
10:27:05,1
10:27:06,1
10:27:07,0
10:27:08,0
10:27:09,0
10:27:10,1
10:27:11,0
10:27:12,0
10:27:13,0
10:27:14,0
10:27:15,0
10:27:16,0
10:27:17,0
10:27:18,0
10:27:19,0
10:27:20,0
10:27:21,0
10:27:22,0
10:27:23,0
10:27:24,0
10:27:25,1
10:27:26,0
10:27:27,0
10:27:28,0
10:27:29,0
10:27:30,0
10:27:31,0
10:27:32,0
10:27:33,1
10:27:34,0
10:27:35,0
10:27:36,0
10:27:37,0
10:27:38,0
10:27:39,0
10:27:40,0
10:27:41,0
10:27:42,0
10:27:43,0
10:27:44,0
10:27:45,0
10:27:46,0
10:27:47,0
10:27:48,0
10:27:49,0
10:27:50,0
10:27:51,0
10:27:52,1
10:27:53,0
10:27:54,0
10:27:55,0
10:27:56,0
10:27:57,0
10:27:58,0
10:27:59,0
10:28:00,0
10:28:01,0
10:28:02,0
10:28:03,0
10:28:04,0
10:28:05,0
10:28:06,0
10:28:07,0
10:28:08,0
10:28:09,0
10:28:10,0
10:28:11,0
10:28:12,0
10:28:13,0
10:28:14,0
10:28:15,0
10:28:16,0
10:28:17,0
10:28:18,0
10:28:19,0
10:28:20,0
10:28:21,0
10:28:22,0
10:28:23,0
10:28:24,0
10:28:25,1
10:28:26,0
10:28:27,0
10:28:28,0
10:28:29,0
10:28:30,0
10:28:31,0
10:28:32,1
10:28:33,1
10:28:34,0
10:28:35,0
10:28:36,0
10:28:37,0
10:28:38,1
10:28:39,1
10:28:40,0
10:28:41,0
10:28:42,0
10:28:43,0
10:28:44,0
10:28:45,0
10:28:46,1
10:28:47,1
10:28:48,1
10:28:49,0
10:28:50,0
10:28:51,0
10:28:52,0
10:28:53,0
10:28:54,0
10:28:55,0
10:28:56,0
10:28:57,0
10:28:58,0
10:28:59,0
10:29:00,0
10:29:01,0
10:29:02,1
10:29:03,0
10:29:04,0
10:29:05,0
10:29:06,0
10:29:07,0
10:29:08,0
10:29:09,0
10:29:10,0
10:29:11,0
10:29:12,1
10:29:13,1
10:29:14,0
10:29:15,0
10:29:16,0
10:29:17,0
10:29:18,0
10:29:19,0
10:29:20,0
10:29:21,2
10:29:22,1
10:29:23,0
10:29:24,1
10:29:25,0
10:29:26,0
10:29:27,0
10:29:28,1
10:29:29,1
10:29:30,1
10:29:31,0
10:29:32,0
10:29:33,0
10:29:34,1
10:29:35,0
10:29:36,0
10:29:37,0
10:29:38,0
10:29:39,0
10:29:40,0
10:29:41,0
10:29:42,0
10:29:43,0
10:29:44,0
10:29:45,0
10:29:46,0
10:29:47,0
10:29:48,0
10:29:49,0
10:29:50,1
10:29:51,0
10:29:52,0
10:29:53,1
10:29:54,1
10:29:55,2
10:29:56,1
10:29:57,2
10:29:58,1
10:29:59,0
10:30:00,0
10:30:01,0
10:30:02,0
10:30:03,0
10:30:04,0
10:30:05,0
10:30:06,0
10:30:07,0
10:30:08,0
10:30:09,0
10:30:10,0
10:30:11,1
10:30:12,0
10:30:13,0
10:30:14,0
10:30:15,0
10:30:16,0
10:30:17,0
10:30:18,0
10:30:19,0
10:30:20,0
10:30:21,0
10:30:22,0
10:30:23,0
10:30:24,0
10:30:25,0
10:30:26,0
10:30:27,0
10:30:28,0
10:30:29,0
10:30:30,0
10:30:31,0
10:30:32,0
10:30:33,0
10:30:34,0
10:30:35,0
10:30:36,0
10:30:37,0
10:30:38,0
10:30:39,0
10:30:40,0
10:30:41,0
10:30:42,0
10:30:43,0
10:30:44,0
10:30:45,0
10:30:46,0
10:30:47,0
10:30:48,0
10:30:49,0
10:30:50,0
10:30:51,0
10:30:52,0
10:30:53,0
10:30:54,0
10:30:55,0
10:30:56,0
10:30:57,0
10:30:58,0
10:30:59,0
10:31:00,0
10:31:01,0
10:31:02,0
10:31:03,0
10:31:04,0
10:31:05,0
10:31:06,0
10:31:07,0
10:31:08,1
10:31:09,1
10:31:10,0
10:31:11,0
10:31:12,0
10:31:13,0
10:31:14,0
10:31:15,0
10:31:16,0
10:31:17,0
10:31:18,0
10:31:19,0
10:31:20,0
10:31:21,0
10:31:22,0
10:31:23,0
10:31:24,0
10:31:25,0
10:31:26,0
10:31:27,0
10:31:28,0
10:31:29,0
10:31:30,0
10:31:31,0
10:31:32,0
10:31:33,1
10:31:34,0
10:31:35,0
10:31:36,0
10:31:37,0
10:31:38,0
10:31:39,0
10:31:40,0
10:31:41,0
10:31:42,0
10:31:43,0
10:31:44,0
10:31:45,0
10:31:46,0
10:31:47,0
10:31:48,0
10:31:49,0
10:31:50,0
10:31:51,0
10:31:52,0
10:31:53,0
10:31:54,1
10:31:55,0
10:31:56,0
10:31:57,0
10:31:58,0
10:31:59,0
10:32:00,0
10:32:01,0
10:32:02,0
10:32:03,0
10:32:04,0
10:32:05,0
10:32:06,0
10:32:07,0
10:32:08,0
10:32:09,0
10:32:10,0
10:32:11,0
10:32:12,0
10:32:13,0
10:32:14,0
10:32:15,0
10:32:16,0
10:32:17,0
10:32:18,0
10:32:19,0
10:32:20,0
10:32:21,0
10:32:22,0
10:32:23,0
10:32:24,0
10:32:25,0
10:32:26,0
10:32:27,0
10:32:28,0
10:32:29,0
10:32:30,0
10:32:31,0
10:32:32,0
10:32:33,0
10:32:34,0
10:32:35,0
10:32:36,0
10:32:37,0
10:32:38,0
10:32:39,0
10:32:40,0
10:32:41,1
10:32:42,0
10:32:43,0
10:32:44,0
10:32:45,0
10:32:46,0
10:32:47,1
10:32:48,1
10:32:49,0
10:32:50,0
10:32:51,1
10:32:52,0
10:32:53,0
10:32:54,0
10:32:55,0
10:32:56,0
10:32:57,0
10:32:58,0
10:32:59,0
10:33:00,0
10:33:01,0
10:33:02,0
10:33:03,0
10:33:04,0
10:33:05,0
10:33:06,0
10:33:07,0
10:33:08,0
10:33:09,0
10:33:10,1
10:33:11,0
10:33:12,0
10:33:13,1
10:33:14,0
10:33:15,0
10:33:16,0
10:33:17,0
10:33:18,0
10:33:19,1
10:33:20,1
10:33:21,2
10:33:22,1
10:33:23,0
10:33:24,1
10:33:25,0
10:33:26,0
10:33:27,0
10:33:28,1
10:33:29,0
10:33:30,0
10:33:31,0
10:33:32,0
10:33:33,0
10:33:34,0
10:33:35,0
10:33:36,0
10:33:37,0
10:33:38,0
10:33:39,0
10:33:40,0
10:33:41,0
10:33:42,0
10:33:43,0
10:33:44,0
10:33:45,0
10:33:46,0
10:33:47,0
10:33:48,0
10:33:49,0
10:33:50,0
10:33:51,0
10:33:52,0
10:33:53,0
10:33:54,0
10:33:55,0
10:33:56,0
10:33:57,1
10:33:58,0
10:33:59,0
10:34:00,0
10:34:01,0
10:34:02,0
10:34:03,0
10:34:04,0
10:34:05,0
10:34:06,1
10:34:07,0
10:34:08,0
10:34:09,1
10:34:10,0
10:34:11,1
10:34:12,1
10:34:13,0
10:34:14,0
10:34:15,0
10:34:16,0
10:34:17,0
10:34:18,0
10:34:19,0
10:34:20,0
10:34:21,0
10:34:22,0
10:34:23,0
10:34:24,0
10:34:25,0
10:34:26,0
10:34:27,0
10:34:28,0
10:34:29,0
10:34:30,0
10:34:31,0
10:34:32,0
10:34:33,0
10:34:34,0
10:34:35,0
10:34:36,0
10:34:37,0
10:34:38,0
10:34:39,0
10:34:40,0
10:34:41,0
10:34:42,0
10:34:43,0
10:34:44,0
10:34:45,0
10:34:46,0
10:34:47,0
10:34:48,0
10:34:49,0
10:34:50,0
10:34:51,0
10:34:52,0
10:34:53,0
10:34:54,0
10:34:55,0
10:34:56,0
10:34:57,0
10:34:58,0
10:34:59,0
10:35:00,0
10:35:01,0
10:35:02,0
10:35:03,0
10:35:04,0
10:35:05,0
10:35:06,0
10:35:07,0
10:35:08,0
10:35:09,0
10:35:10,0
10:35:11,0
10:35:12,0
10:35:13,0
10:35:14,0
10:35:15,0
10:35:16,0
10:35:17,0
10:35:18,0
10:35:19,0
10:35:20,0
10:35:21,0
10:35:22,0
10:35:23,0
10:35:24,0
10:35:25,0
10:35:26,0
10:35:27,0
10:35:28,0
10:35:29,0
10:35:30,0
10:35:31,0
10:35:32,0
10:35:33,1
10:35:34,0
10:35:35,0
10:35:36,0
10:35:37,0
10:35:38,0
10:35:39,0
10:35:40,0
10:35:41,0
10:35:42,0
10:35:43,0
10:35:44,0
10:35:45,0
10:35:46,0
10:35:47,0
10:35:48,0
10:35:49,0
10:35:50,0
10:35:51,0
10:35:52,0
10:35:53,0
10:35:54,0
10:35:55,0
10:35:56,0
10:35:57,0
10:35:58,0
10:35:59,0
10:36:00,0
10:36:01,0
10:36:02,0
10:36:03,0
10:36:04,0
10:36:05,0
10:36:06,0
10:36:07,0
10:36:08,0
10:36:09,0
10:36:10,0
10:36:11,0
10:36:12,0
10:36:13,0
10:36:14,0
10:36:15,0
10:36:16,0
10:36:17,1
10:36:18,0
10:36:19,0
10:36:20,0
10:36:21,0
10:36:22,0
10:36:23,0
10:36:24,0
10:36:25,0
10:36:26,0
10:36:27,0
10:36:28,0
10:36:29,0
10:36:30,0
10:36:31,0
10:36:32,0
10:36:33,0
10:36:34,0
10:36:35,0
10:36:36,0
10:36:37,0
10:36:38,0
10:36:39,0
10:36:40,0
10:36:41,0
10:36:42,0
10:36:43,0
10:36:44,0
10:36:45,0
10:36:46,0
10:36:47,0
10:36:48,0
10:36:49,0
10:36:50,0
10:36:51,0
10:36:52,0
10:36:53,0
10:36:54,0
10:36:55,0
10:36:56,0
10:36:57,0
10:36:58,0
10:36:59,0
10:37:00,0
10:37:01,0
10:37:02,0
10:37:03,0
10:37:04,0
10:37:05,0
10:37:06,0
10:37:07,0
10:37:08,0
10:37:09,0
10:37:10,0
10:37:11,0
10:37:12,0
10:37:13,0
10:37:14,0
10:37:15,0
10:37:16,0
10:37:17,0
10:37:18,0
10:37:19,0
10:37:20,0
10:37:21,0
10:37:22,0
10:37:23,0
10:37:24,0
10:37:25,0
10:37:26,0
10:37:27,0
10:37:28,0
10:37:29,0
10:37:30,0
10:37:31,0
10:37:32,0
10:37:33,0
10:37:34,0
10:37:35,0
10:37:36,0
10:37:37,0
10:37:38,0
10:37:39,0
10:37:40,0
10:37:41,0
10:37:42,1
10:37:43,0
10:37:44,1
10:37:45,0
10:37:46,0
10:37:47,0
10:37:48,0
10:37:49,0
10:37:50,0
10:37:51,0
10:37:52,0
10:37:53,0
10:37:54,0
10:37:55,0
10:37:56,0
10:37:57,0
10:37:58,1
10:37:59,1
10:38:00,0
10:38:01,0
10:38:02,0
10:38:03,0
10:38:04,0
10:38:05,0
10:38:06,1
10:38:07,0
10:38:08,0
10:38:09,0
10:38:10,0
10:38:11,0
10:38:12,0
10:38:13,0
10:38:14,0
10:38:15,0
10:38:16,0
10:38:17,1
10:38:18,0
10:38:19,0
10:38:20,0
10:38:21,0
10:38:22,0
10:38:23,1
10:38:24,0
10:38:25,0
10:38:26,0
10:38:27,1
10:38:28,0
10:38:29,0
10:38:30,0
10:38:31,0
10:38:32,0
10:38:33,0
10:38:34,0
10:38:35,0
10:38:36,0
10:38:37,0
10:38:38,0
10:38:39,0
10:38:40,0
10:38:41,0
10:38:42,0
10:38:43,0
10:38:44,0
10:38:45,0
10:38:46,0
10:38:47,0
10:38:48,0
10:38:49,0
10:38:50,0
10:38:51,0
10:38:52,0
10:38:53,0
10:38:54,0
10:38:55,0
10:38:56,0
10:38:57,0
10:38:58,0
10:38:59,0
10:39:00,0
10:39:01,0
10:39:02,0
10:39:03,0
10:39:04,0
10:39:05,0
10:39:06,0
10:39:07,0
10:39:08,0
10:39:09,0
10:39:10,0
10:39:11,0
10:39:12,0
10:39:13,0
10:39:14,0
10:39:15,0
10:39:16,0
10:39:17,0
10:39:18,0
10:39:19,0
10:39:20,0
10:39:21,0
10:39:22,0
10:39:23,0
10:39:24,0
10:39:25,0
10:39:26,0
10:39:27,0
10:39:28,0
10:39:29,0
10:39:30,0
10:39:31,0
10:39:32,0
10:39:33,0
10:39:34,0
10:39:35,0
10:39:36,0
10:39:37,0
10:39:38,0
10:39:39,0
10:39:40,0
10:39:41,0
10:39:42,0
10:39:43,0
10:39:44,0
10:39:45,0
10:39:46,0
10:39:47,0
10:39:48,0
10:39:49,0
10:39:50,0
10:39:51,0
10:39:52,0
10:39:53,0
10:39:54,0
10:39:55,0
10:39:56,0
10:39:57,0
10:39:58,0
10:39:59,0
10:40:00,0
10:40:01,0
10:40:02,0
10:40:03,0
10:40:04,0
10:40:05,0
10:40:06,0
10:40:07,0
10:40:08,0
10:40:09,0
10:40:10,0
10:40:11,0
10:40:12,0
10:40:13,0
10:40:14,0
10:40:15,1
10:40:16,0
10:40:17,0
10:40:18,0
10:40:19,0
10:40:20,0
10:40:21,0
10:40:22,0
10:40:23,0
10:40:24,0
10:40:25,0
10:40:26,0
10:40:27,0
10:40:28,0
10:40:29,0
10:40:30,0
10:40:31,0
10:40:32,0
10:40:33,0
10:40:34,0
10:40:35,0
10:40:36,0
10:40:37,0
10:40:38,0
10:40:39,0
10:40:40,0
10:40:41,0
10:40:42,0
10:40:43,0
10:40:44,0
10:40:45,0
10:40:46,0
10:40:47,0
10:40:48,0
10:40:49,0
10:40:50,0
10:40:51,0
10:40:52,0
10:40:53,1
10:40:54,0
10:40:55,0
10:40:56,0
10:40:57,0
10:40:58,0
10:40:59,0
10:41:00,0
10:41:01,1
10:41:02,2
10:41:03,2
10:41:04,1
10:41:05,1
10:41:06,0
10:41:07,0
10:41:08,0
10:41:09,0
10:41:10,0
10:41:11,0
10:41:12,0
10:41:13,0
10:41:14,0
10:41:15,0
10:41:16,1
10:41:17,0
10:41:18,0
10:41:19,0
10:41:20,1
10:41:21,0
10:41:22,0
10:41:23,0
10:41:24,0
10:41:25,0
10:41:26,0
10:41:27,0
10:41:28,0
10:41:29,0
10:41:30,0
10:41:31,0
10:41:32,0
10:41:33,0
10:41:34,0
10:41:35,0
10:41:36,0
10:41:37,0
10:41:38,0
10:41:39,0
10:41:40,0
10:41:41,0
10:41:42,0
10:41:43,0
10:41:44,0
10:41:45,0
10:41:46,0
10:41:47,0
10:41:48,1
10:41:49,0
10:41:50,0
10:41:51,0
10:41:52,0
10:41:53,0
10:41:54,0
10:41:55,0
10:41:56,0
10:41:57,0
10:41:58,0
10:41:59,0
10:42:00,0
10:42:01,0
10:42:02,0
10:42:03,0
10:42:04,0
10:42:05,0
10:42:06,0
10:42:07,0
10:42:08,0
10:42:09,1
10:42:10,0
10:42:11,1
10:42:12,0
10:42:13,0
10:42:14,0
10:42:15,0
10:42:16,0
10:42:17,1
10:42:18,1
10:42:19,1
10:42:20,0
10:42:21,1
10:42:22,1
10:42:23,1
10:42:24,0
10:42:25,1
10:42:26,0
10:42:27,0
10:42:28,0
10:42:29,0
10:42:30,0
10:42:31,1
10:42:32,0
10:42:33,0
10:42:34,0
10:42:35,0
10:42:36,0
10:42:37,0
10:42:38,0
10:42:39,1
10:42:40,1
10:42:41,1
10:42:42,1
10:42:43,1
10:42:44,1
10:42:45,1
10:42:46,0
10:42:47,0
10:42:48,0
10:42:49,0
10:42:50,0
10:42:51,1
10:42:52,1
10:42:53,0
10:42:54,0
10:42:55,0
10:42:56,0
10:42:57,0
10:42:58,0
10:42:59,0
10:43:00,0
10:43:01,0
10:43:02,1
10:43:03,0
10:43:04,0
10:43:05,0
10:43:06,0
10:43:07,0
10:43:08,0
10:43:09,0
10:43:10,0
10:43:11,0
10:43:12,0
10:43:13,0
10:43:14,0
10:43:15,0
10:43:16,0
10:43:17,0
10:43:18,0
10:43:19,0
10:43:20,0
10:43:21,0
10:43:22,0
10:43:23,0
10:43:24,0
10:43:25,0
10:43:26,0
10:43:27,0
10:43:28,0
10:43:29,0
10:43:30,0
10:43:31,0
10:43:32,0
10:43:33,0
10:43:34,0
10:43:35,0
10:43:36,0
10:43:37,0
10:43:38,0
10:43:39,0
10:43:40,0
10:43:41,0
10:43:42,0
10:43:43,0
10:43:44,0
10:43:45,0
10:43:46,0
10:43:47,0
10:43:48,0
10:43:49,0
10:43:50,0
10:43:51,0
10:43:52,0
10:43:53,0
10:43:54,0
10:43:55,0
10:43:56,0
10:43:57,0
10:43:58,0
10:43:59,0
10:44:00,0
10:44:01,0
10:44:02,0
10:44:03,0
10:44:04,0
10:44:05,0
10:44:06,0
10:44:07,0
10:44:08,0
10:44:09,0
10:44:10,0
10:44:11,0
10:44:12,0
10:44:13,0
10:44:14,0
10:44:15,0
10:44:16,0
10:44:17,0
10:44:18,0
10:44:19,0
10:44:20,0
10:44:21,0
10:44:22,0
10:44:23,0
10:44:24,0
10:44:25,0
10:44:26,0
10:44:27,0
10:44:28,0
10:44:29,0
10:44:30,0
10:44:31,0
10:44:32,0
10:44:33,0
10:44:34,0
10:44:35,0
10:44:36,0
10:44:37,0
10:44:38,0
10:44:39,0
10:44:40,0
10:44:41,0
10:44:42,0
10:44:43,0
10:44:44,0
10:44:45,0
10:44:46,0
10:44:47,0
10:44:48,0
10:44:49,0
10:44:50,0
10:44:51,0
10:44:52,0
10:44:53,0
10:44:54,0
10:44:55,0
10:44:56,0
10:44:57,0
10:44:58,0
10:44:59,0
10:45:00,0
10:45:01,0
10:45:02,0
10:45:03,0
10:45:04,0
10:45:05,0
10:45:06,0
10:45:07,0
10:45:08,0
10:45:09,0
10:45:10,0
10:45:11,0
10:45:12,0
10:45:13,0
10:45:14,0
10:45:15,0
10:45:16,0
10:45:17,0
10:45:18,0
10:45:19,0
10:45:20,0
10:45:21,0
10:45:22,0
10:45:23,0
10:45:24,0
10:45:25,0
10:45:26,0
10:45:27,0
10:45:28,0
10:45:29,0
10:45:30,0
10:45:31,0
10:45:32,0
10:45:33,0
10:45:34,0
10:45:35,0
10:45:36,0
10:45:37,0
10:45:38,0
10:45:39,0
10:45:40,0
10:45:41,0
10:45:42,0
10:45:43,0
10:45:44,0
10:45:45,0
10:45:46,0
10:45:47,0
10:45:48,0
10:45:49,0
10:45:50,0
10:45:51,0
10:45:52,0
10:45:53,0
10:45:54,0
10:45:55,0
10:45:56,0
10:45:57,0
10:45:58,0
10:45:59,0
10:46:00,0
10:46:01,0
10:46:02,0
10:46:03,0
10:46:04,0
10:46:05,0
10:46:06,0
10:46:07,0
10:46:08,0
10:46:09,0
10:46:10,0
10:46:11,0
10:46:12,0
10:46:13,0
10:46:14,0
10:46:15,0
10:46:16,0
10:46:17,0
10:46:18,0
10:46:19,0
10:46:20,0
10:46:21,0
10:46:22,0
10:46:23,0
10:46:24,0
10:46:25,0
10:46:26,0
10:46:27,0
10:46:28,0
10:46:29,0
10:46:30,0
10:46:31,0
10:46:32,0
10:46:33,0
10:46:34,0
10:46:35,0
10:46:36,0
10:46:37,0
10:46:38,0
10:46:39,0
10:46:40,0
10:46:41,0
10:46:42,0
10:46:43,0
10:46:44,0
10:46:45,0
10:46:46,0
10:46:47,0
10:46:48,0
10:46:49,0
10:46:50,0
10:46:51,0
10:46:52,0
10:46:53,0
10:46:54,0
10:46:55,0
10:46:56,0
10:46:57,0
10:46:58,0
10:46:59,0
10:47:00,0
10:47:01,0
10:47:02,0
10:47:03,0
10:47:04,0
10:47:05,0
10:47:06,0
10:47:07,0
10:47:08,0
10:47:09,0
10:47:10,0
10:47:11,0
10:47:12,0
10:47:13,0
10:47:14,0
10:47:15,0
10:47:16,0
10:47:17,0
10:47:18,0
10:47:19,0
10:47:20,0
10:47:21,0
10:47:22,0
10:47:23,0
10:47:24,0
10:47:25,0
10:47:26,0
10:47:27,0
10:47:28,0
10:47:29,0
10:47:30,0
10:47:31,0
10:47:32,0
10:47:33,0
10:47:34,0
10:47:35,0
10:47:36,0
10:47:37,0
10:47:38,0
10:47:39,0
10:47:40,0
10:47:41,0
10:47:42,0
10:47:43,0
10:47:44,0
10:47:45,0
10:47:46,0
10:47:47,0
10:47:48,0
10:47:49,0
10:47:50,0
10:47:51,0
10:47:52,0
10:47:53,0
10:47:54,0
10:47:55,0
10:47:56,0
10:47:57,0
10:47:58,0
10:47:59,0
10:48:00,0
10:48:01,0
10:48:02,0
10:48:03,0
10:48:04,0
10:48:05,0
10:48:06,0
10:48:07,0
10:48:08,0
10:48:09,0
10:48:10,0
10:48:11,0
10:48:12,0
10:48:13,0
10:48:14,0
10:48:15,0
10:48:16,0
10:48:17,0
10:48:18,0
10:48:19,0
10:48:20,0
10:48:21,0
10:48:22,0
10:48:23,0
10:48:24,0
10:48:25,0
10:48:26,0
10:48:27,0
10:48:28,0
10:48:29,0
10:48:30,0
10:48:31,0
10:48:32,0
10:48:33,0
10:48:34,0
10:48:35,0
10:48:36,0
10:48:37,0
10:48:38,0
10:48:39,0
10:48:40,0
10:48:41,0
10:48:42,0
10:48:43,0
10:48:44,0
10:48:45,0
10:48:46,0
10:48:47,0
10:48:48,0
10:48:49,0
10:48:50,0
10:48:51,0
10:48:52,0
10:48:53,0
10:48:54,0
10:48:55,0
10:48:56,0
10:48:57,0
10:48:58,0
10:48:59,0
10:49:00,0
10:49:01,0
10:49:02,0
10:49:03,0
10:49:04,0
10:49:05,0
10:49:06,0
10:49:07,0
10:49:08,0
10:49:09,0
10:49:10,0
10:49:11,0
10:49:12,0
10:49:13,0
10:49:14,0
10:49:15,0
10:49:16,0
10:49:17,0
10:49:18,0
10:49:19,0
10:49:20,0
10:49:21,0
10:49:22,0
10:49:23,0
10:49:24,0
10:49:25,0
10:49:26,0
10:49:27,0
10:49:28,0
10:49:29,0
10:49:30,0
10:49:31,0
10:49:32,0
10:49:33,0
10:49:34,0
10:49:35,0
10:49:36,0
10:49:37,0
10:49:38,0
10:49:39,0
10:49:40,0
10:49:41,0
10:49:42,0
10:49:43,0
10:49:44,0
10:49:45,0
10:49:46,0
10:49:47,0
10:49:48,0
10:49:49,0
10:49:50,0
10:49:51,0
10:49:52,0
10:49:53,0
10:49:54,0
10:49:55,0
10:49:56,0
10:49:57,0
10:49:58,0
10:49:59,0
10:50:00,0
10:50:01,0
10:50:02,0
10:50:03,0
10:50:04,0
10:50:05,0
10:50:06,0
10:50:07,0
10:50:08,0
10:50:09,0
10:50:10,0
10:50:11,0
10:50:12,0
10:50:13,0
10:50:14,0
10:50:15,0
10:50:16,0
10:50:17,0
10:50:18,0
10:50:19,0
10:50:20,0
10:50:21,0
10:50:22,0
10:50:23,0
10:50:24,0
10:50:25,0
10:50:26,0
10:50:27,0
10:50:28,0
10:50:29,0
10:50:30,0
10:50:31,0
10:50:32,0
10:50:33,0
10:50:34,0
10:50:35,0
10:50:36,0
10:50:37,0
10:50:38,0
10:50:39,0
10:50:40,0
10:50:41,0
10:50:42,0
10:50:43,0
10:50:44,0
10:50:45,0
10:50:46,0
10:50:47,0
10:50:48,0
10:50:49,0
10:50:50,0
10:50:51,0
10:50:52,0
10:50:53,0
10:50:54,0
10:50:55,0
10:50:56,0
10:50:57,0
10:50:58,0
10:50:59,0
10:51:00,0
10:51:01,0
10:51:02,0
10:51:03,0
10:51:04,0
10:51:05,0
10:51:06,0
10:51:07,0
10:51:08,0
10:51:09,0
10:51:10,0
10:51:11,0
10:51:12,0
10:51:13,0
10:51:14,0
10:51:15,0
10:51:16,0
10:51:17,0
10:51:18,0
10:51:19,0
10:51:20,0
10:51:21,0
10:51:22,0
10:51:23,0
10:51:24,0
10:51:25,0
10:51:26,0
10:51:27,0
10:51:28,0
10:51:29,0
10:51:30,1
10:51:31,0
10:51:32,0
10:51:33,0
10:51:34,0
10:51:35,1
10:51:36,1
10:51:37,0
10:51:38,0
10:51:39,0
10:51:40,0
10:51:41,0
10:51:42,0
10:51:43,0
10:51:44,0
10:51:45,0
10:51:46,0
10:51:47,0
10:51:48,0
10:51:49,0
10:51:50,0
10:51:51,0
10:51:52,0
10:51:53,0
10:51:54,0
10:51:55,0
10:51:56,1
10:51:57,0
10:51:58,1
10:51:59,2
10:52:00,2
10:52:01,1
10:52:02,1
10:52:03,0
10:52:04,0
10:52:05,1
10:52:06,0
10:52:07,1
10:52:08,0
10:52:09,0
10:52:10,0
10:52:11,0
10:52:12,0
10:52:13,0
10:52:14,0
10:52:15,0
10:52:16,0
10:52:17,0
10:52:18,0
10:52:19,0
10:52:20,0
10:52:21,0
10:52:22,1
10:52:23,0
10:52:24,0
10:52:25,0
10:52:26,0
10:52:27,0
10:52:28,0
10:52:29,0
10:52:30,0
10:52:31,0
10:52:32,0
10:52:33,0
10:52:34,0
10:52:35,0
10:52:36,0
10:52:37,0
10:52:38,0
10:52:39,0
10:52:40,0
10:52:41,0
10:52:42,0
10:52:43,0
10:52:44,0
10:52:45,0
10:52:46,0
10:52:47,0
10:52:48,0
10:52:49,0
10:52:50,0
10:52:51,0
10:52:52,0
10:52:53,0
10:52:54,0
10:52:55,0
10:52:56,0
10:52:57,0
10:52:58,0
10:52:59,0
10:53:00,0
10:53:01,0
10:53:02,0
10:53:03,0
10:53:04,0
10:53:05,0
10:53:06,0
10:53:07,0
10:53:08,0
10:53:09,0
10:53:10,0
10:53:11,0
10:53:12,0
10:53:13,0
10:53:14,0
10:53:15,0
10:53:16,0
10:53:17,0
10:53:18,0
10:53:19,0
10:53:20,0
10:53:21,0
10:53:22,0
10:53:23,0
10:53:24,0
10:53:25,0
10:53:26,0
10:53:27,0
10:53:28,0
10:53:29,0
10:53:30,0
10:53:31,0
10:53:32,0
10:53:33,0
10:53:34,0
10:53:35,0
10:53:36,0
10:53:37,0
10:53:38,0
10:53:39,0
10:53:40,0
10:53:41,0
10:53:42,0
10:53:43,0
10:53:44,0
10:53:45,0
10:53:46,0
10:53:47,0
10:53:48,0
10:53:49,0
10:53:50,0
10:53:51,0
10:53:52,0
10:53:53,0
10:53:54,0
10:53:55,0
10:53:56,0
10:53:57,0
10:53:58,0
10:53:59,0
10:54:00,0
10:54:01,0
10:54:02,0
10:54:03,0
10:54:04,0
10:54:05,0
10:54:06,0
10:54:07,0
10:54:08,0
10:54:09,0
10:54:10,0
10:54:11,0
10:54:12,0
10:54:13,0
10:54:14,0
10:54:15,0
10:54:16,0
10:54:17,0
10:54:18,0
10:54:19,0
10:54:20,0
10:54:21,0
10:54:22,0
10:54:23,0
10:54:24,0
10:54:25,0
10:54:26,0
10:54:27,0
10:54:28,0
10:54:29,0
10:54:30,0
10:54:31,0
10:54:32,0
10:54:33,0
10:54:34,0
10:54:35,0
10:54:36,0
10:54:37,0
10:54:38,0
10:54:39,0
10:54:40,0
10:54:41,0
10:54:42,0
10:54:43,0
10:54:44,0
10:54:45,0
10:54:46,0
10:54:47,0
10:54:48,1
10:54:49,2
10:54:50,0
10:54:51,2
10:54:52,2
10:54:53,2
10:54:54,1
10:54:55,1
10:54:56,0
10:54:57,0
10:54:58,2
10:54:59,1
10:55:00,1
10:55:01,1
10:55:02,2
10:55:03,1
10:55:04,1
10:55:05,1
10:55:06,0
10:55:07,0
10:55:08,0
10:55:09,0
10:55:10,0
10:55:11,0
10:55:12,0
10:55:13,0
10:55:14,0
10:55:15,0
10:55:16,0
10:55:17,0
10:55:18,0
10:55:19,0
10:55:20,0
10:55:21,0
10:55:22,0
10:55:23,0
10:55:24,0
10:55:25,0
10:55:26,0
10:55:27,0
10:55:28,0
10:55:29,0
10:55:30,0
10:55:31,0
10:55:32,0
10:55:33,0
10:55:34,0
10:55:35,0
10:55:36,0
10:55:37,0
10:55:38,0
10:55:39,0
10:55:40,0
10:55:41,0
10:55:42,0
10:55:43,0
10:55:44,0
10:55:45,0
10:55:46,0
10:55:47,0
10:55:48,0
10:55:49,0
10:55:50,0
10:55:51,0
10:55:52,0
10:55:53,0
10:55:54,0
10:55:55,0
10:55:56,0
10:55:57,0
10:55:58,0
10:55:59,0
10:56:00,0
10:56:01,0
10:56:02,0
10:56:03,0
10:56:04,0
10:56:05,0
10:56:06,0
10:56:07,0
10:56:08,0
10:56:09,0
10:56:10,0
10:56:11,0
10:56:12,0
10:56:13,0
10:56:14,0
10:56:15,0
10:56:16,0
10:56:17,0
10:56:18,0
10:56:19,0
10:56:20,0
10:56:21,0
10:56:22,0
10:56:23,0
10:56:24,0
10:56:25,0
10:56:26,0
10:56:27,0
10:56:28,0
10:56:29,0
10:56:30,0
10:56:31,0
10:56:32,0
10:56:33,0
10:56:34,0
10:56:35,0
10:56:36,0
10:56:37,0
10:56:38,0
10:56:39,0
10:56:40,0
10:56:41,0
10:56:42,0
10:56:43,0
10:56:44,0
10:56:45,0
10:56:46,0
10:56:47,0
10:56:48,0
10:56:49,0
10:56:50,0
10:56:51,0
10:56:52,0
10:56:53,0
10:56:54,1
10:56:55,0
10:56:56,0
10:56:57,0
10:56:58,0
10:56:59,0
10:57:00,0
10:57:01,0
10:57:02,0
10:57:03,0
10:57:04,0
10:57:05,0
10:57:06,0
10:57:07,0
10:57:08,0
10:57:09,0
10:57:10,0
10:57:11,0
10:57:12,1
10:57:13,0
10:57:14,0
10:57:15,1
10:57:16,0
10:57:17,0
10:57:18,0
10:57:19,0
10:57:20,0
10:57:21,0
10:57:22,0
10:57:23,0
10:57:24,1
10:57:25,0
10:57:26,0
10:57:27,0
10:57:28,0
10:57:29,0
10:57:30,0
10:57:31,0
10:57:32,0
10:57:33,0
10:57:34,0
10:57:35,0
10:57:36,0
10:57:37,0
10:57:38,0
10:57:39,0
10:57:40,1
10:57:41,0
10:57:42,0
10:57:43,0
10:57:44,0
10:57:45,0
10:57:46,0
10:57:47,0
10:57:48,0
10:57:49,0
10:57:50,0
10:57:51,0
10:57:52,1
10:57:53,0
10:57:54,0
10:57:55,0
10:57:56,0
10:57:57,1
10:57:58,0
10:57:59,0
10:58:00,0
10:58:01,0
10:58:02,0
10:58:03,0
10:58:04,0
10:58:05,0
10:58:06,0
10:58:07,0
10:58:08,1
10:58:09,0
10:58:10,0
10:58:11,0
10:58:12,0
10:58:13,0
10:58:14,0
10:58:15,0
10:58:16,0
10:58:17,0
10:58:18,0
10:58:19,0
10:58:20,0
10:58:21,0
10:58:22,0
10:58:23,0
10:58:24,0
10:58:25,0
10:58:26,0
10:58:27,0
10:58:28,0
10:58:29,0
10:58:30,0
10:58:31,0
10:58:32,0
10:58:33,0
10:58:34,0
10:58:35,0
10:58:36,1
10:58:37,0
10:58:38,0
10:58:39,0
10:58:40,0
10:58:41,0
10:58:42,0
10:58:43,0
10:58:44,0
10:58:45,0
10:58:46,1
10:58:47,0
10:58:48,0
10:58:49,1
10:58:50,0
10:58:51,0
10:58:52,0
10:58:53,0
10:58:54,0
10:58:55,0
10:58:56,1
10:58:57,0
10:58:58,1
10:58:59,0
10:59:00,0
10:59:01,0
10:59:02,0
10:59:03,0
10:59:04,0
10:59:05,0
10:59:06,1
10:59:07,0
10:59:08,0
10:59:09,0
10:59:10,0
10:59:11,0
10:59:12,0
10:59:13,0
10:59:14,0
10:59:15,0
10:59:16,0
10:59:17,0
10:59:18,0
10:59:19,0
10:59:20,0
10:59:21,0
10:59:22,0
10:59:23,0
10:59:24,0
10:59:25,0
10:59:26,0
10:59:27,0
10:59:28,0
10:59:29,0
10:59:30,0
10:59:31,0
10:59:32,0
10:59:33,0
10:59:34,0
10:59:35,0
10:59:36,0
10:59:37,0
10:59:38,0
10:59:39,0
10:59:40,0
10:59:41,0
10:59:42,0
10:59:43,0
10:59:44,0
10:59:45,0
10:59:46,0
10:59:47,0
10:59:48,0
10:59:49,0
10:59:50,0
10:59:51,0
10:59:52,0
10:59:53,0
10:59:54,0
10:59:55,0
10:59:56,0
10:59:57,0
10:59:58,0
10:59:59,0
11:00:00,0
11:00:01,0
11:00:02,0
11:00:03,0
11:00:04,0
11:00:05,0
11:00:06,0
11:00:07,0
11:00:08,0
11:00:09,0
11:00:10,0
11:00:11,0
11:00:12,0
11:00:13,0
11:00:14,0
11:00:15,0
11:00:16,0
11:00:17,0
11:00:18,0
11:00:19,0
11:00:20,0
11:00:21,0
11:00:22,0
11:00:23,0
11:00:24,0
11:00:25,0
11:00:26,0
11:00:27,0
11:00:28,0
11:00:29,0
11:00:30,0
11:00:31,0
11:00:32,0
11:00:33,0
11:00:34,0
11:00:35,0
11:00:36,0
11:00:37,0
11:00:38,0
11:00:39,0
11:00:40,0
11:00:41,0
11:00:42,0
11:00:43,0
11:00:44,0
11:00:45,0
11:00:46,0
11:00:47,0
11:00:48,0
11:00:49,0
11:00:50,0
11:00:51,0
11:00:52,0
11:00:53,0
11:00:54,0
11:00:55,0
11:00:56,0
11:00:57,0
11:00:58,0
11:00:59,0
11:01:00,0
11:01:01,0
11:01:02,0
11:01:03,1
11:01:04,0
11:01:05,0
11:01:06,0
11:01:07,0
11:01:08,0
11:01:09,0
11:01:10,0
11:01:11,0
11:01:12,0
11:01:13,0
11:01:14,0
11:01:15,0
11:01:16,0
11:01:17,0
11:01:18,0
11:01:19,1
11:01:20,1
11:01:21,1
11:01:22,0
11:01:23,1
11:01:24,0
11:01:25,0
11:01:26,0
11:01:27,0
11:01:28,0
11:01:29,0
11:01:30,0
11:01:31,0
11:01:32,0
11:01:33,0
11:01:34,0
11:01:35,0
11:01:36,0
11:01:37,0
11:01:38,0
11:01:39,0
11:01:40,0
11:01:41,0
11:01:42,0
11:01:43,0
11:01:44,0
11:01:45,0
11:01:46,0
11:01:47,0
11:01:48,0
11:01:49,0
11:01:50,0
11:01:51,0
11:01:52,0
11:01:53,0
11:01:54,0
11:01:55,0
11:01:56,0
11:01:57,0
11:01:58,0
11:01:59,0
11:02:00,0
11:02:01,0
11:02:02,0
11:02:03,0
11:02:04,0
11:02:05,0
11:02:06,0
11:02:07,0
11:02:08,0
11:02:09,0
11:02:10,1
11:02:11,0
11:02:12,0
11:02:13,1
11:02:14,0
11:02:15,0
11:02:16,1
11:02:17,1
11:02:18,1
11:02:19,1
11:02:20,2
11:02:21,0
11:02:22,1
11:02:23,0
11:02:24,0
11:02:25,0
11:02:26,0
11:02:27,0
11:02:28,0
11:02:29,0
11:02:30,0
11:02:31,0
11:02:32,0
11:02:33,0
11:02:34,0
11:02:35,0
11:02:36,0
11:02:37,0
11:02:38,1
11:02:39,2
11:02:40,2
11:02:41,1
11:02:42,2
11:02:43,2
11:02:44,2
11:02:45,1
11:02:46,1
11:02:47,0
11:02:48,0
11:02:49,0
11:02:50,0
11:02:51,0
11:02:52,0
11:02:53,1
11:02:54,0
11:02:55,0
11:02:56,0
11:02:57,0
11:02:58,0
11:02:59,0
11:03:00,0
11:03:01,0
11:03:02,0
11:03:03,0
11:03:04,0
11:03:05,0
11:03:06,0
11:03:07,0
11:03:08,0
11:03:09,0
11:03:10,0
11:03:11,0
11:03:12,0
11:03:13,0
11:03:14,0
11:03:15,0
11:03:16,0
11:03:17,0
11:03:18,0
11:03:19,0
11:03:20,0
11:03:21,0
11:03:22,0
11:03:23,0
11:03:24,0
11:03:25,0
11:03:26,0
11:03:27,0
11:03:28,0
11:03:29,0
11:03:30,0
11:03:31,0
11:03:32,0
11:03:33,0
11:03:34,0
11:03:35,0
11:03:36,0
11:03:37,0
11:03:38,0
11:03:39,0
11:03:40,0
11:03:41,0
11:03:42,0
11:03:43,0
11:03:44,0
11:03:45,0
11:03:46,0
11:03:47,0
11:03:48,0
11:03:49,0
11:03:50,0
11:03:51,0
11:03:52,0
11:03:53,0
11:03:54,0
11:03:55,0
11:03:56,0
11:03:57,0
11:03:58,0
11:03:59,0
11:04:00,0
11:04:01,0
11:04:02,0
11:04:03,0
11:04:04,0
11:04:05,0
11:04:06,0
11:04:07,0
11:04:08,0
11:04:09,0
11:04:10,0
11:04:11,0
11:04:12,0
11:04:13,0
11:04:14,0
11:04:15,0
11:04:16,0
11:04:17,0
11:04:18,0
11:04:19,0
11:04:20,0
11:04:21,0
11:04:22,0
11:04:23,0
11:04:24,0
11:04:25,0
11:04:26,0
11:04:27,0
11:04:28,0
11:04:29,0
11:04:30,0
11:04:31,0
11:04:32,0
11:04:33,0
11:04:34,0
11:04:35,0
11:04:36,0
11:04:37,0
11:04:38,0
11:04:39,0
11:04:40,0
11:04:41,0
11:04:42,0
11:04:43,0
11:04:44,0
11:04:45,0
11:04:46,0
11:04:47,0
11:04:48,0
11:04:49,0
11:04:50,0
11:04:51,0
11:04:52,0
11:04:53,0
11:04:54,0
11:04:55,0
11:04:56,0
11:04:57,0
11:04:58,0
11:04:59,0
11:05:00,0
11:05:01,0
11:05:02,0
11:05:03,0
11:05:04,0
11:05:05,0
11:05:06,0
11:05:07,0
11:05:08,0
11:05:09,0
11:05:10,0
11:05:11,0
11:05:12,0
11:05:13,0
11:05:14,0
11:05:15,0
11:05:16,0
11:05:17,0
11:05:18,0
11:05:19,0
11:05:20,0
11:05:21,0
11:05:22,0
11:05:23,0
11:05:24,0
11:05:25,0
11:05:26,0
11:05:27,0
11:05:28,0
11:05:29,0
11:05:30,0
11:05:31,0
11:05:32,0
11:05:33,0
11:05:34,0
11:05:35,0
11:05:36,0
11:05:37,0
11:05:38,0
11:05:39,0
11:05:40,0
11:05:41,0
11:05:42,0
11:05:43,0
11:05:44,0
11:05:45,0
11:05:46,0
11:05:47,0
11:05:48,0
11:05:49,0
11:05:50,0
11:05:51,0
11:05:52,0
11:05:53,0
11:05:54,0
11:05:55,0
11:05:56,0
11:05:57,0
11:05:58,0
11:05:59,0
11:06:00,0
11:06:01,0
11:06:02,0
11:06:03,0
11:06:04,0
11:06:05,0
11:06:06,0
11:06:07,0
11:06:08,0
11:06:09,0
11:06:10,0
11:06:11,0
11:06:12,0
11:06:13,0
11:06:14,0
11:06:15,0
11:06:16,0
11:06:17,0
11:06:18,0
11:06:19,0
11:06:20,0
11:06:21,0
11:06:22,0
11:06:23,0
11:06:24,0
11:06:25,0
11:06:26,0
11:06:27,0
11:06:28,0
11:06:29,0
11:06:30,0
11:06:31,0
11:06:32,0
11:06:33,0
11:06:34,0
11:06:35,0
11:06:36,0
11:06:37,0
11:06:38,0
11:06:39,0
11:06:40,0
11:06:41,0
11:06:42,0
11:06:43,0
11:06:44,0
11:06:45,0
11:06:46,0
11:06:47,0
11:06:48,0
11:06:49,0
11:06:50,0
11:06:51,0
11:06:52,0
11:06:53,0
11:06:54,0
11:06:55,0
11:06:56,0
11:06:57,0
11:06:58,0
11:06:59,0
11:07:00,0
11:07:01,0
11:07:02,0
11:07:03,0
11:07:04,0
11:07:05,0
11:07:06,0
11:07:07,0
11:07:08,0
11:07:09,0
11:07:10,0
11:07:11,0
11:07:12,0
11:07:13,0
11:07:14,0
11:07:15,0
11:07:16,0
11:07:17,0
11:07:18,0
11:07:19,0
11:07:20,0
11:07:21,0
11:07:22,0
11:07:23,0
11:07:24,0
11:07:25,0
11:07:26,0
11:07:27,0
11:07:28,0
11:07:29,0
11:07:30,0
11:07:31,0
11:07:32,0
11:07:33,0
11:07:34,0
11:07:35,0
11:07:36,0
11:07:37,0
11:07:38,0
11:07:39,0
11:07:40,0
11:07:41,0
11:07:42,0
11:07:43,0
11:07:44,0
11:07:45,0
11:07:46,0
11:07:47,0
11:07:48,0
11:07:49,0
11:07:50,0
11:07:51,0
11:07:52,0
11:07:53,0
11:07:54,0
11:07:55,0
11:07:56,0
11:07:57,0
11:07:58,0
11:07:59,0
11:08:00,0
11:08:01,0
11:08:02,0
11:08:03,0
11:08:04,0
11:08:05,0
11:08:06,0
11:08:07,0
11:08:08,0
11:08:09,0
11:08:10,0
11:08:11,0
11:08:12,0
11:08:13,0
11:08:14,0
11:08:15,0
11:08:16,0
11:08:17,0
11:08:18,0
11:08:19,0
11:08:20,0
11:08:21,0
11:08:22,0
11:08:23,0
11:08:24,0
11:08:25,0
11:08:26,0
11:08:27,0
11:08:28,0
11:08:29,0
11:08:30,0
11:08:31,0
11:08:32,0
11:08:33,0
11:08:34,0
11:08:35,0
11:08:36,0
11:08:37,0
11:08:38,0
11:08:39,0
11:08:40,0
11:08:41,0
11:08:42,0
11:08:43,0
11:08:44,0
11:08:45,0
11:08:46,0
11:08:47,0
11:08:48,0
11:08:49,0
11:08:50,0
11:08:51,0
11:08:52,0
11:08:53,0
11:08:54,0
11:08:55,0
11:08:56,0
11:08:57,0
11:08:58,0
11:08:59,0
11:09:00,0
11:09:01,0
11:09:02,0
11:09:03,0
11:09:04,0
11:09:05,0
11:09:06,0
11:09:07,0
11:09:08,0
11:09:09,0
11:09:10,0
11:09:11,0
11:09:12,0
11:09:13,0
11:09:14,0
11:09:15,0
11:09:16,0
11:09:17,0
11:09:18,0
11:09:19,0
11:09:20,0
11:09:21,0
11:09:22,0
11:09:23,0
11:09:24,0
11:09:25,0
11:09:26,0
11:09:27,0
11:09:28,0
11:09:29,0
11:09:30,0
11:09:31,0
11:09:32,0
11:09:33,0
11:09:34,0
11:09:35,0
11:09:36,0
11:09:37,0
11:09:38,0
11:09:39,0
11:09:40,0
11:09:41,0
11:09:42,0
11:09:43,0
11:09:44,0
11:09:45,0
11:09:46,0
11:09:47,0
11:09:48,0
11:09:49,0
11:09:50,0
11:09:51,0
11:09:52,0
11:09:53,0
11:09:54,0
11:09:55,0
11:09:56,0
11:09:57,0
11:09:58,0
11:09:59,0
11:10:00,0
11:10:01,0
11:10:02,0
11:10:03,0
11:10:04,0
11:10:05,0
11:10:06,0
11:10:07,0
11:10:08,0
11:10:09,0
11:10:10,0
11:10:11,0
11:10:12,0
11:10:13,0
11:10:14,0
11:10:15,0
11:10:16,0
11:10:17,0
11:10:18,0
11:10:19,0
11:10:20,0
11:10:21,0
11:10:22,0
11:10:23,0
11:10:24,0
11:10:25,0
11:10:26,0
11:10:27,0
11:10:28,0
11:10:29,0
11:10:30,0
11:10:31,0
11:10:32,0
11:10:33,0
11:10:34,0
11:10:35,0
11:10:36,0
11:10:37,0
11:10:38,0
11:10:39,0
11:10:40,0
11:10:41,0
11:10:42,0
11:10:43,0
11:10:44,0
11:10:45,0
11:10:46,0
11:10:47,0
11:10:48,0
11:10:49,0
11:10:50,0
11:10:51,0
11:10:52,0
11:10:53,0
11:10:54,0
11:10:55,0
11:10:56,0
11:10:57,0
11:10:58,0
11:10:59,0
11:11:00,0
11:11:01,0
11:11:02,0
11:11:03,0
11:11:04,0
11:11:05,0
11:11:06,0
11:11:07,0
11:11:08,0
11:11:09,0
11:11:10,0
11:11:11,0
11:11:12,0
11:11:13,0
11:11:14,0
11:11:15,0
11:11:16,0
11:11:17,0
11:11:18,0
11:11:19,0
11:11:20,0
11:11:21,0
11:11:22,0
11:11:23,0
11:11:24,0
11:11:25,0
11:11:26,0
11:11:27,0
11:11:28,0
11:11:29,0
11:11:30,0
11:11:31,0
11:11:32,0
11:11:33,0
11:11:34,0
11:11:35,0
11:11:36,0
11:11:37,0
11:11:38,0
11:11:39,0
11:11:40,0
11:11:41,0
11:11:42,0
11:11:43,0
11:11:44,0
11:11:45,0
11:11:46,0
11:11:47,0
11:11:48,0
11:11:49,0
11:11:50,0
11:11:51,0
11:11:52,0
11:11:53,0
11:11:54,0
11:11:55,0
11:11:56,0
11:11:57,0
11:11:58,0
11:11:59,0
11:12:00,0
11:12:01,0
11:12:02,0
11:12:03,0
11:12:04,0
11:12:05,0
11:12:06,0
11:12:07,0
11:12:08,0
11:12:09,0
11:12:10,0
11:12:11,0
11:12:12,0
11:12:13,0
11:12:14,0
11:12:15,0
11:12:16,0
11:12:17,0
11:12:18,0
11:12:19,0
11:12:20,0
11:12:21,0
11:12:22,0
11:12:23,0
11:12:24,0
11:12:25,0
11:12:26,0
11:12:27,0
11:12:28,0
11:12:29,0
11:12:30,0
11:12:31,0
11:12:32,0
11:12:33,0
11:12:34,0
11:12:35,0
11:12:36,0
11:12:37,0
11:12:38,0
11:12:39,0
11:12:40,0
11:12:41,0
11:12:42,0
11:12:43,0
11:12:44,0
11:12:45,0
11:12:46,0
11:12:47,0
11:12:48,0
11:12:49,0
11:12:50,0
11:12:51,0
11:12:52,0
11:12:53,0
11:12:54,0
11:12:55,0
11:12:56,0
11:12:57,0
11:12:58,0
11:12:59,0
11:13:00,0
11:13:01,0
11:13:02,0
11:13:03,0
11:13:04,0
11:13:05,0
11:13:06,0
11:13:07,0
11:13:08,0
11:13:09,0
11:13:10,0
11:13:11,0
11:13:12,0
11:13:13,0
11:13:14,0
11:13:15,0
11:13:16,0
11:13:17,0
11:13:18,0
11:13:19,0
11:13:20,0
11:13:21,0
11:13:22,0
11:13:23,0
11:13:24,0
11:13:25,0
11:13:26,0
11:13:27,0
11:13:28,0
11:13:29,0
11:13:30,0
11:13:31,0
11:13:32,0
11:13:33,0
11:13:34,0
11:13:35,0
11:13:36,0
11:13:37,0
11:13:38,0
11:13:39,0
11:13:40,0
11:13:41,0
11:13:42,0
11:13:43,0
11:13:44,0
11:13:45,0
11:13:46,0
11:13:47,0
11:13:48,0
11:13:49,0
11:13:50,0
11:13:51,0
11:13:52,0
11:13:53,0
11:13:54,0
11:13:55,0
11:13:56,0
11:13:57,0
11:13:58,0
11:13:59,0
11:14:00,0
11:14:01,0
11:14:02,0
11:14:03,0
11:14:04,0
11:14:05,0
11:14:06,0
11:14:07,0
11:14:08,0
11:14:09,0
11:14:10,0
11:14:11,0
11:14:12,0
11:14:13,0
11:14:14,0
11:14:15,0
11:14:16,0
11:14:17,0
11:14:18,0
11:14:19,0
11:14:20,0
11:14:21,0
11:14:22,0
11:14:23,0
11:14:24,0
11:14:25,0
11:14:26,0
11:14:27,0
11:14:28,0
11:14:29,0
11:14:30,0
11:14:31,0
11:14:32,0
11:14:33,0
11:14:34,0
11:14:35,0
11:14:36,0
11:14:37,0
11:14:38,0
11:14:39,0
11:14:40,0
11:14:41,0
11:14:42,0
11:14:43,0
11:14:44,0
11:14:45,0
11:14:46,0
11:14:47,0
11:14:48,0
11:14:49,0
11:14:50,0
11:14:51,1
11:14:52,0
11:14:53,0
11:14:54,0
11:14:55,1
11:14:56,0
11:14:57,0
11:14:58,0
11:14:59,0
11:15:00,0
11:15:01,0
11:15:02,0
11:15:03,0
11:15:04,1
11:15:05,1
11:15:06,0
11:15:07,0
11:15:08,0
11:15:09,1
11:15:10,0
11:15:11,0
11:15:12,0
11:15:13,0
11:15:14,0
11:15:15,1
11:15:16,1
11:15:17,0
11:15:18,1
11:15:19,1
11:15:20,1
11:15:21,0
11:15:22,0
11:15:23,1
11:15:24,0
11:15:25,1
11:15:26,0
11:15:27,0
11:15:28,0
11:15:29,0
11:15:30,0
11:15:31,0
11:15:32,0
11:15:33,1
11:15:34,1
11:15:35,1
11:15:36,0
11:15:37,1
11:15:38,0
11:15:39,0
11:15:40,0
11:15:41,0
11:15:42,0
11:15:43,0
11:15:44,0
11:15:45,0
11:15:46,0
11:15:47,0
11:15:48,0
11:15:49,0
11:15:50,0
11:15:51,0
11:15:52,0
11:15:53,0
11:15:54,0
11:15:55,1
11:15:56,1
11:15:57,0
11:15:58,1
11:15:59,1
11:16:00,1
11:16:01,1
11:16:02,0
11:16:03,1
11:16:04,1
11:16:05,2
11:16:06,0
11:16:07,0
11:16:08,0
11:16:09,0
11:16:10,0
11:16:11,0
11:16:12,0
11:16:13,0
11:16:14,0
11:16:15,0
11:16:16,0
11:16:17,0
11:16:18,0
11:16:19,0
11:16:20,0
11:16:21,0
11:16:22,0
11:16:23,0
11:16:24,0
11:16:25,0
11:16:26,0
11:16:27,0
11:16:28,0
11:16:29,0
11:16:30,0
11:16:31,0
11:16:32,1
11:16:33,0
11:16:34,0
11:16:35,0
11:16:36,0
11:16:37,0
11:16:38,0
11:16:39,0
11:16:40,0
11:16:41,0
11:16:42,0
11:16:43,0
11:16:44,0
11:16:45,0
11:16:46,0
11:16:47,0
11:16:48,0
11:16:49,0
11:16:50,0
11:16:51,0
11:16:52,0
11:16:53,0
11:16:54,0
11:16:55,1
11:16:56,0
11:16:57,0
11:16:58,0
11:16:59,0
11:17:00,0
11:17:01,1
11:17:02,0
11:17:03,0
11:17:04,0
11:17:05,0
11:17:06,0
11:17:07,0
11:17:08,0
11:17:09,0
11:17:10,1
11:17:11,1
11:17:12,1
11:17:13,0
11:17:14,1
11:17:15,0
11:17:16,0
11:17:17,0
11:17:18,0
11:17:19,0
11:17:20,0
11:17:21,0
11:17:22,0
11:17:23,0
11:17:24,0
11:17:25,0
11:17:26,0
11:17:27,0
11:17:28,0
11:17:29,1
11:17:30,0
11:17:31,0
11:17:32,0
11:17:33,0
11:17:34,0
11:17:35,0
11:17:36,0
11:17:37,0
11:17:38,0
11:17:39,0
11:17:40,0
11:17:41,0
11:17:42,0
11:17:43,0
11:17:44,0
11:17:45,0
11:17:46,0
11:17:47,0
11:17:48,0
11:17:49,0
11:17:50,0
11:17:51,0
11:17:52,0
11:17:53,0
11:17:54,0
11:17:55,0
11:17:56,0
11:17:57,0
11:17:58,0
11:17:59,0
11:18:00,0
11:18:01,0
11:18:02,0
11:18:03,0
11:18:04,0
11:18:05,0
11:18:06,0
11:18:07,0
11:18:08,0
11:18:09,0
11:18:10,0
11:18:11,0
11:18:12,0
11:18:13,0
11:18:14,0
11:18:15,0
11:18:16,0
11:18:17,0
11:18:18,0
11:18:19,0
11:18:20,0
11:18:21,0
11:18:22,0
11:18:23,0
11:18:24,0
11:18:25,0
11:18:26,0
11:18:27,0
11:18:28,0
11:18:29,0
11:18:30,0
11:18:31,1
11:18:32,1
11:18:33,0
11:18:34,0
11:18:35,0
11:18:36,1
11:18:37,1
11:18:38,1
11:18:39,2
11:18:40,2
11:18:41,0
11:18:42,0
11:18:43,1
11:18:44,0
11:18:45,1
11:18:46,0
11:18:47,0
11:18:48,0
11:18:49,0
11:18:50,0
11:18:51,0
11:18:52,0
11:18:53,0
11:18:54,0
11:18:55,0
11:18:56,0
11:18:57,0
11:18:58,0
11:18:59,0
11:19:00,0
11:19:01,0
11:19:02,0
11:19:03,0
11:19:04,0
11:19:05,0
11:19:06,0
11:19:07,0
11:19:08,0
11:19:09,1
11:19:10,0
11:19:11,0
11:19:12,0
11:19:13,0
11:19:14,0
11:19:15,0
11:19:16,0
11:19:17,0
11:19:18,0
11:19:19,0
11:19:20,0
11:19:21,0
11:19:22,0
11:19:23,0
11:19:24,0
11:19:25,0
11:19:26,0
11:19:27,0
11:19:28,0
11:19:29,0
11:19:30,0
11:19:31,0
11:19:32,0
11:19:33,0
11:19:34,0
11:19:35,0
11:19:36,0
11:19:37,0
11:19:38,0
11:19:39,0
11:19:40,0
11:19:41,0
11:19:42,0
11:19:43,0
11:19:44,0
11:19:45,0
11:19:46,0
11:19:47,0
11:19:48,0
11:19:49,0
11:19:50,0
11:19:51,0
11:19:52,0
11:19:53,0
11:19:54,0
11:19:55,0
11:19:56,0
11:19:57,0
11:19:58,0
11:19:59,0
11:20:00,0
11:20:01,0
11:20:02,0
11:20:03,0
11:20:04,0
11:20:05,0
11:20:06,0
11:20:07,1
11:20:08,0
11:20:09,0
11:20:10,0
11:20:11,1
11:20:12,1
11:20:13,0
11:20:14,1
11:20:15,1
11:20:16,2
11:20:17,2
11:20:18,1
11:20:19,2
11:20:20,0
11:20:21,0
11:20:22,0
11:20:23,0
11:20:24,0
11:20:25,0
11:20:26,0
11:20:27,0
11:20:28,0
11:20:29,0
11:20:30,0
11:20:31,0
11:20:32,1
11:20:33,0
11:20:34,0
11:20:35,0
11:20:36,0
11:20:37,0
11:20:38,0
11:20:39,0
11:20:40,0
11:20:41,0
11:20:42,0
11:20:43,0
11:20:44,0
11:20:45,0
11:20:46,1
11:20:47,0
11:20:48,0
11:20:49,1
11:20:50,0
11:20:51,0
11:20:52,0
11:20:53,0
11:20:54,1
11:20:55,0
11:20:56,0
11:20:57,0
11:20:58,0
11:20:59,0
11:21:00,0
11:21:01,0
11:21:02,0
11:21:03,0
11:21:04,0
11:21:05,0
11:21:06,0
11:21:07,0
11:21:08,0
11:21:09,0
11:21:10,0
11:21:11,0
11:21:12,0
11:21:13,0
11:21:14,0
11:21:15,0
11:21:16,0
11:21:17,0
11:21:18,0
11:21:19,1
11:21:20,0
11:21:21,0
11:21:22,0
11:21:23,1
11:21:24,0
11:21:25,0
11:21:26,0
11:21:27,0
11:21:28,0
11:21:29,0
11:21:30,0
11:21:31,2
11:21:32,2
11:21:33,2
11:21:34,0
11:21:35,2
11:21:36,2
11:21:37,2
11:21:38,2
11:21:39,1
11:21:40,0
11:21:41,0
11:21:42,0
11:21:43,0
11:21:44,1
11:21:45,0
11:21:46,0
11:21:47,0
11:21:48,0
11:21:49,0
11:21:50,0
11:21:51,0
11:21:52,1
11:21:53,0
11:21:54,2
11:21:55,2
11:21:56,1
11:21:57,2
11:21:58,1
11:21:59,1
11:22:00,1
11:22:01,0
11:22:02,0
11:22:03,0
11:22:04,0
11:22:05,0
11:22:06,0
11:22:07,0
11:22:08,0
11:22:09,0
11:22:10,0
11:22:11,0
11:22:12,1
11:22:13,0
11:22:14,0
11:22:15,0
11:22:16,0
11:22:17,0
11:22:18,1
11:22:19,0
11:22:20,0
11:22:21,0
11:22:22,0
11:22:23,0
11:22:24,0
11:22:25,0
11:22:26,0
11:22:27,0
11:22:28,0
11:22:29,0
11:22:30,0
11:22:31,0
11:22:32,0
11:22:33,0
11:22:34,0
11:22:35,0
11:22:36,0
11:22:37,0
11:22:38,0
11:22:39,0
11:22:40,1
11:22:41,0
11:22:42,0
11:22:43,0
11:22:44,0
11:22:45,0
11:22:46,0
11:22:47,0
11:22:48,0
11:22:49,0
11:22:50,0
11:22:51,0
11:22:52,0
11:22:53,0
11:22:54,0
11:22:55,0
11:22:56,0
11:22:57,0
11:22:58,0
11:22:59,0
11:23:00,0
11:23:01,0
11:23:02,0
11:23:03,0
11:23:04,0
11:23:05,0
11:23:06,0
11:23:07,1
11:23:08,1
11:23:09,1
11:23:10,2
11:23:11,0
11:23:12,1
11:23:13,0
11:23:14,0
11:23:15,0
11:23:16,1
11:23:17,0
11:23:18,0
11:23:19,0
11:23:20,0
11:23:21,0
11:23:22,0
11:23:23,0
11:23:24,0
11:23:25,0
11:23:26,0
11:23:27,0
11:23:28,0
11:23:29,1
11:23:30,0
11:23:31,0
11:23:32,0
11:23:33,0
11:23:34,0
11:23:35,0
11:23:36,0
11:23:37,0
11:23:38,0
11:23:39,0
11:23:40,0
11:23:41,0
11:23:42,0
11:23:43,0
11:23:44,1
11:23:45,0
11:23:46,0
11:23:47,0
11:23:48,0
11:23:49,0
11:23:50,0
11:23:51,0
11:23:52,0
11:23:53,0
11:23:54,0
11:23:55,0
11:23:56,0
11:23:57,0
11:23:58,0
11:23:59,0
11:24:00,1
11:24:01,0
11:24:02,0
11:24:03,0
11:24:04,0
11:24:05,0
11:24:06,0
11:24:07,0
11:24:08,0
11:24:09,0
11:24:10,0
11:24:11,0
11:24:12,0
11:24:13,0
11:24:14,0
11:24:15,0
11:24:16,0
11:24:17,0
11:24:18,0
11:24:19,0
11:24:20,0
11:24:21,0
11:24:22,0
11:24:23,0
11:24:24,0
11:24:25,0
11:24:26,0
11:24:27,0
11:24:28,0
11:24:29,0
11:24:30,0
11:24:31,0
11:24:32,0
11:24:33,0
11:24:34,0
11:24:35,0
11:24:36,0
11:24:37,0
11:24:38,0
11:24:39,0
11:24:40,0
11:24:41,0
11:24:42,0
11:24:43,0
11:24:44,0
11:24:45,0
11:24:46,0
11:24:47,0
11:24:48,0
11:24:49,0
11:24:50,0
11:24:51,0
11:24:52,0
11:24:53,0
11:24:54,0
11:24:55,0
11:24:56,0
11:24:57,0
11:24:58,0
11:24:59,0
11:25:00,0
11:25:01,0
11:25:02,0
11:25:03,0
11:25:04,0
11:25:05,0
11:25:06,0
11:25:07,0
11:25:08,0
11:25:09,0
11:25:10,0
11:25:11,0
11:25:12,0
11:25:13,0
11:25:14,0
11:25:15,0
11:25:16,0
11:25:17,0
11:25:18,0
11:25:19,0
11:25:20,0
11:25:21,0
11:25:22,0
11:25:23,0
11:25:24,0
11:25:25,0
11:25:26,0
11:25:27,0
11:25:28,0
11:25:29,0
11:25:30,0
11:25:31,0
11:25:32,0
11:25:33,0
11:25:34,0
11:25:35,0
11:25:36,0
11:25:37,0
11:25:38,0
11:25:39,0
11:25:40,0
11:25:41,0
11:25:42,0
11:25:43,0
11:25:44,0
11:25:45,0
11:25:46,0
11:25:47,0
11:25:48,0
11:25:49,0
11:25:50,0
11:25:51,0
11:25:52,0
11:25:53,0
11:25:54,0
11:25:55,0
11:25:56,0
11:25:57,0
11:25:58,0
11:25:59,0
11:26:00,0
11:26:01,0
11:26:02,0
11:26:03,0
11:26:04,0
11:26:05,0
11:26:06,0
11:26:07,0
11:26:08,0
11:26:09,0
11:26:10,0
11:26:11,0
11:26:12,0
11:26:13,0
11:26:14,0
11:26:15,0
11:26:16,0
11:26:17,0
11:26:18,0
11:26:19,0
11:26:20,0
11:26:21,0
11:26:22,0
11:26:23,0
11:26:24,0
11:26:25,0
11:26:26,0
11:26:27,0
11:26:28,0
11:26:29,0
11:26:30,0
11:26:31,0
11:26:32,0
11:26:33,1
11:26:34,0
11:26:35,0
11:26:36,0
11:26:37,0
11:26:38,0
11:26:39,0
11:26:40,0
11:26:41,0
11:26:42,0
11:26:43,0
11:26:44,0
11:26:45,0
11:26:46,0
11:26:47,0
11:26:48,0
11:26:49,0
11:26:50,0
11:26:51,0
11:26:52,0
11:26:53,0
11:26:54,0
11:26:55,0
11:26:56,0
11:26:57,0
11:26:58,0
11:26:59,0
11:27:00,0
11:27:01,0
11:27:02,0
11:27:03,0
11:27:04,0
11:27:05,0
11:27:06,0
11:27:07,0
11:27:08,0
11:27:09,0
11:27:10,0
11:27:11,0
11:27:12,0
11:27:13,0
11:27:14,0
11:27:15,0
11:27:16,0
11:27:17,0
11:27:18,0
11:27:19,0
11:27:20,0
11:27:21,0
11:27:22,0
11:27:23,0
11:27:24,0
11:27:25,0
11:27:26,0
11:27:27,0
11:27:28,0
11:27:29,0
11:27:30,0
11:27:31,0
11:27:32,0
11:27:33,0
11:27:34,0
11:27:35,0
11:27:36,0
11:27:37,0
11:27:38,0
11:27:39,0
11:27:40,0
11:27:41,0
11:27:42,0
11:27:43,0
11:27:44,0
11:27:45,0
11:27:46,0
11:27:47,0
11:27:48,0
11:27:49,0
11:27:50,0
11:27:51,0
11:27:52,0
11:27:53,0
11:27:54,0
11:27:55,0
11:27:56,0
11:27:57,0
11:27:58,0
11:27:59,0
11:28:00,0
11:28:01,0
11:28:02,0
11:28:03,0
11:28:04,0
11:28:05,0
11:28:06,0
11:28:07,0
11:28:08,0
11:28:09,0
11:28:10,0
11:28:11,0
11:28:12,0
11:28:13,0
11:28:14,0
11:28:15,0
11:28:16,0
11:28:17,0
11:28:18,0
11:28:19,0
11:28:20,0
11:28:21,0
11:28:22,0
11:28:23,0
11:28:24,0
11:28:25,0
11:28:26,0
11:28:27,0
11:28:28,0
11:28:29,0
11:28:30,0
11:28:31,0
11:28:32,0
11:28:33,0
11:28:34,0
11:28:35,0
11:28:36,0
11:28:37,0
11:28:38,0
11:28:39,0
11:28:40,1
11:28:41,0
11:28:42,0
11:28:43,0
11:28:44,0
11:28:45,0
11:28:46,0
11:28:47,0
11:28:48,0
11:28:49,0
11:28:50,0
11:28:51,0
11:28:52,0
11:28:53,0
11:28:54,0
11:28:55,0
11:28:56,0
11:28:57,0
11:28:58,0
11:28:59,0
11:29:00,0
11:29:01,0
11:29:02,0
11:29:03,0
11:29:04,0
11:29:05,0
11:29:06,0
11:29:07,0
11:29:08,0
11:29:09,0
11:29:10,0
11:29:11,0
11:29:12,0
11:29:13,0
11:29:14,0
11:29:15,0
11:29:16,0
11:29:17,0
11:29:18,0
11:29:19,0
11:29:20,0
11:29:21,0
11:29:22,0
11:29:23,0
11:29:24,0
11:29:25,0
11:29:26,0
11:29:27,0
11:29:28,0
11:29:29,0
11:29:30,0
11:29:31,0
11:29:32,0
11:29:33,0
11:29:34,0
11:29:35,0
11:29:36,0
11:29:37,0
11:29:38,0
11:29:39,0
11:29:40,0
11:29:41,0
11:29:42,0
11:29:43,0
11:29:44,0
11:29:45,0
11:29:46,0
11:29:47,0
11:29:48,0
11:29:49,0
11:29:50,0
11:29:51,0
11:29:52,0
11:29:53,0
11:29:54,0
11:29:55,0
11:29:56,0
11:29:57,0
11:29:58,0
11:29:59,0
11:30:00,0
11:30:01,0
11:30:02,0
11:30:03,0
11:30:04,0
11:30:05,0
11:30:06,0
11:30:07,0
11:30:08,0
11:30:09,0
11:30:10,0
11:30:11,0
11:30:12,0
11:30:13,0
11:30:14,0
11:30:15,0
11:30:16,0
11:30:17,0
11:30:18,0
11:30:19,0
11:30:20,0
11:30:21,0
11:30:22,0
11:30:23,0
11:30:24,0
11:30:25,1
11:30:26,0
11:30:27,0
11:30:28,0
11:30:29,0
11:30:30,0
11:30:31,0
11:30:32,0
11:30:33,0
11:30:34,0
11:30:35,1
11:30:36,0
11:30:37,1
11:30:38,0
11:30:39,0
11:30:40,0
11:30:41,0
11:30:42,0
11:30:43,0
11:30:44,0
11:30:45,0
11:30:46,0
11:30:47,0
11:30:48,0
11:30:49,0
11:30:50,0
11:30:51,0
11:30:52,0
11:30:53,0
11:30:54,0
11:30:55,0
11:30:56,0
11:30:57,0
11:30:58,0
11:30:59,0
11:31:00,0
11:31:01,0
11:31:02,0
11:31:03,0
11:31:04,0
11:31:05,0
11:31:06,0
11:31:07,0
11:31:08,0
11:31:09,0
11:31:10,0
11:31:11,0
11:31:12,0
11:31:13,0
11:31:14,0
11:31:15,0
11:31:16,0
11:31:17,0
11:31:18,0
11:31:19,0
11:31:20,0
11:31:21,0
11:31:22,0
11:31:23,0
11:31:24,0
11:31:25,0
11:31:26,0
11:31:27,0
11:31:28,0
11:31:29,0
11:31:30,0
11:31:31,0
11:31:32,0
11:31:33,0
11:31:34,0
11:31:35,0
11:31:36,0
11:31:37,0
11:31:38,0
11:31:39,0
11:31:40,0
11:31:41,0
11:31:42,0
11:31:43,0
11:31:44,0
11:31:45,1
11:31:46,0
11:31:47,0
11:31:48,0
11:31:49,0
11:31:50,0
11:31:51,0
11:31:52,0
11:31:53,0
11:31:54,0
11:31:55,0
11:31:56,0
11:31:57,0
11:31:58,0
11:31:59,0
11:32:00,0
11:32:01,0
11:32:02,0
11:32:03,0
11:32:04,0
11:32:05,0
11:32:06,0
11:32:07,0
11:32:08,0
11:32:09,0
11:32:10,0
11:32:11,0
11:32:12,0
11:32:13,0
11:32:14,0
11:32:15,0
11:32:16,0
11:32:17,0
11:32:18,0
11:32:19,0
11:32:20,0
11:32:21,1
11:32:22,0
11:32:23,1
11:32:24,0
11:32:25,1
11:32:26,0
11:32:27,0
11:32:28,0
11:32:29,0
11:32:30,0
11:32:31,0
11:32:32,0
11:32:33,0
11:32:34,0
11:32:35,1
11:32:36,0
11:32:37,0
11:32:38,1
11:32:39,0
11:32:40,0
11:32:41,0
11:32:42,0
11:32:43,0
11:32:44,0
11:32:45,0
11:32:46,0
11:32:47,1
11:32:48,0
11:32:49,0
11:32:50,0
11:32:51,0
11:32:52,0
11:32:53,1
11:32:54,0
11:32:55,0
11:32:56,0
11:32:57,0
11:32:58,0
11:32:59,0
11:33:00,0
11:33:01,0
11:33:02,0
11:33:03,0
11:33:04,0
11:33:05,0
11:33:06,0
11:33:07,0
11:33:08,0
11:33:09,0
11:33:10,0
11:33:11,0
11:33:12,0
11:33:13,0
11:33:14,0
11:33:15,0
11:33:16,0
11:33:17,0
11:33:18,0
11:33:19,0
11:33:20,0
11:33:21,0
11:33:22,0
11:33:23,0
11:33:24,0
11:33:25,0
11:33:26,0
11:33:27,0
11:33:28,0
11:33:29,0
11:33:30,0
11:33:31,0
11:33:32,1
11:33:33,0
11:33:34,0
11:33:35,0
11:33:36,0
11:33:37,0
11:33:38,0
11:33:39,0
11:33:40,0
11:33:41,0
11:33:42,0
11:33:43,0
11:33:44,0
11:33:45,0
11:33:46,0
11:33:47,0
11:33:48,0
11:33:49,0
11:33:50,0
11:33:51,0
11:33:52,0
11:33:53,0
11:33:54,0
11:33:55,0
11:33:56,0
11:33:57,0
11:33:58,0
11:33:59,0
11:34:00,0
11:34:01,1
11:34:02,0
11:34:03,0
11:34:04,0
11:34:05,1
11:34:06,2
11:34:07,2
11:34:08,1
11:34:09,2
11:34:10,0
11:34:11,0
11:34:12,0
11:34:13,0
11:34:14,0
11:34:15,0
11:34:16,0
11:34:17,1
11:34:18,2
11:34:19,2
11:34:20,1
11:34:21,2
11:34:22,2
11:34:23,1
11:34:24,2
11:34:25,2
11:34:26,1
11:34:27,2
11:34:28,2
11:34:29,1
11:34:30,2
11:34:31,2
11:34:32,2
11:34:33,1
11:34:34,2
11:34:35,2
11:34:36,1
11:34:37,2
11:34:38,2
11:34:39,2
11:34:40,1
11:34:41,1
11:34:42,2
11:34:43,1
11:34:44,2
11:34:45,2
11:34:46,2
11:34:47,2
11:34:48,1
11:34:49,2
11:34:50,2
11:34:51,1
11:34:52,2
11:34:53,2
11:34:54,2
11:34:55,1
11:34:56,2
11:34:57,2
11:34:58,1
11:34:59,2
11:35:00,2
11:35:01,2
11:35:02,2
11:35:03,1
11:35:04,2
11:35:05,2
11:35:06,1
11:35:07,2
11:35:08,2
11:35:09,1
11:35:10,1
11:35:11,1
11:35:12,2
11:35:13,2
11:35:14,1
11:35:15,1
11:35:16,2
11:35:17,2
11:35:18,1
11:35:19,2
11:35:20,2
11:35:21,1
11:35:22,2
11:35:23,1
11:35:24,0
11:35:25,1
11:35:26,0
11:35:27,1
11:35:28,2
11:35:29,2
11:35:30,1
11:35:31,1
11:35:32,1
11:35:33,0
11:35:34,2
11:35:35,0
11:35:36,1
11:35:37,2
11:35:38,2
11:35:39,2
11:35:40,1
11:35:41,2
11:35:42,2
11:35:43,1
11:35:44,2
11:35:45,1
11:35:46,1
11:35:47,1
11:35:48,1
11:35:49,2
11:35:50,0
11:35:51,1
11:35:52,1
11:35:53,1
11:35:54,1
11:35:55,1
11:35:56,1
11:35:57,2
11:35:58,1
11:35:59,2
11:36:00,1
11:36:01,2
11:36:02,1
11:36:03,2
11:36:04,2
11:36:05,1
11:36:06,1
11:36:07,2
11:36:08,2
11:36:09,2
11:36:10,1
11:36:11,2
11:36:12,2
11:36:13,2
11:36:14,1
11:36:15,1
11:36:16,1
11:36:17,2
11:36:18,0
11:36:19,1
11:36:20,0
11:36:21,0
11:36:22,0
11:36:23,0
11:36:24,0
11:36:25,0
11:36:26,0
11:36:27,0
11:36:28,0
11:36:29,0
11:36:30,0
11:36:31,0
11:36:32,0
11:36:33,0
11:36:34,0
11:36:35,0
11:36:36,0
11:36:37,0
11:36:38,0
11:36:39,0
11:36:40,0
11:36:41,0
11:36:42,0
11:36:43,1
11:36:44,1
11:36:45,0
11:36:46,0
11:36:47,0
11:36:48,0
11:36:49,0
11:36:50,0
11:36:51,1
11:36:52,0
11:36:53,0
11:36:54,0
11:36:55,0
11:36:56,0
11:36:57,0
11:36:58,0
11:36:59,1
11:37:00,1
11:37:01,0
11:37:02,0
11:37:03,0
11:37:04,0
11:37:05,0
11:37:06,0
11:37:07,2
11:37:08,1
11:37:09,0
11:37:10,1
11:37:11,0
11:37:12,0
11:37:13,0
11:37:14,0
11:37:15,0
11:37:16,0
11:37:17,0
11:37:18,0
11:37:19,0
11:37:20,0
11:37:21,0
11:37:22,0
11:37:23,0
11:37:24,0
11:37:25,0
11:37:26,0
11:37:27,0
11:37:28,0
11:37:29,0
11:37:30,1
11:37:31,0
11:37:32,0
11:37:33,0
11:37:34,0
11:37:35,0
11:37:36,0
11:37:37,0
11:37:38,0
11:37:39,0
11:37:40,1
11:37:41,0
11:37:42,0
11:37:43,0
11:37:44,0
11:37:45,0
11:37:46,0
11:37:47,0
11:37:48,0
11:37:49,0
11:37:50,0
11:37:51,0
11:37:52,0
11:37:53,0
11:37:54,0
11:37:55,0
11:37:56,0
11:37:57,0
11:37:58,0
11:37:59,0
11:38:00,0
11:38:01,0
11:38:02,0
11:38:03,0
11:38:04,0
11:38:05,0
11:38:06,0
11:38:07,0
11:38:08,0
11:38:09,0
11:38:10,0
11:38:11,0
11:38:12,0
11:38:13,0
11:38:14,0
11:38:15,0
11:38:16,0
11:38:17,0
11:38:18,0
11:38:19,0
11:38:20,0
11:38:21,0
11:38:22,0
11:38:23,0
11:38:24,1
11:38:25,1
11:38:26,2
11:38:27,0
11:38:28,1
11:38:29,1
11:38:30,0
11:38:31,2
11:38:32,0
11:38:33,0
11:38:34,0
11:38:35,0
11:38:36,0
11:38:37,1
11:38:38,0
11:38:39,1
11:38:40,0
11:38:41,0
11:38:42,1
11:38:43,0
11:38:44,0
11:38:45,0
11:38:46,0
11:38:47,0
11:38:48,0
11:38:49,0
11:38:50,0
11:38:51,0
11:38:52,0
11:38:53,0
11:38:54,0
11:38:55,0
11:38:56,0
11:38:57,0
11:38:58,0
11:38:59,0
11:39:00,0
11:39:01,0
11:39:02,0
11:39:03,0
11:39:04,0
11:39:05,0
11:39:06,0
11:39:07,0
11:39:08,0
11:39:09,0
11:39:10,0
11:39:11,0
11:39:12,0
11:39:13,0
11:39:14,0
11:39:15,0
11:39:16,0
11:39:17,0
11:39:18,0
11:39:19,0
11:39:20,0
11:39:21,0
11:39:22,0
11:39:23,0
11:39:24,0
11:39:25,0
11:39:26,0
11:39:27,0
11:39:28,0
11:39:29,0
11:39:30,0
11:39:31,0
11:39:32,0
11:39:33,0
11:39:34,0
11:39:35,0
11:39:36,0
11:39:37,0
11:39:38,0
11:39:39,0
11:39:40,0
11:39:41,0
11:39:42,0
11:39:43,0
11:39:44,0
11:39:45,0
11:39:46,0
11:39:47,0
11:39:48,0
11:39:49,0
11:39:50,0
11:39:51,0
11:39:52,0
11:39:53,0
11:39:54,0
11:39:55,0
11:39:56,0
11:39:57,0
11:39:58,0
11:39:59,0
11:40:00,0
11:40:01,0
11:40:02,0
11:40:03,0
11:40:04,0
11:40:05,0
11:40:06,0
11:40:07,0
11:40:08,0
11:40:09,0
11:40:10,0
11:40:11,0
11:40:12,0
11:40:13,0
11:40:14,0
11:40:15,0
11:40:16,0
11:40:17,0
11:40:18,0
11:40:19,0
11:40:20,0
11:40:21,0
11:40:22,0
11:40:23,0
11:40:24,0
11:40:25,0
11:40:26,0
11:40:27,0
11:40:28,0
11:40:29,0
11:40:30,0
11:40:31,0
11:40:32,0
11:40:33,0
11:40:34,0
11:40:35,0
11:40:36,0
11:40:37,0
11:40:38,0
11:40:39,0
11:40:40,0
11:40:41,0
11:40:42,0
11:40:43,0
11:40:44,0
11:40:45,0
11:40:46,0
11:40:47,0
11:40:48,0
11:40:49,0
11:40:50,0
11:40:51,0
11:40:52,0
11:40:53,0
11:40:54,0
11:40:55,0
11:40:56,0
11:40:57,0
11:40:58,0
11:40:59,0
11:41:00,0
11:41:01,0
11:41:02,0
11:41:03,0
11:41:04,0
11:41:05,0
11:41:06,0
11:41:07,0
11:41:08,0
11:41:09,0
11:41:10,0
11:41:11,0
11:41:12,0
11:41:13,0
11:41:14,0
11:41:15,0
11:41:16,0
11:41:17,0
11:41:18,0
11:41:19,0
11:41:20,0
11:41:21,0
11:41:22,0
11:41:23,0
11:41:24,0
11:41:25,0
11:41:26,0
11:41:27,0
11:41:28,0
11:41:29,0
11:41:30,0
11:41:31,0
11:41:32,0
11:41:33,0
11:41:34,0
11:41:35,0
11:41:36,0
11:41:37,0
11:41:38,0
11:41:39,0
11:41:40,0
11:41:41,0
11:41:42,0
11:41:43,0
11:41:44,0
11:41:45,0
11:41:46,0
11:41:47,0
11:41:48,0
11:41:49,0
11:41:50,1
11:41:51,0
11:41:52,0
11:41:53,0
11:41:54,0
11:41:55,0
11:41:56,0
11:41:57,0
11:41:58,0
11:41:59,0
11:42:00,0
11:42:01,0
11:42:02,0
11:42:03,0
11:42:04,0
11:42:05,0
11:42:06,0
11:42:07,0
11:42:08,0
11:42:09,0
11:42:10,0
11:42:11,0
11:42:12,0
11:42:13,0
11:42:14,0
11:42:15,0
11:42:16,0
11:42:17,0
11:42:18,0
11:42:19,0
11:42:20,0
11:42:21,0
11:42:22,0
11:42:23,0
11:42:24,0
11:42:25,0
11:42:26,0
11:42:27,0
11:42:28,0
11:42:29,0
11:42:30,0
11:42:31,0
11:42:32,0
11:42:33,0
11:42:34,0
11:42:35,0
11:42:36,0
11:42:37,0
11:42:38,0
11:42:39,0
11:42:40,0
11:42:41,0
11:42:42,0
11:42:43,0
11:42:44,0
11:42:45,0
11:42:46,0
11:42:47,0
11:42:48,0
11:42:49,0
11:42:50,0
11:42:51,0
11:42:52,0
11:42:53,0
11:42:54,0
11:42:55,0
11:42:56,0
11:42:57,0
11:42:58,0
11:42:59,0
11:43:00,0
11:43:01,0
11:43:02,0
11:43:03,0
11:43:04,0
11:43:05,0
11:43:06,0
11:43:07,0
11:43:08,0
11:43:09,0
11:43:10,0
11:43:11,0
11:43:12,0
11:43:13,0
11:43:14,0
11:43:15,0
11:43:16,0
11:43:17,0
11:43:18,0
11:43:19,0
11:43:20,0
11:43:21,0
11:43:22,0
11:43:23,0
11:43:24,0
11:43:25,0
11:43:26,0
11:43:27,0
11:43:28,0
11:43:29,0
11:43:30,0
11:43:31,0
11:43:32,0
11:43:33,0
11:43:34,0
11:43:35,0
11:43:36,0
11:43:37,0
11:43:38,0
11:43:39,0
11:43:40,0
11:43:41,0
11:43:42,0
11:43:43,0
11:43:44,0
11:43:45,0
11:43:46,0
11:43:47,0
11:43:48,0
11:43:49,0
11:43:50,0
11:43:51,0
11:43:52,0
11:43:53,0
11:43:54,0
11:43:55,0
11:43:56,0
11:43:57,0
11:43:58,0
11:43:59,0
11:44:00,0
11:44:01,0
11:44:02,0
11:44:03,0
11:44:04,0
11:44:05,0
11:44:06,0
11:44:07,0
11:44:08,0
11:44:09,0
11:44:10,0
11:44:11,0
11:44:12,0
11:44:13,0
11:44:14,0
11:44:15,0
11:44:16,0
11:44:17,0
11:44:18,0
11:44:19,0
11:44:20,0
11:44:21,0
11:44:22,0
11:44:23,0
11:44:24,0
11:44:25,0
11:44:26,0
11:44:27,0
11:44:28,0
11:44:29,0
11:44:30,0
11:44:31,0
11:44:32,0
11:44:33,0
11:44:34,0
11:44:35,0
11:44:36,0
11:44:37,0
11:44:38,0
11:44:39,0
11:44:40,0
11:44:41,0
11:44:42,0
11:44:43,0
11:44:44,0
11:44:45,0
11:44:46,0
11:44:47,0
11:44:48,0
11:44:49,0
11:44:50,0
11:44:51,0
11:44:52,0
11:44:53,0
11:44:54,0
11:44:55,0
11:44:56,0
11:44:57,0
11:44:58,0
11:44:59,0
11:45:00,0
11:45:01,0
11:45:02,0
11:45:03,0
11:45:04,0
11:45:05,0
11:45:06,0
11:45:07,0
11:45:08,0
11:45:09,0
11:45:10,0
11:45:11,0
11:45:12,0
11:45:13,0
11:45:14,0
11:45:15,0
11:45:16,0
11:45:17,0
11:45:18,0
11:45:19,0
11:45:20,0
11:45:21,0
11:45:22,0
11:45:23,0
11:45:24,0
11:45:25,0
11:45:26,0
11:45:27,0
11:45:28,0
11:45:29,0
11:45:30,0
11:45:31,0
11:45:32,0
11:45:33,0
11:45:34,0
11:45:35,0
11:45:36,0
11:45:37,0
11:45:38,0
11:45:39,0
11:45:40,0
11:45:41,0
11:45:42,0
11:45:43,0
11:45:44,0
11:45:45,0
11:45:46,0
11:45:47,0
11:45:48,0
11:45:49,0
11:45:50,0
11:45:51,0
11:45:52,0
11:45:53,0
11:45:54,0
11:45:55,0
11:45:56,0
11:45:57,0
11:45:58,0
11:45:59,0
11:46:00,0
11:46:01,0
11:46:02,0
11:46:03,0
11:46:04,0
11:46:05,0
11:46:06,0
11:46:07,0
11:46:08,0
11:46:09,0
11:46:10,0
11:46:11,0
11:46:12,0
11:46:13,0
11:46:14,0
11:46:15,0
11:46:16,0
11:46:17,0
11:46:18,0
11:46:19,0
11:46:20,0
11:46:21,0
11:46:22,0
11:46:23,0
11:46:24,0
11:46:25,0
11:46:26,0
11:46:27,0
11:46:28,0
11:46:29,0
11:46:30,0
11:46:31,0
11:46:32,0
11:46:33,0
11:46:34,0
11:46:35,0
11:46:36,0
11:46:37,0
11:46:38,0
11:46:39,0
11:46:40,0
11:46:41,0
11:46:42,0
11:46:43,0
11:46:44,0
11:46:45,0
11:46:46,0
11:46:47,0
11:46:48,0
11:46:49,0
11:46:50,0
11:46:51,0
11:46:52,0
11:46:53,0
11:46:54,0
11:46:55,0
11:46:56,0
11:46:57,0
11:46:58,0
11:46:59,0
11:47:00,0
11:47:01,0
11:47:02,0
11:47:03,0
11:47:04,0
11:47:05,0
11:47:06,0
11:47:07,0
11:47:08,0
11:47:09,0
11:47:10,0
11:47:11,0
11:47:12,0
11:47:13,0
11:47:14,0
11:47:15,0
11:47:16,0
11:47:17,0
11:47:18,0
11:47:19,0
11:47:20,0
11:47:21,0
11:47:22,0
11:47:23,0
11:47:24,0
11:47:25,0
11:47:26,0
11:47:27,0
11:47:28,0
11:47:29,0
11:47:30,0
11:47:31,0
11:47:32,0
11:47:33,0
11:47:34,0
11:47:35,0
11:47:36,0
11:47:37,0
11:47:38,0
11:47:39,0
11:47:40,0
11:47:41,0
11:47:42,0
11:47:43,0
11:47:44,0
11:47:45,0
11:47:46,0
11:47:47,0
11:47:48,0
11:47:49,0
11:47:50,0
11:47:51,0
11:47:52,0
11:47:53,0
11:47:54,0
11:47:55,0
11:47:56,0
11:47:57,0
11:47:58,0
11:47:59,0
11:48:00,0
11:48:01,0
11:48:02,0
11:48:03,0
11:48:04,0
11:48:05,0
11:48:06,0
11:48:07,0
11:48:08,0
11:48:09,0
11:48:10,0
11:48:11,0
11:48:12,0
11:48:13,0
11:48:14,0
11:48:15,0
11:48:16,0
11:48:17,0
11:48:18,0
11:48:19,0
11:48:20,0
11:48:21,0
11:48:22,0
11:48:23,0
11:48:24,0
11:48:25,0
11:48:26,0
11:48:27,0
11:48:28,0
11:48:29,0
11:48:30,0
11:48:31,0
11:48:32,0
11:48:33,0
11:48:34,0
11:48:35,0
11:48:36,0
11:48:37,0
11:48:38,0
11:48:39,0
11:48:40,0
11:48:41,0
11:48:42,0
11:48:43,0
11:48:44,0
11:48:45,0
11:48:46,0
11:48:47,0
11:48:48,0
11:48:49,0
11:48:50,0
11:48:51,0
11:48:52,0
11:48:53,0
11:48:54,0
11:48:55,0
11:48:56,0
11:48:57,0
11:48:58,0
11:48:59,0
11:49:00,0
11:49:01,0
11:49:02,0
11:49:03,0
11:49:04,0
11:49:05,0
11:49:06,0
11:49:07,0
11:49:08,0
11:49:09,0
11:49:10,0
11:49:11,0
11:49:12,0
11:49:13,0
11:49:14,0
11:49:15,0
11:49:16,0
11:49:17,0
11:49:18,0
11:49:19,0
11:49:20,0
11:49:21,0
11:49:22,0
11:49:23,0
11:49:24,0
11:49:25,0
11:49:26,0
11:49:27,0
11:49:28,0
11:49:29,0
11:49:30,0
11:49:31,0
11:49:32,0
11:49:33,0
11:49:34,0
11:49:35,0
11:49:36,0
11:49:37,0
11:49:38,0
11:49:39,0
11:49:40,0
11:49:41,0
11:49:42,0
11:49:43,0
11:49:44,0
11:49:45,0
11:49:46,0
11:49:47,0
11:49:48,0
11:49:49,0
11:49:50,0
11:49:51,0
11:49:52,0
11:49:53,0
11:49:54,0
11:49:55,0
11:49:56,0
11:49:57,0
11:49:58,0
11:49:59,0
11:50:00,0
11:50:01,0
11:50:02,0
11:50:03,0
11:50:04,0
11:50:05,0
11:50:06,0
11:50:07,0
11:50:08,0
11:50:09,0
11:50:10,0
11:50:11,0
11:50:12,0
11:50:13,0
11:50:14,0
11:50:15,0
11:50:16,0
11:50:17,0
11:50:18,0
11:50:19,0
11:50:20,0
11:50:21,0
11:50:22,0
11:50:23,0
11:50:24,0
11:50:25,0
11:50:26,0
11:50:27,0
11:50:28,0
11:50:29,0
11:50:30,0
11:50:31,0
11:50:32,0
11:50:33,0
11:50:34,0
11:50:35,1
11:50:36,0
11:50:37,0
11:50:38,0
11:50:39,0
11:50:40,0
11:50:41,0
11:50:42,0
11:50:43,0
11:50:44,0
11:50:45,0
11:50:46,0
11:50:47,0
11:50:48,0
11:50:49,0
11:50:50,0
11:50:51,0
11:50:52,0
11:50:53,0
11:50:54,0
11:50:55,0
11:50:56,0
11:50:57,0
11:50:58,0
11:50:59,0
11:51:00,0
11:51:01,0
11:51:02,0
11:51:03,0
11:51:04,0
11:51:05,0
11:51:06,0
11:51:07,0
11:51:08,0
11:51:09,0
11:51:10,0
11:51:11,0
11:51:12,0
11:51:13,0
11:51:14,0
11:51:15,0
11:51:16,0
11:51:17,0
11:51:18,0
11:51:19,0
11:51:20,0
11:51:21,0
11:51:22,0
11:51:23,0
11:51:24,0
11:51:25,0
11:51:26,0
11:51:27,0
11:51:28,0
11:51:29,0
11:51:30,0
11:51:31,0
11:51:32,0
11:51:33,0
11:51:34,0
11:51:35,0
11:51:36,0
11:51:37,0
11:51:38,0
11:51:39,0
11:51:40,0
11:51:41,0
11:51:42,0
11:51:43,0
11:51:44,0
11:51:45,0
11:51:46,0
11:51:47,0
11:51:48,0
11:51:49,0
11:51:50,0
11:51:51,0
11:51:52,0
11:51:53,0
11:51:54,0
11:51:55,0
11:51:56,0
11:51:57,0
11:51:58,0
11:51:59,0
11:52:00,0
11:52:01,0
11:52:02,0
11:52:03,0
11:52:04,0
11:52:05,0
11:52:06,0
11:52:07,0
11:52:08,0
11:52:09,0
11:52:10,0
11:52:11,0
11:52:12,0
11:52:13,0
11:52:14,0
11:52:15,0
11:52:16,0
11:52:17,0
11:52:18,0
11:52:19,0
11:52:20,0
11:52:21,0
11:52:22,0
11:52:23,0
11:52:24,0
11:52:25,0
11:52:26,0
11:52:27,0
11:52:28,0
11:52:29,0
11:52:30,0
11:52:31,0
11:52:32,0
11:52:33,0
11:52:34,0
11:52:35,0
11:52:36,0
11:52:37,0
11:52:38,0
11:52:39,0
11:52:40,0
11:52:41,0
11:52:42,0
11:52:43,0
11:52:44,0
11:52:45,0
11:52:46,0
11:52:47,0
11:52:48,0
11:52:49,0
11:52:50,0
11:52:51,0
11:52:52,0
11:52:53,0
11:52:54,1
11:52:55,0
11:52:56,0
11:52:57,0
11:52:58,0
11:52:59,1
11:53:00,0
11:53:01,0
11:53:02,0
11:53:03,0
11:53:04,0
11:53:05,0
11:53:06,0
11:53:07,1
11:53:08,2
11:53:09,1
11:53:10,1
11:53:11,0
11:53:12,2
11:53:13,1
11:53:14,0
11:53:15,0
11:53:16,1
11:53:17,0
11:53:18,0
11:53:19,0
11:53:20,0
11:53:21,0
11:53:22,0
11:53:23,0
11:53:24,0
11:53:25,0
11:53:26,0
11:53:27,0
11:53:28,0
11:53:29,0
11:53:30,0
11:53:31,0
11:53:32,0
11:53:33,0
11:53:34,0
11:53:35,0
11:53:36,0
11:53:37,0
11:53:38,0
11:53:39,0
11:53:40,0
11:53:41,0
11:53:42,0
11:53:43,0
11:53:44,0
11:53:45,0
11:53:46,0
11:53:47,0
11:53:48,0
11:53:49,0
11:53:50,0
11:53:51,1
11:53:52,1
11:53:53,0
11:53:54,0
11:53:55,1
11:53:56,1
11:53:57,2
11:53:58,1
11:53:59,0
11:54:00,1
11:54:01,0
11:54:02,0
11:54:03,0
11:54:04,1
11:54:05,0
11:54:06,0
11:54:07,0
11:54:08,0
11:54:09,0
11:54:10,0
11:54:11,0
11:54:12,0
11:54:13,0
11:54:14,0
11:54:15,0
11:54:16,0
11:54:17,0
11:54:18,0
11:54:19,0
11:54:20,0
11:54:21,0
11:54:22,0
11:54:23,0
11:54:24,0
11:54:25,0
11:54:26,0
11:54:27,0
11:54:28,0
11:54:29,0
11:54:30,0
11:54:31,0
11:54:32,0
11:54:33,0
11:54:34,0
11:54:35,0
11:54:36,0
11:54:37,0
11:54:38,0
11:54:39,0
11:54:40,0
11:54:41,0
11:54:42,0
11:54:43,0
11:54:44,1
11:54:45,0
11:54:46,0
11:54:47,0
11:54:48,0
11:54:49,0
11:54:50,0
11:54:51,0
11:54:52,0
11:54:53,0
11:54:54,0
11:54:55,0
11:54:56,0
11:54:57,0
11:54:58,0
11:54:59,0
11:55:00,0
11:55:01,0
11:55:02,0
11:55:03,0
11:55:04,0
11:55:05,0
11:55:06,0
11:55:07,0
11:55:08,0
11:55:09,0
11:55:10,0
11:55:11,0
11:55:12,0
11:55:13,0
11:55:14,0
11:55:15,0
11:55:16,0
11:55:17,0
11:55:18,0
11:55:19,0
11:55:20,0
11:55:21,0
11:55:22,0
11:55:23,0
11:55:24,0
11:55:25,0
11:55:26,0
11:55:27,0
11:55:28,0
11:55:29,0
11:55:30,0
11:55:31,0
11:55:32,0
11:55:33,0
11:55:34,0
11:55:35,0
11:55:36,0
11:55:37,0
11:55:38,0
11:55:39,0
11:55:40,0
11:55:41,0
11:55:42,0
11:55:43,0
11:55:44,0
11:55:45,0
11:55:46,0
11:55:47,0
11:55:48,0
11:55:49,0
11:55:50,0
11:55:51,0
11:55:52,0
11:55:53,0
11:55:54,0
11:55:55,0
11:55:56,0
11:55:57,0
11:55:58,0
11:55:59,0
11:56:00,0
11:56:01,0
11:56:02,0
11:56:03,0
11:56:04,0
11:56:05,0
11:56:06,0
11:56:07,0
11:56:08,0
11:56:09,0
11:56:10,0
11:56:11,0
11:56:12,0
11:56:13,0
11:56:14,0
11:56:15,0
11:56:16,0
11:56:17,0
11:56:18,0
11:56:19,0
11:56:20,0
11:56:21,0
11:56:22,0
11:56:23,0
11:56:24,0
11:56:25,0
11:56:26,0
11:56:27,0
11:56:28,0
11:56:29,0
11:56:30,0
11:56:31,0
11:56:32,0
11:56:33,0
11:56:34,1
11:56:35,0
11:56:36,0
11:56:37,0
11:56:38,0
11:56:39,0
11:56:40,0
11:56:41,0
11:56:42,0
11:56:43,0
11:56:44,0
11:56:45,0
11:56:46,0
11:56:47,0
11:56:48,0
11:56:49,0
11:56:50,1
11:56:51,0
11:56:52,0
11:56:53,0
11:56:54,0
11:56:55,0
11:56:56,0
11:56:57,0
11:56:58,0
11:56:59,0
11:57:00,0
11:57:01,0
11:57:02,0
11:57:03,0
11:57:04,0
11:57:05,0
11:57:06,0
11:57:07,0
11:57:08,0
11:57:09,0
11:57:10,0
11:57:11,0
11:57:12,0
11:57:13,0
11:57:14,0
11:57:15,0
11:57:16,0
11:57:17,0
11:57:18,0
11:57:19,0
11:57:20,0
11:57:21,0
11:57:22,0
11:57:23,0
11:57:24,0
11:57:25,0
11:57:26,0
11:57:27,0
11:57:28,0
11:57:29,0
11:57:30,0
11:57:31,0
11:57:32,0
11:57:33,0
11:57:34,0
11:57:35,0
11:57:36,0
11:57:37,0
11:57:38,0
11:57:39,0
11:57:40,0
11:57:41,0
11:57:42,0
11:57:43,0
11:57:44,0
11:57:45,0
11:57:46,0
11:57:47,0
11:57:48,0
11:57:49,0
11:57:50,0
11:57:51,0
11:57:52,0
11:57:53,0
11:57:54,0
11:57:55,0
11:57:56,0
11:57:57,0
11:57:58,0
11:57:59,0
11:58:00,0
11:58:01,0
11:58:02,0
11:58:03,0
11:58:04,0
11:58:05,0
11:58:06,0
11:58:07,0
11:58:08,0
11:58:09,0
11:58:10,0
11:58:11,0
11:58:12,0
11:58:13,0
11:58:14,0
11:58:15,0
11:58:16,0
11:58:17,0
11:58:18,0
11:58:19,0
11:58:20,0
11:58:21,0
11:58:22,0
11:58:23,0
11:58:24,0
11:58:25,0
11:58:26,0
11:58:27,0
11:58:28,0
11:58:29,0
11:58:30,0
11:58:31,0
11:58:32,0
11:58:33,0
11:58:34,1
11:58:35,0
11:58:36,0
11:58:37,0
11:58:38,0
11:58:39,0
11:58:40,0
11:58:41,0
11:58:42,0
11:58:43,0
11:58:44,0
11:58:45,0
11:58:46,0
11:58:47,0
11:58:48,0
11:58:49,0
11:58:50,0
11:58:51,0
11:58:52,0
11:58:53,0
11:58:54,0
11:58:55,0
11:58:56,0
11:58:57,0
11:58:58,0
11:58:59,0
11:59:00,0
11:59:01,0
11:59:02,0
11:59:03,0
11:59:04,0
11:59:05,0
11:59:06,0
11:59:07,0
11:59:08,0
11:59:09,0
11:59:10,0
11:59:11,0
11:59:12,0
11:59:13,0
11:59:14,0
11:59:15,0
11:59:16,0
11:59:17,0
11:59:18,0
11:59:19,0
11:59:20,0
11:59:21,0
11:59:22,0
11:59:23,0
11:59:24,0
11:59:25,0
11:59:26,0
11:59:27,0
11:59:28,0
11:59:29,0
11:59:30,0
11:59:31,0
11:59:32,0
11:59:33,0
11:59:34,0
11:59:35,0
11:59:36,0
11:59:37,0
11:59:38,0
11:59:39,0
11:59:40,0
11:59:41,0
11:59:42,0
11:59:43,0
11:59:44,0
11:59:45,0
11:59:46,0
11:59:47,0
11:59:48,0
11:59:49,0
11:59:50,0
11:59:51,0
11:59:52,0
11:59:53,0
11:59:54,0
11:59:55,0
11:59:56,0
11:59:57,0
11:59:58,0
11:59:59,0
12:00:00,0
12:00:01,0
12:00:02,0
12:00:03,0
12:00:04,0
12:00:05,0
12:00:06,0
12:00:07,0
12:00:08,0
12:00:09,0
12:00:10,1
12:00:11,0
12:00:12,0
12:00:13,0
12:00:14,0
12:00:15,0
12:00:16,0
12:00:17,0
12:00:18,0
12:00:19,0
12:00:20,0
12:00:21,0
12:00:22,0
12:00:23,0
12:00:24,0
12:00:25,0
12:00:26,0
12:00:27,0
12:00:28,0
12:00:29,0
12:00:30,0
12:00:31,0
12:00:32,0
12:00:33,0
12:00:34,0
12:00:35,0
12:00:36,0
12:00:37,0
12:00:38,0
12:00:39,0
12:00:40,0
12:00:41,0
12:00:42,0
12:00:43,0
12:00:44,0
12:00:45,0
12:00:46,0
12:00:47,0
12:00:48,0
12:00:49,0
12:00:50,0
12:00:51,0
12:00:52,0
12:00:53,0
12:00:54,0
12:00:55,0
12:00:56,0
12:00:57,0
12:00:58,0
12:00:59,0
12:01:00,0
12:01:01,0
12:01:02,0
12:01:03,0
12:01:04,0
12:01:05,0
12:01:06,0
12:01:07,0
12:01:08,0
12:01:09,0
12:01:10,0
12:01:11,0
12:01:12,0
12:01:13,0
12:01:14,0
12:01:15,0
12:01:16,0
12:01:17,0
12:01:18,0
12:01:19,0
12:01:20,0
12:01:21,0
12:01:22,0
12:01:23,0
12:01:24,0
12:01:25,0
12:01:26,0
12:01:27,0
12:01:28,0
12:01:29,0
12:01:30,0
12:01:31,0
12:01:32,0
12:01:33,0
12:01:34,0
12:01:35,0
12:01:36,0
12:01:37,0
12:01:38,0
12:01:39,0
12:01:40,0
12:01:41,0
12:01:42,0
12:01:43,0
12:01:44,0
12:01:45,0
12:01:46,0
12:01:47,0
12:01:48,0
12:01:49,0
12:01:50,0
12:01:51,0
12:01:52,0
12:01:53,0
12:01:54,0
12:01:55,0
12:01:56,0
12:01:57,0
12:01:58,0
12:01:59,0
12:02:00,0
12:02:01,0
12:02:02,0
12:02:03,0
12:02:04,0
12:02:05,0
12:02:06,0
12:02:07,0
12:02:08,0
12:02:09,0
12:02:10,0
12:02:11,0
12:02:12,0
12:02:13,0
12:02:14,0
12:02:15,0
12:02:16,0
12:02:17,0
12:02:18,0
12:02:19,0
12:02:20,0
12:02:21,0
12:02:22,0
12:02:23,0
12:02:24,0
12:02:25,0
12:02:26,0
12:02:27,0
12:02:28,0
12:02:29,0
12:02:30,0
12:02:31,0
12:02:32,0
12:02:33,0
12:02:34,0
12:02:35,0
12:02:36,0
12:02:37,0
12:02:38,0
12:02:39,0
12:02:40,0
12:02:41,0
12:02:42,0
12:02:43,0
12:02:44,0
12:02:45,0
12:02:46,0
12:02:47,0
12:02:48,0
12:02:49,0
12:02:50,0
12:02:51,0
12:02:52,0
12:02:53,0
12:02:54,0
12:02:55,0
12:02:56,0
12:02:57,0
12:02:58,0
12:02:59,0
12:03:00,0
12:03:01,0
12:03:02,0
12:03:03,0
12:03:04,0
12:03:05,0
12:03:06,0
12:03:07,0
12:03:08,0
12:03:09,0
12:03:10,0
12:03:11,0
12:03:12,0
12:03:13,0
12:03:14,0
12:03:15,0
12:03:16,0
12:03:17,0
12:03:18,0
12:03:19,0
12:03:20,0
12:03:21,0
12:03:22,0
12:03:23,0
12:03:24,0
12:03:25,0
12:03:26,0
12:03:27,0
12:03:28,0
12:03:29,0
12:03:30,0
12:03:31,0
12:03:32,0
12:03:33,0
12:03:34,0
12:03:35,0
12:03:36,0
12:03:37,0
12:03:38,0
12:03:39,0
12:03:40,0
12:03:41,0
12:03:42,0
12:03:43,0
12:03:44,0
12:03:45,0
12:03:46,0
12:03:47,0
12:03:48,0
12:03:49,0
12:03:50,0
12:03:51,0
12:03:52,0
12:03:53,0
12:03:54,0
12:03:55,0
12:03:56,0
12:03:57,0
12:03:58,0
12:03:59,0
12:04:00,0
12:04:01,1
12:04:02,0
12:04:03,0
12:04:04,0
12:04:05,0
12:04:06,0
12:04:07,0
12:04:08,0
12:04:09,0
12:04:10,0
12:04:11,0
12:04:12,0
12:04:13,0
12:04:14,0
12:04:15,0
12:04:16,1
12:04:17,0
12:04:18,0
12:04:19,0
12:04:20,0
12:04:21,0
12:04:22,0
12:04:23,0
12:04:24,0
12:04:25,0
12:04:26,0
12:04:27,0
12:04:28,0
12:04:29,0
12:04:30,0
12:04:31,0
12:04:32,0
12:04:33,0
12:04:34,0
12:04:35,0
12:04:36,0
12:04:37,0
12:04:38,0
12:04:39,0
12:04:40,0
12:04:41,0
12:04:42,0
12:04:43,0
12:04:44,0
12:04:45,0
12:04:46,0
12:04:47,0
12:04:48,0
12:04:49,0
12:04:50,0
12:04:51,0
12:04:52,0
12:04:53,1
12:04:54,0
12:04:55,0
12:04:56,0
12:04:57,0
12:04:58,0
12:04:59,0
12:05:00,0
12:05:01,0
12:05:02,0
12:05:03,0
12:05:04,0
12:05:05,0
12:05:06,0
12:05:07,0
12:05:08,0
12:05:09,0
12:05:10,0
12:05:11,0
12:05:12,0
12:05:13,0
12:05:14,0
12:05:15,0
12:05:16,0
12:05:17,0
12:05:18,0
12:05:19,0
12:05:20,0
12:05:21,0
12:05:22,0
12:05:23,0
12:05:24,0
12:05:25,0
12:05:26,0
12:05:27,0
12:05:28,0
12:05:29,0
12:05:30,0
12:05:31,0
12:05:32,0
12:05:33,0
12:05:34,0
12:05:35,0
12:05:36,0
12:05:37,0
12:05:38,0
12:05:39,0
12:05:40,0
12:05:41,0
12:05:42,0
12:05:43,0
12:05:44,0
12:05:45,0
12:05:46,0
12:05:47,0
12:05:48,0
12:05:49,0
12:05:50,0
12:05:51,0
12:05:52,0
12:05:53,0
12:05:54,0
12:05:55,0
12:05:56,0
12:05:57,0
12:05:58,0
12:05:59,0
12:06:00,0
12:06:01,0
12:06:02,0
12:06:03,0
12:06:04,0
12:06:05,0
12:06:06,0
12:06:07,0
12:06:08,0
12:06:09,0
12:06:10,0
12:06:11,0
12:06:12,0
12:06:13,0
12:06:14,0
12:06:15,0
12:06:16,0
12:06:17,0
12:06:18,0
12:06:19,0
12:06:20,0
12:06:21,0
12:06:22,0
12:06:23,0
12:06:24,0
12:06:25,0
12:06:26,0
12:06:27,0
12:06:28,0
12:06:29,0
12:06:30,0
12:06:31,0
12:06:32,0
12:06:33,0
12:06:34,0
12:06:35,0
12:06:36,0
12:06:37,0
12:06:38,0
12:06:39,0
12:06:40,0
12:06:41,0
12:06:42,0
12:06:43,0
12:06:44,0
12:06:45,0
12:06:46,0
12:06:47,1
12:06:48,0
12:06:49,0
12:06:50,0
12:06:51,0
12:06:52,0
12:06:53,0
12:06:54,0
12:06:55,0
12:06:56,0
12:06:57,0
12:06:58,0
12:06:59,0
12:07:00,0
12:07:01,0
12:07:02,0
12:07:03,0
12:07:04,0
12:07:05,0
12:07:06,0
12:07:07,0
12:07:08,0
12:07:09,0
12:07:10,0
12:07:11,0
12:07:12,0
12:07:13,0
12:07:14,0
12:07:15,0
12:07:16,0
12:07:17,0
12:07:18,0
12:07:19,0
12:07:20,0
12:07:21,0
12:07:22,0
12:07:23,0
12:07:24,0
12:07:25,0
12:07:26,0
12:07:27,0
12:07:28,0
12:07:29,0
12:07:30,0
12:07:31,0
12:07:32,0
12:07:33,0
12:07:34,0
12:07:35,0
12:07:36,0
12:07:37,0
12:07:38,0
12:07:39,0
12:07:40,0
12:07:41,0
12:07:42,0
12:07:43,0
12:07:44,0
12:07:45,0
12:07:46,0
12:07:47,0
12:07:48,0
12:07:49,0
12:07:50,0
12:07:51,0
12:07:52,0
12:07:53,0
12:07:54,0
12:07:55,0
12:07:56,0
12:07:57,0
12:07:58,0
12:07:59,0
12:08:00,0
12:08:01,0
12:08:02,0
12:08:03,0
12:08:04,0
12:08:05,0
12:08:06,0
12:08:07,0
12:08:08,0
12:08:09,0
12:08:10,0
12:08:11,0
12:08:12,0
12:08:13,0
12:08:14,0
12:08:15,0
12:08:16,0
12:08:17,0
12:08:18,0
12:08:19,0
12:08:20,0
12:08:21,0
12:08:22,0
12:08:23,0
12:08:24,0
12:08:25,0
12:08:26,0
12:08:27,0
12:08:28,0
12:08:29,0
12:08:30,0
12:08:31,0
12:08:32,0
12:08:33,0
12:08:34,0
12:08:35,0
12:08:36,0
12:08:37,0
12:08:38,0
12:08:39,0
12:08:40,0
12:08:41,0
12:08:42,0
12:08:43,0
12:08:44,0
12:08:45,0
12:08:46,0
12:08:47,0
12:08:48,0
12:08:49,0
12:08:50,0
12:08:51,0
12:08:52,0
12:08:53,0
12:08:54,0
12:08:55,0
12:08:56,0
12:08:57,0
12:08:58,0
12:08:59,1
12:09:00,0
12:09:01,1
12:09:02,0
12:09:03,0
12:09:04,0
12:09:05,0
12:09:06,0
12:09:07,0
12:09:08,0
12:09:09,0
12:09:10,0
12:09:11,0
12:09:12,0
12:09:13,0
12:09:14,0
12:09:15,0
12:09:16,0
12:09:17,0
12:09:18,0
12:09:19,0
12:09:20,0
12:09:21,0
12:09:22,0
12:09:23,0
12:09:24,0
12:09:25,0
12:09:26,0
12:09:27,0
12:09:28,0
12:09:29,0
12:09:30,0
12:09:31,0
12:09:32,0
12:09:33,0
12:09:34,0
12:09:35,0
12:09:36,0
12:09:37,0
12:09:38,0
12:09:39,0
12:09:40,0
12:09:41,0
12:09:42,0
12:09:43,0
12:09:44,0
12:09:45,0
12:09:46,0
12:09:47,1
12:09:48,0
12:09:49,0
12:09:50,0
12:09:51,0
12:09:52,0
12:09:53,0
12:09:54,0
12:09:55,0
12:09:56,0
12:09:57,0
12:09:58,0
12:09:59,0
12:10:00,0
12:10:01,0
12:10:02,0
12:10:03,0
12:10:04,0
12:10:05,0
12:10:06,0
12:10:07,0
12:10:08,0
12:10:09,0
12:10:10,0
12:10:11,0
12:10:12,0
12:10:13,0
12:10:14,0
12:10:15,0
12:10:16,0
12:10:17,0
12:10:18,0
12:10:19,0
12:10:20,0
12:10:21,0
12:10:22,0
12:10:23,0
12:10:24,0
12:10:25,0
12:10:26,0
12:10:27,0
12:10:28,0
12:10:29,0
12:10:30,0
12:10:31,0
12:10:32,0
12:10:33,0
12:10:34,0
12:10:35,0
12:10:36,0
12:10:37,0
12:10:38,0
12:10:39,0
12:10:40,0
12:10:41,0
12:10:42,0
12:10:43,0
12:10:44,0
12:10:45,0
12:10:46,0
12:10:47,0
12:10:48,0
12:10:49,0
12:10:50,0
12:10:51,0
12:10:52,0
12:10:53,0
12:10:54,0
12:10:55,0
12:10:56,0
12:10:57,0
12:10:58,0
12:10:59,0
12:11:00,0
12:11:01,0
12:11:02,0
12:11:03,0
12:11:04,0
12:11:05,0
12:11:06,0
12:11:07,0
12:11:08,0
12:11:09,0
12:11:10,0
12:11:11,0
12:11:12,0
12:11:13,0
12:11:14,0
12:11:15,0
12:11:16,0
12:11:17,0
12:11:18,0
12:11:19,0
12:11:20,0
12:11:21,0
12:11:22,0
12:11:23,0
12:11:24,0
12:11:25,0
12:11:26,0
12:11:27,0
12:11:28,0
12:11:29,0
12:11:30,0
12:11:31,0
12:11:32,0
12:11:33,0
12:11:34,0
12:11:35,0
12:11:36,0
12:11:37,0
12:11:38,0
12:11:39,0
12:11:40,0
12:11:41,0
12:11:42,0
12:11:43,0
12:11:44,0
12:11:45,0
12:11:46,0
12:11:47,0
12:11:48,0
12:11:49,0
12:11:50,0
12:11:51,0
12:11:52,0
12:11:53,0
12:11:54,0
12:11:55,0
12:11:56,0
12:11:57,0
12:11:58,0
12:11:59,0
12:12:00,0
12:12:01,0
12:12:02,0
12:12:03,0
12:12:04,0
12:12:05,0
12:12:06,0
12:12:07,0
12:12:08,0
12:12:09,0
12:12:10,0
12:12:11,0
12:12:12,0
12:12:13,0
12:12:14,0
12:12:15,0
12:12:16,0
12:12:17,0
12:12:18,0
12:12:19,0
12:12:20,0
12:12:21,0
12:12:22,0
12:12:23,0
12:12:24,0
12:12:25,0
12:12:26,0
12:12:27,0
12:12:28,0
12:12:29,0
12:12:30,0
12:12:31,0
12:12:32,0
12:12:33,0
12:12:34,0
12:12:35,0
12:12:36,0
12:12:37,0
12:12:38,0
12:12:39,1
12:12:40,0
12:12:41,0
12:12:42,0
12:12:43,0
12:12:44,0
12:12:45,0
12:12:46,0
12:12:47,0
12:12:48,0
12:12:49,0
12:12:50,0
12:12:51,0
12:12:52,0
12:12:53,0
12:12:54,0
12:12:55,0
12:12:56,0
12:12:57,0
12:12:58,0
12:12:59,0
12:13:00,0
12:13:01,0
12:13:02,0
12:13:03,0
12:13:04,0
12:13:05,0
12:13:06,0
12:13:07,0
12:13:08,0
12:13:09,0
12:13:10,0
12:13:11,0
12:13:12,0
12:13:13,0
12:13:14,0
12:13:15,0
12:13:16,0
12:13:17,0
12:13:18,0
12:13:19,0
12:13:20,0
12:13:21,0
12:13:22,0
12:13:23,0
12:13:24,0
12:13:25,0
12:13:26,0
12:13:27,0
12:13:28,0
12:13:29,0
12:13:30,0
12:13:31,0
12:13:32,0
12:13:33,0
12:13:34,0
12:13:35,0
12:13:36,0
12:13:37,0
12:13:38,0
12:13:39,0
12:13:40,0
12:13:41,1
12:13:42,0
12:13:43,0
12:13:44,0
12:13:45,0
12:13:46,0
12:13:47,0
12:13:48,0
12:13:49,0
12:13:50,0
12:13:51,0
12:13:52,0
12:13:53,0
12:13:54,0
12:13:55,0
12:13:56,0
12:13:57,0
12:13:58,0
12:13:59,0
12:14:00,0
12:14:01,0
12:14:02,0
12:14:03,0
12:14:04,0
12:14:05,0
12:14:06,0
12:14:07,0
12:14:08,0
12:14:09,0
12:14:10,0
12:14:11,0
12:14:12,0
12:14:13,0
12:14:14,0
12:14:15,0
12:14:16,0
12:14:17,0
12:14:18,0
12:14:19,0
12:14:20,0
12:14:21,0
12:14:22,0
12:14:23,0
12:14:24,0
12:14:25,0
12:14:26,0
12:14:27,0
12:14:28,0
12:14:29,0
12:14:30,0
12:14:31,0
12:14:32,0
12:14:33,0
12:14:34,0
12:14:35,0
12:14:36,0
12:14:37,0
12:14:38,0
12:14:39,0
12:14:40,0
12:14:41,0
12:14:42,1
12:14:43,0
12:14:44,0
12:14:45,0
12:14:46,0
12:14:47,0
12:14:48,0
12:14:49,0
12:14:50,0
12:14:51,0
12:14:52,0
12:14:53,0
12:14:54,0
12:14:55,0
12:14:56,0
12:14:57,0
12:14:58,0
12:14:59,0
12:15:00,0
12:15:01,0
12:15:02,0
12:15:03,0
12:15:04,0
12:15:05,0
12:15:06,0
12:15:07,0
12:15:08,0
12:15:09,0
12:15:10,0
12:15:11,0
12:15:12,0
12:15:13,0
12:15:14,0
12:15:15,0
12:15:16,0
12:15:17,0
12:15:18,0
12:15:19,0
12:15:20,0
12:15:21,0
12:15:22,0
12:15:23,0
12:15:24,0
12:15:25,0
12:15:26,0
12:15:27,0
12:15:28,0
12:15:29,0
12:15:30,0
12:15:31,0
12:15:32,0
12:15:33,0
12:15:34,0
12:15:35,0
12:15:36,0
12:15:37,0
12:15:38,0
12:15:39,0
12:15:40,0
12:15:41,0
12:15:42,0
12:15:43,0
12:15:44,0
12:15:45,0
12:15:46,0
12:15:47,0
12:15:48,0
12:15:49,0
12:15:50,0
12:15:51,0
12:15:52,0
12:15:53,0
12:15:54,0
12:15:55,0
12:15:56,0
12:15:57,0
12:15:58,0
12:15:59,0
12:16:00,0
12:16:01,0
12:16:02,0
12:16:03,0
12:16:04,0
12:16:05,0
12:16:06,0
12:16:07,0
12:16:08,0
12:16:09,0
12:16:10,0
12:16:11,0
12:16:12,0
12:16:13,0
12:16:14,0
12:16:15,0
12:16:16,0
12:16:17,0
12:16:18,0
12:16:19,0
12:16:20,0
12:16:21,0
12:16:22,0
12:16:23,0
12:16:24,0
12:16:25,0
12:16:26,0
12:16:27,0
12:16:28,0
12:16:29,0
12:16:30,0
12:16:31,0
12:16:32,0
12:16:33,0
12:16:34,0
12:16:35,0
12:16:36,0
12:16:37,0
12:16:38,0
12:16:39,0
12:16:40,0
12:16:41,0
12:16:42,0
12:16:43,0
12:16:44,0
12:16:45,0
12:16:46,0
12:16:47,0
12:16:48,0
12:16:49,0
12:16:50,0
12:16:51,0
12:16:52,0
12:16:53,0
12:16:54,0
12:16:55,0
12:16:56,0
12:16:57,0
12:16:58,0
12:16:59,0
12:17:00,0
12:17:01,0
12:17:02,0
12:17:03,0
12:17:04,0
12:17:05,0
12:17:06,0
12:17:07,0
12:17:08,1
12:17:09,0
12:17:10,0
12:17:11,0
12:17:12,0
12:17:13,0
12:17:14,0
12:17:15,0
12:17:16,0
12:17:17,0
12:17:18,0
12:17:19,0
12:17:20,0
12:17:21,0
12:17:22,0
12:17:23,0
12:17:24,0
12:17:25,0
12:17:26,0
12:17:27,0
12:17:28,0
12:17:29,0
12:17:30,0
12:17:31,0
12:17:32,0
12:17:33,0
12:17:34,0
12:17:35,0
12:17:36,0
12:17:37,0
12:17:38,0
12:17:39,0
12:17:40,0
12:17:41,0
12:17:42,1
12:17:43,0
12:17:44,0
12:17:45,0
12:17:46,0
12:17:47,0
12:17:48,0
12:17:49,0
12:17:50,0
12:17:51,0
12:17:52,0
12:17:53,0
12:17:54,0
12:17:55,0
12:17:56,0
12:17:57,0
12:17:58,0
12:17:59,0
12:18:00,0
12:18:01,0
12:18:02,0
12:18:03,0
12:18:04,0
12:18:05,0
12:18:06,0
12:18:07,0
12:18:08,0
12:18:09,0
12:18:10,0
12:18:11,0
12:18:12,0
12:18:13,0
12:18:14,0
12:18:15,0
12:18:16,0
12:18:17,0
12:18:18,0
12:18:19,0
12:18:20,0
12:18:21,0
12:18:22,0
12:18:23,0
12:18:24,0
12:18:25,0
12:18:26,0
12:18:27,0
12:18:28,0
12:18:29,0
12:18:30,0
12:18:31,0
12:18:32,0
12:18:33,0
12:18:34,0
12:18:35,0
12:18:36,0
12:18:37,0
12:18:38,0
12:18:39,0
12:18:40,0
12:18:41,0
12:18:42,0
12:18:43,0
12:18:44,0
12:18:45,0
12:18:46,0
12:18:47,0
12:18:48,0
12:18:49,0
12:18:50,0
12:18:51,0
12:18:52,0
12:18:53,0
12:18:54,0
12:18:55,0
12:18:56,0
12:18:57,0
12:18:58,0
12:18:59,0
12:19:00,0
12:19:01,0
12:19:02,0
12:19:03,0
12:19:04,0
12:19:05,0
12:19:06,0
12:19:07,0
12:19:08,0
12:19:09,0
12:19:10,0
12:19:11,0
12:19:12,0
12:19:13,0
12:19:14,0
12:19:15,0
12:19:16,0
12:19:17,0
12:19:18,0
12:19:19,0
12:19:20,0
12:19:21,1
12:19:22,0
12:19:23,1
12:19:24,0
12:19:25,0
12:19:26,0
12:19:27,0
12:19:28,0
12:19:29,1
12:19:30,0
12:19:31,1
12:19:32,1
12:19:33,1
12:19:34,1
12:19:35,2
12:19:36,1
12:19:37,0
12:19:38,1
12:19:39,0
12:19:40,0
12:19:41,0
12:19:42,0
12:19:43,0
12:19:44,0
12:19:45,0
12:19:46,0
12:19:47,0
12:19:48,0
12:19:49,0
12:19:50,0
12:19:51,0
12:19:52,0
12:19:53,0
12:19:54,0
12:19:55,0
12:19:56,0
12:19:57,0
12:19:58,0
12:19:59,0
12:20:00,0
12:20:01,0
12:20:02,0
12:20:03,0
12:20:04,0
12:20:05,0
12:20:06,0
12:20:07,0
12:20:08,0
12:20:09,0
12:20:10,0
12:20:11,0
12:20:12,0
12:20:13,0
12:20:14,0
12:20:15,0
12:20:16,0
12:20:17,0
12:20:18,0
12:20:19,0
12:20:20,0
12:20:21,0
12:20:22,0
12:20:23,0
12:20:24,0
12:20:25,0
12:20:26,0
12:20:27,0
12:20:28,0
12:20:29,0
12:20:30,0
12:20:31,0
12:20:32,0
12:20:33,0
12:20:34,1
12:20:35,0
12:20:36,0
12:20:37,1
12:20:38,1
12:20:39,2
12:20:40,2
12:20:41,2
12:20:42,0
12:20:43,1
12:20:44,0
12:20:45,1
12:20:46,0
12:20:47,0
12:20:48,0
12:20:49,1
12:20:50,0
12:20:51,1
12:20:52,0
12:20:53,0
12:20:54,1
12:20:55,0
12:20:56,1
12:20:57,0
12:20:58,0
12:20:59,0
12:21:00,0
12:21:01,0
12:21:02,0
12:21:03,0
12:21:04,0
12:21:05,0
12:21:06,0
12:21:07,0
12:21:08,0
12:21:09,0
12:21:10,0
12:21:11,0
12:21:12,0
12:21:13,0
12:21:14,0
12:21:15,0
12:21:16,0
12:21:17,0
12:21:18,0
12:21:19,0
12:21:20,0
12:21:21,0
12:21:22,1
12:21:23,0
12:21:24,0
12:21:25,0
12:21:26,0
12:21:27,0
12:21:28,0
12:21:29,0
12:21:30,0
12:21:31,0
12:21:32,0
12:21:33,0
12:21:34,0
12:21:35,0
12:21:36,0
12:21:37,0
12:21:38,0
12:21:39,0
12:21:40,0
12:21:41,0
12:21:42,0
12:21:43,0
12:21:44,0
12:21:45,0
12:21:46,0
12:21:47,0
12:21:48,0
12:21:49,0
12:21:50,0
12:21:51,0
12:21:52,0
12:21:53,0
12:21:54,0
12:21:55,0
12:21:56,0
12:21:57,0
12:21:58,0
12:21:59,0
12:22:00,0
12:22:01,0
12:22:02,0
12:22:03,0
12:22:04,0
12:22:05,0
12:22:06,0
12:22:07,0
12:22:08,0
12:22:09,0
12:22:10,0
12:22:11,0
12:22:12,0
12:22:13,0
12:22:14,1
12:22:15,0
12:22:16,0
12:22:17,0
12:22:18,0
12:22:19,0
12:22:20,0
12:22:21,0
12:22:22,0
12:22:23,0
12:22:24,0
12:22:25,0
12:22:26,0
12:22:27,0
12:22:28,0
12:22:29,1
12:22:30,2
12:22:31,2
12:22:32,2
12:22:33,2
12:22:34,1
12:22:35,2
12:22:36,0
12:22:37,1
12:22:38,1
12:22:39,0
12:22:40,1
12:22:41,0
12:22:42,0
12:22:43,0
12:22:44,0
12:22:45,0
12:22:46,0
12:22:47,0
12:22:48,0
12:22:49,0
12:22:50,0
12:22:51,0
12:22:52,0
12:22:53,0
12:22:54,0
12:22:55,1
12:22:56,0
12:22:57,0
12:22:58,0
12:22:59,0
12:23:00,0
12:23:01,0
12:23:02,0
12:23:03,0
12:23:04,0
12:23:05,0
12:23:06,0
12:23:07,0
12:23:08,0
12:23:09,0
12:23:10,0
12:23:11,0
12:23:12,1
12:23:13,0
12:23:14,0
12:23:15,1
12:23:16,0
12:23:17,0
12:23:18,0
12:23:19,1
12:23:20,0
12:23:21,0
12:23:22,0
12:23:23,0
12:23:24,0
12:23:25,0
12:23:26,0
12:23:27,0
12:23:28,0
12:23:29,0
12:23:30,0
12:23:31,0
12:23:32,0
12:23:33,0
12:23:34,0
12:23:35,0
12:23:36,0
12:23:37,0
12:23:38,0
12:23:39,0
12:23:40,0
12:23:41,0
12:23:42,0
12:23:43,0
12:23:44,0
12:23:45,0
12:23:46,0
12:23:47,0
12:23:48,0
12:23:49,0
12:23:50,0
12:23:51,0
12:23:52,0
12:23:53,0
12:23:54,0
12:23:55,0
12:23:56,0
12:23:57,0
12:23:58,0
12:23:59,0
12:24:00,0
12:24:01,0
12:24:02,0
12:24:03,0
12:24:04,0
12:24:05,0
12:24:06,0
12:24:07,0
12:24:08,0
12:24:09,0
12:24:10,0
12:24:11,0
12:24:12,0
12:24:13,0
12:24:14,0
12:24:15,0
12:24:16,0
12:24:17,0
12:24:18,0
12:24:19,0
12:24:20,0
12:24:21,0
12:24:22,0
12:24:23,0
12:24:24,0
12:24:25,0
12:24:26,0
12:24:27,0
12:24:28,0
12:24:29,0
12:24:30,0
12:24:31,0
12:24:32,0
12:24:33,0
12:24:34,0
12:24:35,0
12:24:36,0
12:24:37,0
12:24:38,0
12:24:39,0
12:24:40,0
12:24:41,0
12:24:42,0
12:24:43,0
12:24:44,0
12:24:45,0
12:24:46,0
12:24:47,0
12:24:48,0
12:24:49,0
12:24:50,0
12:24:51,0
12:24:52,0
12:24:53,0
12:24:54,0
12:24:55,0
12:24:56,0
12:24:57,0
12:24:58,0
12:24:59,0
12:25:00,0
12:25:01,0
12:25:02,0
12:25:03,0
12:25:04,0
12:25:05,0
12:25:06,0
12:25:07,0
12:25:08,0
12:25:09,0
12:25:10,0
12:25:11,0
12:25:12,0
12:25:13,0
12:25:14,0
12:25:15,0
12:25:16,0
12:25:17,0
12:25:18,0
12:25:19,0
12:25:20,0
12:25:21,0
12:25:22,0
12:25:23,0
12:25:24,0
12:25:25,0
12:25:26,0
12:25:27,0
12:25:28,0
12:25:29,0
12:25:30,0
12:25:31,0
12:25:32,0
12:25:33,0
12:25:34,0
12:25:35,0
12:25:36,0
12:25:37,0
12:25:38,0
12:25:39,0
12:25:40,0
12:25:41,0
12:25:42,0
12:25:43,0
12:25:44,0
12:25:45,0
12:25:46,0
12:25:47,0
12:25:48,0
12:25:49,0
12:25:50,1
12:25:51,0
12:25:52,0
12:25:53,1
12:25:54,0
12:25:55,0
12:25:56,0
12:25:57,0
12:25:58,0
12:25:59,0
12:26:00,0
12:26:01,0
12:26:02,0
12:26:03,0
12:26:04,0
12:26:05,0
12:26:06,0
12:26:07,0
12:26:08,0
12:26:09,0
12:26:10,0
12:26:11,0
12:26:12,0
12:26:13,0
12:26:14,0
12:26:15,0
12:26:16,0
12:26:17,0
12:26:18,0
12:26:19,0
12:26:20,0
12:26:21,0
12:26:22,0
12:26:23,0
12:26:24,0
12:26:25,0
12:26:26,0
12:26:27,0
12:26:28,0
12:26:29,0
12:26:30,0
12:26:31,0
12:26:32,0
12:26:33,0
12:26:34,0
12:26:35,0
12:26:36,0
12:26:37,0
12:26:38,0
12:26:39,0
12:26:40,0
12:26:41,0
12:26:42,0
12:26:43,0
12:26:44,0
12:26:45,0
12:26:46,0
12:26:47,0
12:26:48,0
12:26:49,0
12:26:50,0
12:26:51,0
12:26:52,0
12:26:53,0
12:26:54,0
12:26:55,0
12:26:56,0
12:26:57,0
12:26:58,0
12:26:59,0
12:27:00,0
12:27:01,0
12:27:02,0
12:27:03,0
12:27:04,0
12:27:05,0
12:27:06,0
12:27:07,0
12:27:08,0
12:27:09,0
12:27:10,0
12:27:11,0
12:27:12,0
12:27:13,0
12:27:14,0
12:27:15,0
12:27:16,0
12:27:17,0
12:27:18,0
12:27:19,0
12:27:20,0
12:27:21,0
12:27:22,0
12:27:23,0
12:27:24,0
12:27:25,0
12:27:26,0
12:27:27,0
12:27:28,0
12:27:29,0
12:27:30,0
12:27:31,0
12:27:32,0
12:27:33,0
12:27:34,0
12:27:35,0
12:27:36,0
12:27:37,0
12:27:38,0
12:27:39,0
12:27:40,0
12:27:41,0
12:27:42,0
12:27:43,0
12:27:44,0
12:27:45,0
12:27:46,0
12:27:47,0
12:27:48,0
12:27:49,0
12:27:50,0
12:27:51,0
12:27:52,0
12:27:53,0
12:27:54,0
12:27:55,0
12:27:56,0
12:27:57,0
12:27:58,0
12:27:59,0
12:28:00,0
12:28:01,0
12:28:02,0
12:28:03,0
12:28:04,0
12:28:05,0
12:28:06,0
12:28:07,0
12:28:08,0
12:28:09,0
12:28:10,0
12:28:11,0
12:28:12,0
12:28:13,0
12:28:14,0
12:28:15,0
12:28:16,0
12:28:17,0
12:28:18,0
12:28:19,0
12:28:20,0
12:28:21,0
12:28:22,0
12:28:23,0
12:28:24,0
12:28:25,0
12:28:26,0
12:28:27,0
12:28:28,0
12:28:29,0
12:28:30,0
12:28:31,0
12:28:32,0
12:28:33,0
12:28:34,0
12:28:35,0
12:28:36,0
12:28:37,0
12:28:38,0
12:28:39,0
12:28:40,0
12:28:41,0
12:28:42,0
12:28:43,0
12:28:44,0
12:28:45,0
12:28:46,0
12:28:47,0
12:28:48,0
12:28:49,0
12:28:50,0
12:28:51,0
12:28:52,0
12:28:53,0
12:28:54,0
12:28:55,0
12:28:56,0
12:28:57,0
12:28:58,0
12:28:59,0
12:29:00,0
12:29:01,0
12:29:02,0
12:29:03,0
12:29:04,0
12:29:05,0
12:29:06,0
12:29:07,0
12:29:08,0
12:29:09,0
12:29:10,0
12:29:11,0
12:29:12,0
12:29:13,0
12:29:14,0
12:29:15,0
12:29:16,0
12:29:17,0
12:29:18,0
12:29:19,0
12:29:20,0
12:29:21,0
12:29:22,0
12:29:23,0
12:29:24,0
12:29:25,0
12:29:26,0
12:29:27,0
12:29:28,0
12:29:29,0
12:29:30,0
12:29:31,0
12:29:32,0
12:29:33,0
12:29:34,0
12:29:35,0
12:29:36,0
12:29:37,0
12:29:38,0
12:29:39,0
12:29:40,0
12:29:41,0
12:29:42,0
12:29:43,0
12:29:44,0
12:29:45,0
12:29:46,0
12:29:47,0
12:29:48,0
12:29:49,0
12:29:50,0
12:29:51,0
12:29:52,0
12:29:53,0
12:29:54,0
12:29:55,0
12:29:56,0
12:29:57,0
12:29:58,0
12:29:59,0
12:30:00,0
12:30:01,0
12:30:02,0
12:30:03,0
12:30:04,0
12:30:05,0
12:30:06,0
12:30:07,0
12:30:08,0
12:30:09,0
12:30:10,0
12:30:11,0
12:30:12,0
12:30:13,1
12:30:14,0
12:30:15,0
12:30:16,0
12:30:17,0
12:30:18,0
12:30:19,0
12:30:20,0
12:30:21,0
12:30:22,0
12:30:23,0
12:30:24,0
12:30:25,0
12:30:26,0
12:30:27,0
12:30:28,0
12:30:29,0
12:30:30,0
12:30:31,0
12:30:32,0
12:30:33,0
12:30:34,0
12:30:35,0
12:30:36,0
12:30:37,0
12:30:38,0
12:30:39,0
12:30:40,0
12:30:41,0
12:30:42,0
12:30:43,0
12:30:44,0
12:30:45,0
12:30:46,0
12:30:47,0
12:30:48,0
12:30:49,0
12:30:50,0
12:30:51,0
12:30:52,0
12:30:53,0
12:30:54,0
12:30:55,0
12:30:56,0
12:30:57,0
12:30:58,0
12:30:59,0
12:31:00,0
12:31:01,0
12:31:02,0
12:31:03,0
12:31:04,0
12:31:05,0
12:31:06,0
12:31:07,0
12:31:08,0
12:31:09,0
12:31:10,0
12:31:11,0
12:31:12,0
12:31:13,0
12:31:14,0
12:31:15,0
12:31:16,0
12:31:17,0
12:31:18,0
12:31:19,0
12:31:20,0
12:31:21,0
12:31:22,0
12:31:23,0
12:31:24,0
12:31:25,0
12:31:26,0
12:31:27,0
12:31:28,0
12:31:29,0
12:31:30,0
12:31:31,0
12:31:32,0
12:31:33,0
12:31:34,0
12:31:35,0
12:31:36,0
12:31:37,0
12:31:38,0
12:31:39,0
12:31:40,0
12:31:41,0
12:31:42,0
12:31:43,0
12:31:44,0
12:31:45,0
12:31:46,0
12:31:47,0
12:31:48,0
12:31:49,0
12:31:50,0
12:31:51,0
12:31:52,0
12:31:53,0
12:31:54,0
12:31:55,0
12:31:56,0
12:31:57,0
12:31:58,0
12:31:59,0
12:32:00,0
12:32:01,0
12:32:02,0
12:32:03,0
12:32:04,0
12:32:05,0
12:32:06,0
12:32:07,0
12:32:08,0
12:32:09,0
12:32:10,0
12:32:11,0
12:32:12,0
12:32:13,0
12:32:14,0
12:32:15,0
12:32:16,0
12:32:17,0
12:32:18,0
12:32:19,0
12:32:20,0
12:32:21,0
12:32:22,0
12:32:23,0
12:32:24,0
12:32:25,0
12:32:26,0
12:32:27,0
12:32:28,0
12:32:29,0
12:32:30,0
12:32:31,0
12:32:32,0
12:32:33,0
12:32:34,0
12:32:35,0
12:32:36,0
12:32:37,0
12:32:38,0
12:32:39,0
12:32:40,0
12:32:41,0
12:32:42,0
12:32:43,0
12:32:44,0
12:32:45,0
12:32:46,0
12:32:47,0
12:32:48,0
12:32:49,0
12:32:50,0
12:32:51,0
12:32:52,0
12:32:53,0
12:32:54,0
12:32:55,0
12:32:56,0
12:32:57,0
12:32:58,0
12:32:59,0
12:33:00,0
12:33:01,0
12:33:02,0
12:33:03,0
12:33:04,0
12:33:05,0
12:33:06,0
12:33:07,0
12:33:08,0
12:33:09,0
12:33:10,0
12:33:11,0
12:33:12,0
12:33:13,0
12:33:14,0
12:33:15,0
12:33:16,0
12:33:17,0
12:33:18,0
12:33:19,0
12:33:20,0
12:33:21,0
12:33:22,0
12:33:23,0
12:33:24,0
12:33:25,0
12:33:26,0
12:33:27,0
12:33:28,0
12:33:29,0
12:33:30,0
12:33:31,0
12:33:32,0
12:33:33,1
12:33:34,0
12:33:35,0
12:33:36,0
12:33:37,0
12:33:38,0
12:33:39,0
12:33:40,0
12:33:41,0
12:33:42,0
12:33:43,0
12:33:44,0
12:33:45,0
12:33:46,0
12:33:47,0
12:33:48,0
12:33:49,0
12:33:50,0
12:33:51,0
12:33:52,0
12:33:53,0
12:33:54,0
12:33:55,0
12:33:56,0
12:33:57,0
12:33:58,0
12:33:59,0
12:34:00,0
12:34:01,0
12:34:02,0
12:34:03,0
12:34:04,0
12:34:05,0
12:34:06,0
12:34:07,0
12:34:08,0
12:34:09,1
12:34:10,0
12:34:11,0
12:34:12,0
12:34:13,0
12:34:14,0
12:34:15,0
12:34:16,0
12:34:17,0
12:34:18,0
12:34:19,0
12:34:20,0
12:34:21,0
12:34:22,0
12:34:23,0
12:34:24,0
12:34:25,0
12:34:26,0
12:34:27,0
12:34:28,0
12:34:29,0
12:34:30,1
12:34:31,0
12:34:32,0
12:34:33,1
12:34:34,0
12:34:35,0
12:34:36,0
12:34:37,0
12:34:38,0
12:34:39,0
12:34:40,0
12:34:41,0
12:34:42,1
12:34:43,0
12:34:44,0
12:34:45,0
12:34:46,0
12:34:47,0
12:34:48,0
12:34:49,0
12:34:50,0
12:34:51,0
12:34:52,0
12:34:53,0
12:34:54,0
12:34:55,0
12:34:56,0
12:34:57,0
12:34:58,0
12:34:59,0
12:35:00,0
12:35:01,0
12:35:02,1
12:35:03,0
12:35:04,0
12:35:05,0
12:35:06,0
12:35:07,0
12:35:08,0
12:35:09,0
12:35:10,1
12:35:11,0
12:35:12,0
12:35:13,1
12:35:14,0
12:35:15,0
12:35:16,0
12:35:17,0
12:35:18,0
12:35:19,1
12:35:20,0
12:35:21,2
12:35:22,0
12:35:23,2
12:35:24,2
12:35:25,2
12:35:26,1
12:35:27,1
12:35:28,0
12:35:29,0
12:35:30,0
12:35:31,0
12:35:32,1
12:35:33,0
12:35:34,0
12:35:35,0
12:35:36,0
12:35:37,0
12:35:38,0
12:35:39,0
12:35:40,0
12:35:41,0
12:35:42,0
12:35:43,0
12:35:44,0
12:35:45,0
12:35:46,0
12:35:47,0
12:35:48,0
12:35:49,0
12:35:50,0
12:35:51,0
12:35:52,0
12:35:53,0
12:35:54,0
12:35:55,0
12:35:56,0
12:35:57,0
12:35:58,0
12:35:59,0
12:36:00,0
12:36:01,0
12:36:02,0
12:36:03,0
12:36:04,0
12:36:05,0
12:36:06,0
12:36:07,0
12:36:08,0
12:36:09,0
12:36:10,0
12:36:11,0
12:36:12,0
12:36:13,0
12:36:14,0
12:36:15,0
12:36:16,0
12:36:17,0
12:36:18,0
12:36:19,0
12:36:20,0
12:36:21,0
12:36:22,0
12:36:23,0
12:36:24,0
12:36:25,0
12:36:26,0
12:36:27,0
12:36:28,0
12:36:29,0
12:36:30,0
12:36:31,0
12:36:32,0
12:36:33,1
12:36:34,1
12:36:35,0
12:36:36,1
12:36:37,2
12:36:38,1
12:36:39,0
12:36:40,1
12:36:41,1
12:36:42,0
12:36:43,0
12:36:44,0
12:36:45,0
12:36:46,0
12:36:47,0
12:36:48,0
12:36:49,0
12:36:50,0
12:36:51,0
12:36:52,0
12:36:53,0
12:36:54,0
12:36:55,0
12:36:56,0
12:36:57,0
12:36:58,0
12:36:59,0
12:37:00,0
12:37:01,0
12:37:02,1
12:37:03,2
12:37:04,1
12:37:05,0
12:37:06,0
12:37:07,0
12:37:08,0
12:37:09,0
12:37:10,0
12:37:11,0
12:37:12,0
12:37:13,0
12:37:14,0
12:37:15,0
12:37:16,0
12:37:17,0
12:37:18,1
12:37:19,0
12:37:20,0
12:37:21,0
12:37:22,0
12:37:23,0
12:37:24,0
12:37:25,0
12:37:26,0
12:37:27,0
12:37:28,0
12:37:29,0
12:37:30,0
12:37:31,0
12:37:32,0
12:37:33,0
12:37:34,0
12:37:35,0
12:37:36,0
12:37:37,0
12:37:38,0
12:37:39,0
12:37:40,0
12:37:41,0
12:37:42,0
12:37:43,0
12:37:44,0
12:37:45,0
12:37:46,0
12:37:47,0
12:37:48,0
12:37:49,0
12:37:50,0
12:37:51,0
12:37:52,0
12:37:53,0
12:37:54,0
12:37:55,0
12:37:56,0
12:37:57,0
12:37:58,0
12:37:59,0
12:38:00,0
12:38:01,0
12:38:02,0
12:38:03,0
12:38:04,0
12:38:05,0
12:38:06,0
12:38:07,0
12:38:08,0
12:38:09,0
12:38:10,0
12:38:11,0
12:38:12,0
12:38:13,0
12:38:14,0
12:38:15,0
12:38:16,0
12:38:17,0
12:38:18,1
12:38:19,1
12:38:20,2
12:38:21,1
12:38:22,1
12:38:23,1
12:38:24,0
12:38:25,0
12:38:26,1
12:38:27,0
12:38:28,0
12:38:29,0
12:38:30,0
12:38:31,0
12:38:32,0
12:38:33,0
12:38:34,0
12:38:35,0
12:38:36,0
12:38:37,0
12:38:38,0
12:38:39,1
12:38:40,1
12:38:41,2
12:38:42,1
12:38:43,0
12:38:44,0
12:38:45,0
12:38:46,0
12:38:47,0
12:38:48,0
12:38:49,0
12:38:50,0
12:38:51,0
12:38:52,0
12:38:53,0
12:38:54,0
12:38:55,0
12:38:56,0
12:38:57,0
12:38:58,0
12:38:59,0
12:39:00,0
12:39:01,0
12:39:02,0
12:39:03,0
12:39:04,0
12:39:05,0
12:39:06,0
12:39:07,0
12:39:08,0
12:39:09,0
12:39:10,0
12:39:11,0
12:39:12,0
12:39:13,0
12:39:14,0
12:39:15,0
12:39:16,0
12:39:17,0
12:39:18,0
12:39:19,0
12:39:20,0
12:39:21,0
12:39:22,0
12:39:23,0
12:39:24,0
12:39:25,0
12:39:26,0
12:39:27,0
12:39:28,0
12:39:29,0
12:39:30,0
12:39:31,0
12:39:32,0
12:39:33,1
12:39:34,0
12:39:35,1
12:39:36,0
12:39:37,0
12:39:38,0
12:39:39,0
12:39:40,0
12:39:41,0
12:39:42,0
12:39:43,0
12:39:44,0
12:39:45,0
12:39:46,0
12:39:47,1
12:39:48,1
12:39:49,0
12:39:50,0
12:39:51,0
12:39:52,0
12:39:53,0
12:39:54,0
12:39:55,0
12:39:56,1
12:39:57,0
12:39:58,0
12:39:59,0
12:40:00,0
12:40:01,0
12:40:02,0
12:40:03,0
12:40:04,0
12:40:05,0
12:40:06,0
12:40:07,0
12:40:08,0
12:40:09,0
12:40:10,0
12:40:11,0
12:40:12,0
12:40:13,0
12:40:14,0
12:40:15,0
12:40:16,0
12:40:17,0
12:40:18,0
12:40:19,0
12:40:20,0
12:40:21,0
12:40:22,0
12:40:23,0
12:40:24,0
12:40:25,0
12:40:26,0
12:40:27,0
12:40:28,0
12:40:29,0
12:40:30,1
12:40:31,0
12:40:32,0
12:40:33,0
12:40:34,0
12:40:35,0
12:40:36,0
12:40:37,0
12:40:38,0
12:40:39,0
12:40:40,0
12:40:41,0
12:40:42,0
12:40:43,0
12:40:44,0
12:40:45,0
12:40:46,0
12:40:47,0
12:40:48,0
12:40:49,0
12:40:50,0
12:40:51,0
12:40:52,0
12:40:53,0
12:40:54,0
12:40:55,0
12:40:56,0
12:40:57,0
12:40:58,0
12:40:59,0
12:41:00,0
12:41:01,0
12:41:02,0
12:41:03,0
12:41:04,0
12:41:05,0
12:41:06,0
12:41:07,0
12:41:08,0
12:41:09,0
12:41:10,0
12:41:11,0
12:41:12,0
12:41:13,0
12:41:14,0
12:41:15,0
12:41:16,0
12:41:17,0
12:41:18,0
12:41:19,0
12:41:20,0
12:41:21,0
12:41:22,0
12:41:23,0
12:41:24,0
12:41:25,0
12:41:26,0
12:41:27,0
12:41:28,0
12:41:29,0
12:41:30,0
12:41:31,0
12:41:32,0
12:41:33,0
12:41:34,0
12:41:35,0
12:41:36,0
12:41:37,0
12:41:38,0
12:41:39,0
12:41:40,0
12:41:41,0
12:41:42,0
12:41:43,0
12:41:44,0
12:41:45,0
12:41:46,0
12:41:47,0
12:41:48,0
12:41:49,0
12:41:50,0
12:41:51,0
12:41:52,0
12:41:53,0
12:41:54,0
12:41:55,0
12:41:56,0
12:41:57,0
12:41:58,0
12:41:59,0
12:42:00,0
12:42:01,0
12:42:02,0
12:42:03,0
12:42:04,0
12:42:05,0
12:42:06,0
12:42:07,0
12:42:08,0
12:42:09,0
12:42:10,0
12:42:11,0
12:42:12,0
12:42:13,0
12:42:14,0
12:42:15,0
12:42:16,0
12:42:17,0
12:42:18,0
12:42:19,0
12:42:20,0
12:42:21,0
12:42:22,0
12:42:23,0
12:42:24,0
12:42:25,0
12:42:26,0
12:42:27,0
12:42:28,0
12:42:29,0
12:42:30,0
12:42:31,0
12:42:32,0
12:42:33,0
12:42:34,0
12:42:35,0
12:42:36,0
12:42:37,0
12:42:38,0
12:42:39,0
12:42:40,0
12:42:41,0
12:42:42,0
12:42:43,0
12:42:44,0
12:42:45,0
12:42:46,0
12:42:47,0
12:42:48,0
12:42:49,0
12:42:50,0
12:42:51,0
12:42:52,0
12:42:53,0
12:42:54,0
12:42:55,0
12:42:56,0
12:42:57,0
12:42:58,0
12:42:59,0
12:43:00,0
12:43:01,0
12:43:02,0
12:43:03,0
12:43:04,0
12:43:05,0
12:43:06,0
12:43:07,0
12:43:08,0
12:43:09,0
12:43:10,0
12:43:11,0
12:43:12,0
12:43:13,0
12:43:14,0
12:43:15,0
12:43:16,0
12:43:17,0
12:43:18,0
12:43:19,0
12:43:20,0
12:43:21,0
12:43:22,0
12:43:23,0
12:43:24,0
12:43:25,0
12:43:26,1
12:43:27,0
12:43:28,2
12:43:29,0
12:43:30,1
12:43:31,0
12:43:32,0
12:43:33,0
12:43:34,0
12:43:35,0
12:43:36,0
12:43:37,0
12:43:38,0
12:43:39,0
12:43:40,0
12:43:41,2
12:43:42,2
12:43:43,2
12:43:44,1
12:43:45,1
12:43:46,1
12:43:47,2
12:43:48,2
12:43:49,2
12:43:50,0
12:43:51,0
12:43:52,0
12:43:53,0
12:43:54,0
12:43:55,0
12:43:56,1
12:43:57,0
12:43:58,2
12:43:59,2
12:44:00,2
12:44:01,1
12:44:02,2
12:44:03,2
12:44:04,2
12:44:05,1
12:44:06,2
12:44:07,2
12:44:08,2
12:44:09,2
12:44:10,2
12:44:11,1
12:44:12,2
12:44:13,2
12:44:14,2
12:44:15,1
12:44:16,2
12:44:17,2
12:44:18,2
12:44:19,2
12:44:20,1
12:44:21,2
12:44:22,2
12:44:23,2
12:44:24,1
12:44:25,1
12:44:26,2
12:44:27,2
12:44:28,2
12:44:29,2
12:44:30,2
12:44:31,1
12:44:32,2
12:44:33,2
12:44:34,2
12:44:35,1
12:44:36,2
12:44:37,2
12:44:38,2
12:44:39,2
12:44:40,2
12:44:41,1
12:44:42,2
12:44:43,2
12:44:44,2
12:44:45,2
12:44:46,1
12:44:47,2
12:44:48,2
12:44:49,2
12:44:50,2
12:44:51,1
12:44:52,2
12:44:53,2
12:44:54,2
12:44:55,2
12:44:56,1
12:44:57,2
12:44:58,2
12:44:59,2
12:45:00,2
12:45:01,1
12:45:02,2
12:45:03,2
12:45:04,2
12:45:05,1
12:45:06,1
12:45:07,2
12:45:08,2
12:45:09,1
12:45:10,2
12:45:11,2
12:45:12,1
12:45:13,2
12:45:14,2
12:45:15,2
12:45:16,1
12:45:17,2
12:45:18,2
12:45:19,2
12:45:20,2
12:45:21,2
12:45:22,1
12:45:23,2
12:45:24,2
12:45:25,2
12:45:26,2
12:45:27,1
12:45:28,2
12:45:29,2
12:45:30,2
12:45:31,2
12:45:32,2
12:45:33,1
12:45:34,2
12:45:35,2
12:45:36,2
12:45:37,1
12:45:38,2
12:45:39,2
12:45:40,2
12:45:41,2
12:45:42,2
12:45:43,2
12:45:44,2
12:45:45,1
12:45:46,2
12:45:47,2
12:45:48,1
12:45:49,2
12:45:50,1
12:45:51,0
12:45:52,1
12:45:53,0
12:45:54,0
12:45:55,0
12:45:56,0
12:45:57,0
12:45:58,1
12:45:59,0
12:46:00,0
12:46:01,0
12:46:02,0
12:46:03,1
12:46:04,1
12:46:05,0
12:46:06,0
12:46:07,0
12:46:08,0
12:46:09,0
12:46:10,0
12:46:11,0
12:46:12,0
12:46:13,0
12:46:14,0
12:46:15,0
12:46:16,0
12:46:17,0
12:46:18,0
12:46:19,0
12:46:20,0
12:46:21,0
12:46:22,0
12:46:23,0
12:46:24,0
12:46:25,0
12:46:26,0
12:46:27,0
12:46:28,0
12:46:29,1
12:46:30,1
12:46:31,2
12:46:32,2
12:46:33,1
12:46:34,0
12:46:35,0
12:46:36,0
12:46:37,1
12:46:38,1
12:46:39,1
12:46:40,0
12:46:41,1
12:46:42,2
12:46:43,1
12:46:44,0
12:46:45,0
12:46:46,0
12:46:47,0
12:46:48,0
12:46:49,0
12:46:50,0
12:46:51,0
12:46:52,0
12:46:53,0
12:46:54,0
12:46:55,0
12:46:56,0
12:46:57,1
12:46:58,1
12:46:59,0
12:47:00,0
12:47:01,0
12:47:02,0
12:47:03,0
12:47:04,0
12:47:05,0
12:47:06,0
12:47:07,0
12:47:08,0
12:47:09,0
12:47:10,0
12:47:11,0
12:47:12,1
12:47:13,0
12:47:14,0
12:47:15,0
12:47:16,0
12:47:17,0
12:47:18,0
12:47:19,0
12:47:20,0
12:47:21,0
12:47:22,0
12:47:23,0
12:47:24,0
12:47:25,0
12:47:26,0
12:47:27,0
12:47:28,0
12:47:29,0
12:47:30,1
12:47:31,0
12:47:32,0
12:47:33,0
12:47:34,1
12:47:35,0
12:47:36,2
12:47:37,1
12:47:38,1
12:47:39,1
12:47:40,1
12:47:41,1
12:47:42,0
12:47:43,0
12:47:44,0
12:47:45,0
12:47:46,0
12:47:47,0
12:47:48,1
12:47:49,0
12:47:50,0
12:47:51,0
12:47:52,0
12:47:53,0
12:47:54,0
12:47:55,0
12:47:56,0
12:47:57,0
12:47:58,0
12:47:59,1
12:48:00,0
12:48:01,0
12:48:02,1
12:48:03,0
12:48:04,0
12:48:05,1
12:48:06,0
12:48:07,0
12:48:08,0
12:48:09,0
12:48:10,1
12:48:11,0
12:48:12,0
12:48:13,0
12:48:14,0
12:48:15,0
12:48:16,0
12:48:17,0
12:48:18,0
12:48:19,0
12:48:20,0
12:48:21,0
12:48:22,0
12:48:23,0
12:48:24,0
12:48:25,0
12:48:26,0
12:48:27,0
12:48:28,0
12:48:29,0
12:48:30,0
12:48:31,0
12:48:32,0
12:48:33,0
12:48:34,0
12:48:35,0
12:48:36,0
12:48:37,0
12:48:38,0
12:48:39,0
12:48:40,0
12:48:41,0
12:48:42,0
12:48:43,0
12:48:44,0
12:48:45,0
12:48:46,0
12:48:47,0
12:48:48,0
12:48:49,0
12:48:50,0
12:48:51,0
12:48:52,0
12:48:53,0
12:48:54,0
12:48:55,0
12:48:56,0
12:48:57,0
12:48:58,0
12:48:59,0
12:49:00,0
12:49:01,0
12:49:02,0
12:49:03,0
12:49:04,0
12:49:05,0
12:49:06,0
12:49:07,0
12:49:08,0
12:49:09,0
12:49:10,0
12:49:11,0
12:49:12,0
12:49:13,0
12:49:14,0
12:49:15,0
12:49:16,0
12:49:17,0
12:49:18,0
12:49:19,0
12:49:20,0
12:49:21,0
12:49:22,0
12:49:23,0
12:49:24,0
12:49:25,0
12:49:26,1
12:49:27,0
12:49:28,0
12:49:29,0
12:49:30,0
12:49:31,0
12:49:32,0
12:49:33,0
12:49:34,0
12:49:35,0
12:49:36,0
12:49:37,1
12:49:38,0
12:49:39,0
12:49:40,0
12:49:41,0
12:49:42,0
12:49:43,0
12:49:44,0
12:49:45,0
12:49:46,0
12:49:47,0
12:49:48,0
12:49:49,0
12:49:50,0
12:49:51,0
12:49:52,0
12:49:53,0
12:49:54,0
12:49:55,1
12:49:56,1
12:49:57,2
12:49:58,2
12:49:59,1
12:50:00,2
12:50:01,1
12:50:02,1
12:50:03,2
12:50:04,0
12:50:05,1
12:50:06,0
12:50:07,2
12:50:08,2
12:50:09,1
12:50:10,1
12:50:11,0
12:50:12,0
12:50:13,1
12:50:14,1
12:50:15,0
12:50:16,2
12:50:17,2
12:50:18,1
12:50:19,0
12:50:20,0
12:50:21,0
12:50:22,0
12:50:23,0
12:50:24,0
12:50:25,0
12:50:26,0
12:50:27,0
12:50:28,0
12:50:29,0
12:50:30,0
12:50:31,0
12:50:32,0
12:50:33,0
12:50:34,0
12:50:35,0
12:50:36,0
12:50:37,0
12:50:38,0
12:50:39,0
12:50:40,0
12:50:41,0
12:50:42,0
12:50:43,0
12:50:44,0
12:50:45,0
12:50:46,0
12:50:47,0
12:50:48,0
12:50:49,0
12:50:50,0
12:50:51,0
12:50:52,0
12:50:53,0
12:50:54,0
12:50:55,0
12:50:56,0
12:50:57,0
12:50:58,0
12:50:59,0
12:51:00,0
12:51:01,0
12:51:02,0
12:51:03,0
12:51:04,0
12:51:05,0
12:51:06,0
12:51:07,0
12:51:08,1
12:51:09,1
12:51:10,1
12:51:11,1
12:51:12,0
12:51:13,1
12:51:14,0
12:51:15,0
12:51:16,0
12:51:17,1
12:51:18,0
12:51:19,2
12:51:20,2
12:51:21,0
12:51:22,0
12:51:23,0
12:51:24,0
12:51:25,0
12:51:26,0
12:51:27,0
12:51:28,0
12:51:29,0
12:51:30,0
12:51:31,0
12:51:32,0
12:51:33,0
12:51:34,0
12:51:35,0
12:51:36,0
12:51:37,0
12:51:38,0
12:51:39,0
12:51:40,0
12:51:41,0
12:51:42,0
12:51:43,0
12:51:44,0
12:51:45,0
12:51:46,0
12:51:47,0
12:51:48,0
12:51:49,0
12:51:50,0
12:51:51,0
12:51:52,0
12:51:53,0
12:51:54,0
12:51:55,0
12:51:56,0
12:51:57,0
12:51:58,0
12:51:59,0
12:52:00,0
12:52:01,0
12:52:02,0
12:52:03,0
12:52:04,0
12:52:05,0
12:52:06,0
12:52:07,0
12:52:08,0
12:52:09,0
12:52:10,0
12:52:11,0
12:52:12,0
12:52:13,0
12:52:14,0
12:52:15,0
12:52:16,0
12:52:17,0
12:52:18,0
12:52:19,0
12:52:20,0
12:52:21,1
12:52:22,2
12:52:23,2
12:52:24,1
12:52:25,2
12:52:26,2
12:52:27,2
12:52:28,0
12:52:29,0
12:52:30,0
12:52:31,0
12:52:32,1
12:52:33,0
12:52:34,0
12:52:35,0
12:52:36,0
12:52:37,0
12:52:38,0
12:52:39,0
12:52:40,0
12:52:41,0
12:52:42,0
12:52:43,0
12:52:44,0
12:52:45,0
12:52:46,0
12:52:47,0
12:52:48,0
12:52:49,0
12:52:50,0
12:52:51,0
12:52:52,0
12:52:53,0
12:52:54,0
12:52:55,0
12:52:56,0
12:52:57,0
12:52:58,0
12:52:59,0
12:53:00,0
12:53:01,0
12:53:02,0
12:53:03,0
12:53:04,0
12:53:05,1
12:53:06,0
12:53:07,0
12:53:08,0
12:53:09,0
12:53:10,0
12:53:11,0
12:53:12,0
12:53:13,0
12:53:14,0
12:53:15,0
12:53:16,0
12:53:17,0
12:53:18,0
12:53:19,0
12:53:20,0
12:53:21,0
12:53:22,0
12:53:23,0
12:53:24,0
12:53:25,1
12:53:26,0
12:53:27,0
12:53:28,0
12:53:29,0
12:53:30,0
12:53:31,0
12:53:32,0
12:53:33,0
12:53:34,0
12:53:35,0
12:53:36,0
12:53:37,0
12:53:38,0
12:53:39,0
12:53:40,0
12:53:41,1
12:53:42,0
12:53:43,0
12:53:44,0
12:53:45,0
12:53:46,0
12:53:47,0
12:53:48,0
12:53:49,0
12:53:50,0
12:53:51,0
12:53:52,0
12:53:53,0
12:53:54,0
12:53:55,0
12:53:56,0
12:53:57,0
12:53:58,0
12:53:59,0
12:54:00,0
12:54:01,0
12:54:02,0
12:54:03,0
12:54:04,0
12:54:05,0
12:54:06,0
12:54:07,0
12:54:08,0
12:54:09,0
12:54:10,0
12:54:11,0
12:54:12,0
12:54:13,0
12:54:14,0
12:54:15,0
12:54:16,0
12:54:17,0
12:54:18,0
12:54:19,0
12:54:20,0
12:54:21,0
12:54:22,0
12:54:23,0
12:54:24,0
12:54:25,0
12:54:26,0
12:54:27,0
12:54:28,0
12:54:29,0
12:54:30,0
12:54:31,0
12:54:32,0
12:54:33,0
12:54:34,0
12:54:35,0
12:54:36,0
12:54:37,0
12:54:38,0
12:54:39,0
12:54:40,0
12:54:41,0
12:54:42,0
12:54:43,0
12:54:44,0
12:54:45,0
12:54:46,0
12:54:47,0
12:54:48,0
12:54:49,0
12:54:50,0
12:54:51,0
12:54:52,0
12:54:53,0
12:54:54,0
12:54:55,0
12:54:56,0
12:54:57,0
12:54:58,0
12:54:59,0
12:55:00,0
12:55:01,0
12:55:02,0
12:55:03,0
12:55:04,0
12:55:05,0
12:55:06,0
12:55:07,0
12:55:08,0
12:55:09,0
12:55:10,0
12:55:11,0
12:55:12,0
12:55:13,0
12:55:14,0
12:55:15,0
12:55:16,0
12:55:17,0
12:55:18,0
12:55:19,0
12:55:20,0
12:55:21,0
12:55:22,0
12:55:23,0
12:55:24,0
12:55:25,0
12:55:26,0
12:55:27,0
12:55:28,0
12:55:29,0
12:55:30,0
12:55:31,0
12:55:32,0
12:55:33,0
12:55:34,0
12:55:35,0
12:55:36,0
12:55:37,0
12:55:38,0
12:55:39,0
12:55:40,0
12:55:41,0
12:55:42,0
12:55:43,0
12:55:44,1
12:55:45,1
12:55:46,0
12:55:47,0
12:55:48,1
12:55:49,1
12:55:50,0
12:55:51,0
12:55:52,0
12:55:53,0
12:55:54,0
12:55:55,0
12:55:56,0
12:55:57,0
12:55:58,0
12:55:59,0
12:56:00,0
12:56:01,0
12:56:02,0
12:56:03,0
12:56:04,0
12:56:05,0
12:56:06,0
12:56:07,0
12:56:08,0
12:56:09,0
12:56:10,0
12:56:11,0
12:56:12,0
12:56:13,0
12:56:14,0
12:56:15,0
12:56:16,0
12:56:17,0
12:56:18,0
12:56:19,0
12:56:20,0
12:56:21,0
12:56:22,0
12:56:23,0
12:56:24,0
12:56:25,0
12:56:26,0
12:56:27,0
12:56:28,0
12:56:29,0
12:56:30,0
12:56:31,0
12:56:32,0
12:56:33,0
12:56:34,0
12:56:35,0
12:56:36,0
12:56:37,0
12:56:38,0
12:56:39,0
12:56:40,0
12:56:41,0
12:56:42,0
12:56:43,0
12:56:44,0
12:56:45,0
12:56:46,0
12:56:47,0
12:56:48,0
12:56:49,0
12:56:50,0
12:56:51,0
12:56:52,0
12:56:53,0
12:56:54,0
12:56:55,0
12:56:56,0
12:56:57,0
12:56:58,0
12:56:59,0
12:57:00,0
12:57:01,0
12:57:02,0
12:57:03,0
12:57:04,0
12:57:05,0
12:57:06,0
12:57:07,0
12:57:08,0
12:57:09,0
12:57:10,0
12:57:11,0
12:57:12,0
12:57:13,0
12:57:14,0
12:57:15,0
12:57:16,0
12:57:17,0
12:57:18,0
12:57:19,0
12:57:20,0
12:57:21,0
12:57:22,0
12:57:23,0
12:57:24,0
12:57:25,0
12:57:26,0
12:57:27,0
12:57:28,0
12:57:29,0
12:57:30,0
12:57:31,0
12:57:32,0
12:57:33,0
12:57:34,0
12:57:35,0
12:57:36,0
12:57:37,0
12:57:38,0
12:57:39,0
12:57:40,0
12:57:41,0
12:57:42,0
12:57:43,0
12:57:44,0
12:57:45,0
12:57:46,0
12:57:47,0
12:57:48,0
12:57:49,0
12:57:50,0
12:57:51,0
12:57:52,0
12:57:53,0
12:57:54,0
12:57:55,0
12:57:56,0
12:57:57,0
12:57:58,0
12:57:59,0
12:58:00,0
12:58:01,0
12:58:02,0
12:58:03,0
12:58:04,0
12:58:05,0
12:58:06,0
12:58:07,0
12:58:08,0
12:58:09,0
12:58:10,0
12:58:11,0
12:58:12,0
12:58:13,0
12:58:14,0
12:58:15,0
12:58:16,0
12:58:17,0
12:58:18,0
12:58:19,0
12:58:20,0
12:58:21,0
12:58:22,0
12:58:23,0
12:58:24,0
12:58:25,0
12:58:26,0
12:58:27,0
12:58:28,0
12:58:29,0
12:58:30,0
12:58:31,0
12:58:32,0
12:58:33,0
12:58:34,0
12:58:35,0
12:58:36,0
12:58:37,0
12:58:38,0
12:58:39,0
12:58:40,0
12:58:41,0
12:58:42,0
12:58:43,0
12:58:44,0
12:58:45,0
12:58:46,0
12:58:47,0
12:58:48,0
12:58:49,0
12:58:50,0
12:58:51,0
12:58:52,0
12:58:53,0
12:58:54,0
12:58:55,0
12:58:56,0
12:58:57,0
12:58:58,0
12:58:59,0
12:59:00,0
12:59:01,0
12:59:02,0
12:59:03,0
12:59:04,0
12:59:05,0
12:59:06,0
12:59:07,0
12:59:08,0
12:59:09,0
12:59:10,0
12:59:11,0
12:59:12,0
12:59:13,0
12:59:14,0
12:59:15,0
12:59:16,0
12:59:17,0
12:59:18,0
12:59:19,0
12:59:20,0
12:59:21,0
12:59:22,0
12:59:23,0
12:59:24,0
12:59:25,0
12:59:26,0
12:59:27,0
12:59:28,0
12:59:29,0
12:59:30,0
12:59:31,0
12:59:32,0
12:59:33,0
12:59:34,0
12:59:35,0
12:59:36,0
12:59:37,0
12:59:38,0
12:59:39,0
12:59:40,0
12:59:41,0
12:59:42,0
12:59:43,0
12:59:44,0
12:59:45,0
12:59:46,0
12:59:47,0
12:59:48,0
12:59:49,0
12:59:50,0
12:59:51,0
12:59:52,0
12:59:53,0
12:59:54,0
12:59:55,0
12:59:56,0
12:59:57,0
12:59:58,0
12:59:59,0
13:00:00,0
13:00:01,0
13:00:02,1
13:00:03,0
13:00:04,0
13:00:05,0
13:00:06,0
13:00:07,0
13:00:08,0
13:00:09,0
13:00:10,0
13:00:11,0
13:00:12,0
13:00:13,0
13:00:14,0
13:00:15,0
13:00:16,0
13:00:17,0
13:00:18,0
13:00:19,0
13:00:20,1
13:00:21,0
13:00:22,0
13:00:23,0
13:00:24,0
13:00:25,0
13:00:26,0
13:00:27,0
13:00:28,0
13:00:29,0
13:00:30,0
13:00:31,0
13:00:32,0
13:00:33,0
13:00:34,0
13:00:35,0
13:00:36,0
13:00:37,0
13:00:38,0
13:00:39,0
13:00:40,0
13:00:41,0
13:00:42,0
13:00:43,0
13:00:44,0
13:00:45,0
13:00:46,0
13:00:47,0
13:00:48,0
13:00:49,0
13:00:50,0
13:00:51,0
13:00:52,0
13:00:53,0
13:00:54,0
13:00:55,0
13:00:56,0
13:00:57,0
13:00:58,0
13:00:59,0
13:01:00,0
13:01:01,0
13:01:02,0
13:01:03,0
13:01:04,0
13:01:05,0
13:01:06,0
13:01:07,0
13:01:08,0
13:01:09,0
13:01:10,0
13:01:11,0
13:01:12,0
13:01:13,0
13:01:14,0
13:01:15,0
13:01:16,0
13:01:17,0
13:01:18,0
13:01:19,0
13:01:20,0
13:01:21,0
13:01:22,0
13:01:23,0
13:01:24,0
13:01:25,0
13:01:26,0
13:01:27,0
13:01:28,0
13:01:29,0
13:01:30,0
13:01:31,0
13:01:32,0
13:01:33,0
13:01:34,0
13:01:35,0
13:01:36,0
13:01:37,0
13:01:38,0
13:01:39,0
13:01:40,0
13:01:41,0
13:01:42,0
13:01:43,0
13:01:44,0
13:01:45,0
13:01:46,0
13:01:47,0
13:01:48,0
13:01:49,0
13:01:50,0
13:01:51,0
13:01:52,0
13:01:53,0
13:01:54,0
13:01:55,0
13:01:56,0
13:01:57,0
13:01:58,0
13:01:59,0
13:02:00,0
13:02:01,0
13:02:02,0
13:02:03,0
13:02:04,0
13:02:05,0
13:02:06,0
13:02:07,0
13:02:08,0
13:02:09,0
13:02:10,0
13:02:11,0
13:02:12,0
13:02:13,0
13:02:14,0
13:02:15,0
13:02:16,0
13:02:17,0
13:02:18,0
13:02:19,0
13:02:20,0
13:02:21,0
13:02:22,0
13:02:23,0
13:02:24,0
13:02:25,0
13:02:26,0
13:02:27,0
13:02:28,0
13:02:29,0
13:02:30,0
13:02:31,0
13:02:32,0
13:02:33,0
13:02:34,0
13:02:35,0
13:02:36,0
13:02:37,0
13:02:38,0
13:02:39,0
13:02:40,0
13:02:41,0
13:02:42,0
13:02:43,0
13:02:44,0
13:02:45,0
13:02:46,0
13:02:47,0
13:02:48,0
13:02:49,0
13:02:50,0
13:02:51,0
13:02:52,0
13:02:53,0
13:02:54,0
13:02:55,0
13:02:56,0
13:02:57,0
13:02:58,0
13:02:59,0
13:03:00,0
13:03:01,0
13:03:02,0
13:03:03,0
13:03:04,0
13:03:05,0
13:03:06,0
13:03:07,0
13:03:08,0
13:03:09,0
13:03:10,0
13:03:11,0
13:03:12,0
13:03:13,0
13:03:14,0
13:03:15,0
13:03:16,0
13:03:17,0
13:03:18,0
13:03:19,0
13:03:20,0
13:03:21,0
13:03:22,0
13:03:23,0
13:03:24,0
13:03:25,0
13:03:26,0
13:03:27,0
13:03:28,0
13:03:29,0
13:03:30,0
13:03:31,0
13:03:32,0
13:03:33,0
13:03:34,0
13:03:35,0
13:03:36,0
13:03:37,0
13:03:38,0
13:03:39,0
13:03:40,0
13:03:41,0
13:03:42,0
13:03:43,0
13:03:44,0
13:03:45,0
13:03:46,0
13:03:47,0
13:03:48,0
13:03:49,0
13:03:50,0
13:03:51,0
13:03:52,0
13:03:53,0
13:03:54,0
13:03:55,0
13:03:56,0
13:03:57,0
13:03:58,0
13:03:59,0
13:04:00,0
13:04:01,0
13:04:02,0
13:04:03,0
13:04:04,0
13:04:05,0
13:04:06,0
13:04:07,0
13:04:08,0
13:04:09,0
13:04:10,0
13:04:11,0
13:04:12,0
13:04:13,0
13:04:14,0
13:04:15,0
13:04:16,0
13:04:17,0
13:04:18,0
13:04:19,0
13:04:20,0
13:04:21,0
13:04:22,0
13:04:23,0
13:04:24,0
13:04:25,0
13:04:26,0
13:04:27,0
13:04:28,0
13:04:29,0
13:04:30,0
13:04:31,0
13:04:32,0
13:04:33,0
13:04:34,0
13:04:35,0
13:04:36,0
13:04:37,0
13:04:38,0
13:04:39,0
13:04:40,0
13:04:41,0
13:04:42,0
13:04:43,0
13:04:44,0
13:04:45,0
13:04:46,0
13:04:47,0
13:04:48,0
13:04:49,0
13:04:50,0
13:04:51,0
13:04:52,0
13:04:53,0
13:04:54,0
13:04:55,0
13:04:56,0
13:04:57,0
13:04:58,0
13:04:59,0
13:05:00,0
13:05:01,0
13:05:02,0
13:05:03,0
13:05:04,0
13:05:05,0
13:05:06,0
13:05:07,0
13:05:08,0
13:05:09,0
13:05:10,0
13:05:11,0
13:05:12,0
13:05:13,0
13:05:14,0
13:05:15,0
13:05:16,0
13:05:17,0
13:05:18,0
13:05:19,0
13:05:20,0
13:05:21,0
13:05:22,0
13:05:23,0
13:05:24,0
13:05:25,0
13:05:26,0
13:05:27,0
13:05:28,0
13:05:29,0
13:05:30,0
13:05:31,0
13:05:32,0
13:05:33,0
13:05:34,1
13:05:35,0
13:05:36,0
13:05:37,0
13:05:38,0
13:05:39,0
13:05:40,0
13:05:41,0
13:05:42,0
13:05:43,0
13:05:44,0
13:05:45,0
13:05:46,0
13:05:47,0
13:05:48,0
13:05:49,0
13:05:50,0
13:05:51,0
13:05:52,0
13:05:53,0
13:05:54,0
13:05:55,0
13:05:56,0
13:05:57,0
13:05:58,0
13:05:59,0
13:06:00,0
13:06:01,0
13:06:02,0
13:06:03,0
13:06:04,0
13:06:05,0
13:06:06,0
13:06:07,0
13:06:08,0
13:06:09,0
13:06:10,0
13:06:11,0
13:06:12,0
13:06:13,0
13:06:14,0
13:06:15,0
13:06:16,0
13:06:17,0
13:06:18,0
13:06:19,0
13:06:20,0
13:06:21,0
13:06:22,0
13:06:23,0
13:06:24,0
13:06:25,0
13:06:26,0
13:06:27,0
13:06:28,0
13:06:29,0
13:06:30,0
13:06:31,0
13:06:32,0
13:06:33,0
13:06:34,0
13:06:35,0
13:06:36,0
13:06:37,0
13:06:38,0
13:06:39,0
13:06:40,0
13:06:41,0
13:06:42,0
13:06:43,0
13:06:44,0
13:06:45,0
13:06:46,0
13:06:47,0
13:06:48,0
13:06:49,0
13:06:50,0
13:06:51,0
13:06:52,0
13:06:53,0
13:06:54,0
13:06:55,0
13:06:56,0
13:06:57,0
13:06:58,0
13:06:59,0
13:07:00,0
13:07:01,0
13:07:02,0
13:07:03,0
13:07:04,0
13:07:05,0
13:07:06,0
13:07:07,0
13:07:08,0
13:07:09,0
13:07:10,0
13:07:11,0
13:07:12,0
13:07:13,0
13:07:14,0
13:07:15,0
13:07:16,0
13:07:17,0
13:07:18,0
13:07:19,0
13:07:20,0
13:07:21,0
13:07:22,0
13:07:23,0
13:07:24,0
13:07:25,0
13:07:26,0
13:07:27,0
13:07:28,0
13:07:29,0
13:07:30,0
13:07:31,0
13:07:32,0
13:07:33,0
13:07:34,0
13:07:35,0
13:07:36,0
13:07:37,0
13:07:38,0
13:07:39,0
13:07:40,0
13:07:41,0
13:07:42,0
13:07:43,0
13:07:44,0
13:07:45,0
13:07:46,0
13:07:47,0
13:07:48,0
13:07:49,0
13:07:50,0
13:07:51,0
13:07:52,0
13:07:53,0
13:07:54,0
13:07:55,0
13:07:56,0
13:07:57,0
13:07:58,1
13:07:59,0
13:08:00,0
13:08:01,1
13:08:02,0
13:08:03,0
13:08:04,0
13:08:05,0
13:08:06,0
13:08:07,0
13:08:08,0
13:08:09,0
13:08:10,0
13:08:11,0
13:08:12,1
13:08:13,0
13:08:14,0
13:08:15,0
13:08:16,0
13:08:17,1
13:08:18,0
13:08:19,1
13:08:20,0
13:08:21,0
13:08:22,0
13:08:23,0
13:08:24,0
13:08:25,0
13:08:26,0
13:08:27,0
13:08:28,1
13:08:29,0
13:08:30,1
13:08:31,1
13:08:32,1
13:08:33,0
13:08:34,0
13:08:35,0
13:08:36,0
13:08:37,0
13:08:38,0
13:08:39,0
13:08:40,0
13:08:41,0
13:08:42,1
13:08:43,0
13:08:44,0
13:08:45,0
13:08:46,0
13:08:47,0
13:08:48,0
13:08:49,0
13:08:50,0
13:08:51,0
13:08:52,0
13:08:53,0
13:08:54,0
13:08:55,0
13:08:56,0
13:08:57,1
13:08:58,0
13:08:59,1
13:09:00,2
13:09:01,0
13:09:02,0
13:09:03,1
13:09:04,0
13:09:05,0
13:09:06,0
13:09:07,0
13:09:08,0
13:09:09,0
13:09:10,0
13:09:11,0
13:09:12,0
13:09:13,0
13:09:14,0
13:09:15,0
13:09:16,0
13:09:17,0
13:09:18,0
13:09:19,0
13:09:20,0
13:09:21,0
13:09:22,0
13:09:23,0
13:09:24,0
13:09:25,0
13:09:26,0
13:09:27,0
13:09:28,0
13:09:29,0
13:09:30,0
13:09:31,0
13:09:32,0
13:09:33,0
13:09:34,0
13:09:35,0
13:09:36,0
13:09:37,0
13:09:38,0
13:09:39,0
13:09:40,0
13:09:41,0
13:09:42,0
13:09:43,0
13:09:44,0
13:09:45,0
13:09:46,0
13:09:47,0
13:09:48,0
13:09:49,0
13:09:50,0
13:09:51,0
13:09:52,0
13:09:53,0
13:09:54,0
13:09:55,0
13:09:56,1
13:09:57,1
13:09:58,0
13:09:59,0
13:10:00,0
13:10:01,0
13:10:02,0
13:10:03,0
13:10:04,0
13:10:05,0
13:10:06,0
13:10:07,0
13:10:08,0
13:10:09,0
13:10:10,1
13:10:11,1
13:10:12,0
13:10:13,0
13:10:14,0
13:10:15,0
13:10:16,0
13:10:17,0
13:10:18,0
13:10:19,0
13:10:20,0
13:10:21,0
13:10:22,0
13:10:23,0
13:10:24,1
13:10:25,0
13:10:26,1
13:10:27,1
13:10:28,0
13:10:29,1
13:10:30,0
13:10:31,0
13:10:32,0
13:10:33,0
13:10:34,0
13:10:35,0
13:10:36,0
13:10:37,0
13:10:38,0
13:10:39,0
13:10:40,0
13:10:41,0
13:10:42,0
13:10:43,0
13:10:44,0
13:10:45,0
13:10:46,0
13:10:47,0
13:10:48,0
13:10:49,0
13:10:50,0
13:10:51,0
13:10:52,0
13:10:53,0
13:10:54,0
13:10:55,0
13:10:56,0
13:10:57,0
13:10:58,0
13:10:59,0
13:11:00,0
13:11:01,0
13:11:02,0
13:11:03,1
13:11:04,0
13:11:05,0
13:11:06,0
13:11:07,0
13:11:08,0
13:11:09,0
13:11:10,0
13:11:11,1
13:11:12,1
13:11:13,0
13:11:14,0
13:11:15,1
13:11:16,1
13:11:17,0
13:11:18,1
13:11:19,0
13:11:20,0
13:11:21,0
13:11:22,1
13:11:23,0
13:11:24,0
13:11:25,0
13:11:26,0
13:11:27,0
13:11:28,0
13:11:29,0
13:11:30,0
13:11:31,1
13:11:32,0
13:11:33,0
13:11:34,0
13:11:35,0
13:11:36,0
13:11:37,0
13:11:38,0
13:11:39,0
13:11:40,0
13:11:41,0
13:11:42,0
13:11:43,0
13:11:44,0
13:11:45,0
13:11:46,0
13:11:47,0
13:11:48,0
13:11:49,0
13:11:50,0
13:11:51,0
13:11:52,1
13:11:53,0
13:11:54,0
13:11:55,0
13:11:56,0
13:11:57,0
13:11:58,0
13:11:59,0
13:12:00,0
13:12:01,0
13:12:02,0
13:12:03,0
13:12:04,0
13:12:05,0
13:12:06,0
13:12:07,0
13:12:08,0
13:12:09,0
13:12:10,0
13:12:11,0
13:12:12,0
13:12:13,0
13:12:14,0
13:12:15,0
13:12:16,0
13:12:17,0
13:12:18,0
13:12:19,0
13:12:20,0
13:12:21,0
13:12:22,0
13:12:23,0
13:12:24,0
13:12:25,0
13:12:26,0
13:12:27,0
13:12:28,0
13:12:29,0
13:12:30,0
13:12:31,0
13:12:32,0
13:12:33,0
13:12:34,0
13:12:35,0
13:12:36,0
13:12:37,0
13:12:38,0
13:12:39,0
13:12:40,0
13:12:41,0
13:12:42,0
13:12:43,0
13:12:44,0
13:12:45,0
13:12:46,0
13:12:47,0
13:12:48,0
13:12:49,0
13:12:50,0
13:12:51,0
13:12:52,0
13:12:53,0
13:12:54,0
13:12:55,0
13:12:56,0
13:12:57,0
13:12:58,0
13:12:59,0
13:13:00,0
13:13:01,0
13:13:02,0
13:13:03,0
13:13:04,0
13:13:05,0
13:13:06,0
13:13:07,0
13:13:08,0
13:13:09,0
13:13:10,0
13:13:11,0
13:13:12,0
13:13:13,0
13:13:14,0
13:13:15,0
13:13:16,0
13:13:17,0
13:13:18,0
13:13:19,0
13:13:20,0
13:13:21,0
13:13:22,0
13:13:23,0
13:13:24,0
13:13:25,0
13:13:26,0
13:13:27,0
13:13:28,0
13:13:29,0
13:13:30,0
13:13:31,0
13:13:32,0
13:13:33,0
13:13:34,0
13:13:35,0
13:13:36,0
13:13:37,0
13:13:38,0
13:13:39,0
13:13:40,0
13:13:41,0
13:13:42,0
13:13:43,0
13:13:44,0
13:13:45,0
13:13:46,0
13:13:47,0
13:13:48,0
13:13:49,0
13:13:50,0
13:13:51,0
13:13:52,0
13:13:53,0
13:13:54,0
13:13:55,0
13:13:56,0
13:13:57,0
13:13:58,0
13:13:59,0
13:14:00,0
13:14:01,0
13:14:02,0
13:14:03,0
13:14:04,0
13:14:05,0
13:14:06,0
13:14:07,0
13:14:08,0
13:14:09,0
13:14:10,0
13:14:11,0
13:14:12,0
13:14:13,0
13:14:14,0
13:14:15,0
13:14:16,0
13:14:17,1
13:14:18,0
13:14:19,0
13:14:20,0
13:14:21,0
13:14:22,0
13:14:23,0
13:14:24,0
13:14:25,0
13:14:26,0
13:14:27,0
13:14:28,1
13:14:29,0
13:14:30,0
13:14:31,0
13:14:32,0
13:14:33,0
13:14:34,0
13:14:35,0
13:14:36,0
13:14:37,0
13:14:38,0
13:14:39,0
13:14:40,0
13:14:41,0
13:14:42,0
13:14:43,0
13:14:44,0
13:14:45,0
13:14:46,0
13:14:47,0
13:14:48,0
13:14:49,0
13:14:50,0
13:14:51,0
13:14:52,0
13:14:53,0
13:14:54,0
13:14:55,0
13:14:56,0
13:14:57,0
13:14:58,0
13:14:59,0
13:15:00,0
13:15:01,0
13:15:02,0
13:15:03,0
13:15:04,0
13:15:05,0
13:15:06,0
13:15:07,0
13:15:08,0
13:15:09,0
13:15:10,0
13:15:11,0
13:15:12,0
13:15:13,0
13:15:14,0
13:15:15,0
13:15:16,0
13:15:17,0
13:15:18,0
13:15:19,0
13:15:20,0
13:15:21,0
13:15:22,0
13:15:23,0
13:15:24,0
13:15:25,0
13:15:26,0
13:15:27,0
13:15:28,0
13:15:29,0
13:15:30,0
13:15:31,0
13:15:32,0
13:15:33,0
13:15:34,0
13:15:35,1
13:15:36,0
13:15:37,0
13:15:38,0
13:15:39,0
13:15:40,0
13:15:41,0
13:15:42,0
13:15:43,0
13:15:44,0
13:15:45,0
13:15:46,0
13:15:47,0
13:15:48,0
13:15:49,0
13:15:50,0
13:15:51,0
13:15:52,0
13:15:53,0
13:15:54,0
13:15:55,0
13:15:56,0
13:15:57,0
13:15:58,0
13:15:59,0
13:16:00,0
13:16:01,0
13:16:02,0
13:16:03,0
13:16:04,0
13:16:05,0
13:16:06,1
13:16:07,0
13:16:08,0
13:16:09,0
13:16:10,0
13:16:11,0
13:16:12,0
13:16:13,0
13:16:14,0
13:16:15,0
13:16:16,0
13:16:17,0
13:16:18,0
13:16:19,0
13:16:20,0
13:16:21,0
13:16:22,0
13:16:23,0
13:16:24,0
13:16:25,0
13:16:26,0
13:16:27,0
13:16:28,0
13:16:29,0
13:16:30,0
13:16:31,0
13:16:32,0
13:16:33,0
13:16:34,0
13:16:35,0
13:16:36,0
13:16:37,0
13:16:38,0
13:16:39,0
13:16:40,0
13:16:41,0
13:16:42,1
13:16:43,0
13:16:44,1
13:16:45,1
13:16:46,2
13:16:47,0
13:16:48,1
13:16:49,0
13:16:50,0
13:16:51,0
13:16:52,0
13:16:53,0
13:16:54,0
13:16:55,0
13:16:56,0
13:16:57,0
13:16:58,0
13:16:59,0
13:17:00,1
13:17:01,0
13:17:02,0
13:17:03,0
13:17:04,0
13:17:05,0
13:17:06,0
13:17:07,0
13:17:08,0
13:17:09,0
13:17:10,0
13:17:11,0
13:17:12,0
13:17:13,0
13:17:14,0
13:17:15,0
13:17:16,0
13:17:17,0
13:17:18,0
13:17:19,0
13:17:20,0
13:17:21,0
13:17:22,0
13:17:23,0
13:17:24,0
13:17:25,0
13:17:26,0
13:17:27,0
13:17:28,0
13:17:29,0
13:17:30,0
13:17:31,0
13:17:32,0
13:17:33,0
13:17:34,0
13:17:35,0
13:17:36,0
13:17:37,0
13:17:38,0
13:17:39,0
13:17:40,0
13:17:41,0
13:17:42,0
13:17:43,0
13:17:44,0
13:17:45,0
13:17:46,0
13:17:47,0
13:17:48,0
13:17:49,0
13:17:50,0
13:17:51,0
13:17:52,0
13:17:53,0
13:17:54,0
13:17:55,0
13:17:56,0
13:17:57,0
13:17:58,0
13:17:59,0
13:18:00,0
13:18:01,0
13:18:02,0
13:18:03,0
13:18:04,0
13:18:05,0
13:18:06,0
13:18:07,0
13:18:08,0
13:18:09,0
13:18:10,0
13:18:11,0
13:18:12,0
13:18:13,0
13:18:14,0
13:18:15,0
13:18:16,0
13:18:17,0
13:18:18,0
13:18:19,0
13:18:20,0
13:18:21,0
13:18:22,0
13:18:23,1
13:18:24,0
13:18:25,1
13:18:26,1
13:18:27,1
13:18:28,1
13:18:29,1
13:18:30,1
13:18:31,1
13:18:32,1
13:18:33,1
13:18:34,0
13:18:35,0
13:18:36,0
13:18:37,0
13:18:38,0
13:18:39,1
13:18:40,1
13:18:41,0
13:18:42,0
13:18:43,1
13:18:44,0
13:18:45,0
13:18:46,0
13:18:47,0
13:18:48,0
13:18:49,0
13:18:50,0
13:18:51,0
13:18:52,0
13:18:53,0
13:18:54,0
13:18:55,0
13:18:56,0
13:18:57,0
13:18:58,0
13:18:59,0
13:19:00,0
13:19:01,0
13:19:02,0
13:19:03,0
13:19:04,0
13:19:05,0
13:19:06,0
13:19:07,0
13:19:08,0
13:19:09,0
13:19:10,0
13:19:11,0
13:19:12,0
13:19:13,0
13:19:14,0
13:19:15,0
13:19:16,0
13:19:17,0
13:19:18,0
13:19:19,0
13:19:20,0
13:19:21,0
13:19:22,0
13:19:23,0
13:19:24,0
13:19:25,0
13:19:26,0
13:19:27,0
13:19:28,0
13:19:29,0
13:19:30,0
13:19:31,0
13:19:32,0
13:19:33,0
13:19:34,0
13:19:35,0
13:19:36,0
13:19:37,0
13:19:38,0
13:19:39,0
13:19:40,0
13:19:41,0
13:19:42,0
13:19:43,0
13:19:44,0
13:19:45,0
13:19:46,0
13:19:47,0
13:19:48,0
13:19:49,0
13:19:50,0
13:19:51,0
13:19:52,0
13:19:53,0
13:19:54,0
13:19:55,0
13:19:56,0
13:19:57,0
13:19:58,0
13:19:59,0
13:20:00,0
13:20:01,0
13:20:02,0
13:20:03,0
13:20:04,0
13:20:05,0
13:20:06,0
13:20:07,0
13:20:08,0
13:20:09,0
13:20:10,0
13:20:11,0
13:20:12,0
13:20:13,0
13:20:14,0
13:20:15,0
13:20:16,0
13:20:17,0
13:20:18,0
13:20:19,0
13:20:20,0
13:20:21,0
13:20:22,0
13:20:23,0
13:20:24,0
13:20:25,0
13:20:26,0
13:20:27,0
13:20:28,0
13:20:29,0
13:20:30,0
13:20:31,0
13:20:32,0
13:20:33,0
13:20:34,0
13:20:35,0
13:20:36,0
13:20:37,0
13:20:38,0
13:20:39,0
13:20:40,0
13:20:41,0
13:20:42,0
13:20:43,0
13:20:44,0
13:20:45,0
13:20:46,0
13:20:47,0
13:20:48,0
13:20:49,0
13:20:50,0
13:20:51,0
13:20:52,0
13:20:53,0
13:20:54,0
13:20:55,0
13:20:56,0
13:20:57,0
13:20:58,0
13:20:59,0
13:21:00,0
13:21:01,0
13:21:02,0
13:21:03,0
13:21:04,0
13:21:05,0
13:21:06,0
13:21:07,0
13:21:08,0
13:21:09,0
13:21:10,0
13:21:11,0
13:21:12,0
13:21:13,0
13:21:14,0
13:21:15,0
13:21:16,0
13:21:17,0
13:21:18,0
13:21:19,0
13:21:20,0
13:21:21,0
13:21:22,0
13:21:23,0
13:21:24,1
13:21:25,0
13:21:26,0
13:21:27,0
13:21:28,0
13:21:29,0
13:21:30,0
13:21:31,0
13:21:32,0
13:21:33,0
13:21:34,0
13:21:35,0
13:21:36,0
13:21:37,0
13:21:38,0
13:21:39,0
13:21:40,0
13:21:41,0
13:21:42,0
13:21:43,0
13:21:44,0
13:21:45,0
13:21:46,0
13:21:47,0
13:21:48,0
13:21:49,0
13:21:50,0
13:21:51,0
13:21:52,0
13:21:53,0
13:21:54,0
13:21:55,0
13:21:56,0
13:21:57,0
13:21:58,0
13:21:59,0
13:22:00,0
13:22:01,0
13:22:02,0
13:22:03,0
13:22:04,0
13:22:05,0
13:22:06,0
13:22:07,0
13:22:08,0
13:22:09,0
13:22:10,0
13:22:11,0
13:22:12,0
13:22:13,0
13:22:14,0
13:22:15,0
13:22:16,0
13:22:17,0
13:22:18,0
13:22:19,0
13:22:20,0
13:22:21,0
13:22:22,0
13:22:23,0
13:22:24,0
13:22:25,0
13:22:26,0
13:22:27,0
13:22:28,0
13:22:29,0
13:22:30,0
13:22:31,0
13:22:32,0
13:22:33,0
13:22:34,0
13:22:35,0
13:22:36,0
13:22:37,0
13:22:38,0
13:22:39,0
13:22:40,0
13:22:41,0
13:22:42,0
13:22:43,0
13:22:44,0
13:22:45,0
13:22:46,0
13:22:47,0
13:22:48,0
13:22:49,0
13:22:50,0
13:22:51,0
13:22:52,0
13:22:53,0
13:22:54,0
13:22:55,0
13:22:56,0
13:22:57,0
13:22:58,0
13:22:59,0
13:23:00,0
13:23:01,0
13:23:02,0
13:23:03,0
13:23:04,0
13:23:05,0
13:23:06,0
13:23:07,0
13:23:08,0
13:23:09,0
13:23:10,0
13:23:11,0
13:23:12,0
13:23:13,0
13:23:14,0
13:23:15,0
13:23:16,0
13:23:17,0
13:23:18,0
13:23:19,0
13:23:20,0
13:23:21,0
13:23:22,0
13:23:23,0
13:23:24,0
13:23:25,0
13:23:26,0
13:23:27,0
13:23:28,0
13:23:29,0
13:23:30,0
13:23:31,0
13:23:32,0
13:23:33,0
13:23:34,0
13:23:35,0
13:23:36,0
13:23:37,0
13:23:38,0
13:23:39,0
13:23:40,0
13:23:41,0
13:23:42,0
13:23:43,0
13:23:44,0
13:23:45,0
13:23:46,0
13:23:47,0
13:23:48,0
13:23:49,0
13:23:50,0
13:23:51,0
13:23:52,0
13:23:53,0
13:23:54,0
13:23:55,0
13:23:56,0
13:23:57,0
13:23:58,0
13:23:59,0
13:24:00,0
13:24:01,0
13:24:02,0
13:24:03,0
13:24:04,0
13:24:05,0
13:24:06,0
13:24:07,0
13:24:08,0
13:24:09,0
13:24:10,0
13:24:11,0
13:24:12,0
13:24:13,0
13:24:14,0
13:24:15,0
13:24:16,0
13:24:17,0
13:24:18,0
13:24:19,0
13:24:20,0
13:24:21,0
13:24:22,0
13:24:23,0
13:24:24,0
13:24:25,0
13:24:26,0
13:24:27,0
13:24:28,0
13:24:29,0
13:24:30,0
13:24:31,0
13:24:32,0
13:24:33,0
13:24:34,0
13:24:35,0
13:24:36,0
13:24:37,0
13:24:38,0
13:24:39,0
13:24:40,0
13:24:41,0
13:24:42,0
13:24:43,0
13:24:44,0
13:24:45,0
13:24:46,0
13:24:47,0
13:24:48,0
13:24:49,0
13:24:50,0
13:24:51,0
13:24:52,0
13:24:53,0
13:24:54,0
13:24:55,0
13:24:56,0
13:24:57,0
13:24:58,0
13:24:59,0
13:25:00,0
13:25:01,0
13:25:02,0
13:25:03,0
13:25:04,0
13:25:05,0
13:25:06,0
13:25:07,0
13:25:08,0
13:25:09,0
13:25:10,0
13:25:11,0
13:25:12,0
13:25:13,0
13:25:14,0
13:25:15,0
13:25:16,0
13:25:17,0
13:25:18,0
13:25:19,0
13:25:20,0
13:25:21,0
13:25:22,0
13:25:23,0
13:25:24,0
13:25:25,0
13:25:26,0
13:25:27,0
13:25:28,0
13:25:29,0
13:25:30,0
13:25:31,0
13:25:32,0
13:25:33,0
13:25:34,0
13:25:35,0
13:25:36,0
13:25:37,0
13:25:38,0
13:25:39,0
13:25:40,0
13:25:41,0
13:25:42,0
13:25:43,0
13:25:44,0
13:25:45,0
13:25:46,0
13:25:47,0
13:25:48,0
13:25:49,0
13:25:50,0
13:25:51,0
13:25:52,0
13:25:53,0
13:25:54,0
13:25:55,0
13:25:56,0
13:25:57,0
13:25:58,0
13:25:59,0
13:26:00,0
13:26:01,0
13:26:02,0
13:26:03,0
13:26:04,0
13:26:05,0
13:26:06,0
13:26:07,0
13:26:08,0
13:26:09,0
13:26:10,0
13:26:11,0
13:26:12,0
13:26:13,0
13:26:14,0
13:26:15,0
13:26:16,0
13:26:17,0
13:26:18,0
13:26:19,0
13:26:20,0
13:26:21,0
13:26:22,0
13:26:23,0
13:26:24,0
13:26:25,0
13:26:26,0
13:26:27,0
13:26:28,0
13:26:29,0
13:26:30,0
13:26:31,0
13:26:32,0
13:26:33,0
13:26:34,0
13:26:35,0
13:26:36,0
13:26:37,0
13:26:38,0
13:26:39,0
13:26:40,0
13:26:41,0
13:26:42,0
13:26:43,0
13:26:44,0
13:26:45,0
13:26:46,0
13:26:47,0
13:26:48,0
13:26:49,0
13:26:50,0
13:26:51,0
13:26:52,0
13:26:53,0
13:26:54,0
13:26:55,0
13:26:56,0
13:26:57,0
13:26:58,0
13:26:59,0
13:27:00,0
13:27:01,0
13:27:02,0
13:27:03,0
13:27:04,0
13:27:05,0
13:27:06,0
13:27:07,0
13:27:08,0
13:27:09,0
13:27:10,0
13:27:11,0
13:27:12,0
13:27:13,0
13:27:14,0
13:27:15,0
13:27:16,0
13:27:17,0
13:27:18,0
13:27:19,1
13:27:20,0
13:27:21,0
13:27:22,0
13:27:23,0
13:27:24,1
13:27:25,1
13:27:26,0
13:27:27,2
13:27:28,1
13:27:29,1
13:27:30,1
13:27:31,1
13:27:32,1
13:27:33,1
13:27:34,0
13:27:35,0
13:27:36,0
13:27:37,0
13:27:38,0
13:27:39,0
13:27:40,0
13:27:41,0
13:27:42,0
13:27:43,0
13:27:44,0
13:27:45,0
13:27:46,0
13:27:47,0
13:27:48,0
13:27:49,0
13:27:50,0
13:27:51,0
13:27:52,0
13:27:53,0
13:27:54,0
13:27:55,0
13:27:56,0
13:27:57,0
13:27:58,0
13:27:59,0
13:28:00,0
13:28:01,0
13:28:02,1
13:28:03,0
13:28:04,0
13:28:05,0
13:28:06,0
13:28:07,0
13:28:08,0
13:28:09,0
13:28:10,0
13:28:11,0
13:28:12,0
13:28:13,0
13:28:14,0
13:28:15,0
13:28:16,0
13:28:17,0
13:28:18,0
13:28:19,0
13:28:20,0
13:28:21,0
13:28:22,0
13:28:23,0
13:28:24,0
13:28:25,0
13:28:26,0
13:28:27,0
13:28:28,0
13:28:29,0
13:28:30,0
13:28:31,0
13:28:32,0
13:28:33,0
13:28:34,0
13:28:35,0
13:28:36,0
13:28:37,0
13:28:38,0
13:28:39,0
13:28:40,1
13:28:41,2
13:28:42,1
13:28:43,1
13:28:44,1
13:28:45,1
13:28:46,1
13:28:47,0
13:28:48,0
13:28:49,0
13:28:50,0
13:28:51,0
13:28:52,0
13:28:53,0
13:28:54,0
13:28:55,0
13:28:56,0
13:28:57,0
13:28:58,0
13:28:59,0
13:29:00,0
13:29:01,0
13:29:02,0
13:29:03,0
13:29:04,0
13:29:05,0
13:29:06,0
13:29:07,0
13:29:08,0
13:29:09,0
13:29:10,0
13:29:11,0
13:29:12,0
13:29:13,0
13:29:14,0
13:29:15,0
13:29:16,0
13:29:17,0
13:29:18,0
13:29:19,0
13:29:20,0
13:29:21,0
13:29:22,0
13:29:23,0
13:29:24,0
13:29:25,1
13:29:26,1
13:29:27,1
13:29:28,1
13:29:29,1
13:29:30,0
13:29:31,1
13:29:32,0
13:29:33,0
13:29:34,0
13:29:35,0
13:29:36,0
13:29:37,0
13:29:38,0
13:29:39,0
13:29:40,0
13:29:41,0
13:29:42,0
13:29:43,0
13:29:44,0
13:29:45,0
13:29:46,0
13:29:47,1
13:29:48,1
13:29:49,1
13:29:50,0
13:29:51,1
13:29:52,0
13:29:53,0
13:29:54,0
13:29:55,0
13:29:56,1
13:29:57,1
13:29:58,1
13:29:59,2
13:30:00,0
13:30:01,0
13:30:02,0
13:30:03,0
13:30:04,0
13:30:05,0
13:30:06,0
13:30:07,0
13:30:08,0
13:30:09,0
13:30:10,0
13:30:11,0
13:30:12,0
13:30:13,0
13:30:14,0
13:30:15,0
13:30:16,0
13:30:17,0
13:30:18,0
13:30:19,0
13:30:20,0
13:30:21,0
13:30:22,0
13:30:23,1
13:30:24,0
13:30:25,2
13:30:26,0
13:30:27,1
13:30:28,1
13:30:29,1
13:30:30,1
13:30:31,1
13:30:32,1
13:30:33,0
13:30:34,0
13:30:35,0
13:30:36,0
13:30:37,1
13:30:38,0
13:30:39,1
13:30:40,0
13:30:41,0
13:30:42,0
13:30:43,1
13:30:44,0
13:30:45,0
13:30:46,0
13:30:47,0
13:30:48,0
13:30:49,0
13:30:50,0
13:30:51,0
13:30:52,0
13:30:53,0
13:30:54,0
13:30:55,0
13:30:56,0
13:30:57,0
13:30:58,0
13:30:59,0
13:31:00,0
13:31:01,0
13:31:02,0
13:31:03,0
13:31:04,0
13:31:05,0
13:31:06,0
13:31:07,0
13:31:08,0
13:31:09,0
13:31:10,0
13:31:11,0
13:31:12,0
13:31:13,0
13:31:14,0
13:31:15,0
13:31:16,0
13:31:17,0
13:31:18,0
13:31:19,0
13:31:20,0
13:31:21,0
13:31:22,0
13:31:23,0
13:31:24,0
13:31:25,0
13:31:26,0
13:31:27,0
13:31:28,0
13:31:29,0
13:31:30,0
13:31:31,0
13:31:32,0
13:31:33,0
13:31:34,0
13:31:35,0
13:31:36,0
13:31:37,0
13:31:38,0
13:31:39,0
13:31:40,0
13:31:41,0
13:31:42,0
13:31:43,0
13:31:44,0
13:31:45,0
13:31:46,0
13:31:47,0
13:31:48,0
13:31:49,0
13:31:50,0
13:31:51,0
13:31:52,0
13:31:53,0
13:31:54,0
13:31:55,0
13:31:56,0
13:31:57,0
13:31:58,0
13:31:59,0
13:32:00,0
13:32:01,0
13:32:02,0
13:32:03,0
13:32:04,0
13:32:05,0
13:32:06,0
13:32:07,0
13:32:08,0
13:32:09,0
13:32:10,0
13:32:11,0
13:32:12,0
13:32:13,0
13:32:14,0
13:32:15,0
13:32:16,0
13:32:17,0
13:32:18,0
13:32:19,0
13:32:20,0
13:32:21,0
13:32:22,0
13:32:23,0
13:32:24,0
13:32:25,0
13:32:26,0
13:32:27,0
13:32:28,0
13:32:29,0
13:32:30,0
13:32:31,0
13:32:32,0
13:32:33,0
13:32:34,0
13:32:35,0
13:32:36,0
13:32:37,0
13:32:38,0
13:32:39,0
13:32:40,0
13:32:41,0
13:32:42,0
13:32:43,0
13:32:44,0
13:32:45,0
13:32:46,0
13:32:47,0
13:32:48,0
13:32:49,0
13:32:50,0
13:32:51,0
13:32:52,0
13:32:53,0
13:32:54,0
13:32:55,0
13:32:56,0
13:32:57,0
13:32:58,0
13:32:59,0
13:33:00,0
13:33:01,0
13:33:02,0
13:33:03,0
13:33:04,0
13:33:05,0
13:33:06,0
13:33:07,0
13:33:08,0
13:33:09,0
13:33:10,0
13:33:11,0
13:33:12,0
13:33:13,0
13:33:14,0
13:33:15,0
13:33:16,0
13:33:17,0
13:33:18,0
13:33:19,0
13:33:20,0
13:33:21,0
13:33:22,0
13:33:23,0
13:33:24,0
13:33:25,0
13:33:26,0
13:33:27,0
13:33:28,0
13:33:29,0
13:33:30,0
13:33:31,0
13:33:32,0
13:33:33,0
13:33:34,0
13:33:35,0
13:33:36,0
13:33:37,0
13:33:38,0
13:33:39,0
13:33:40,0
13:33:41,0
13:33:42,0
13:33:43,0
13:33:44,0
13:33:45,0
13:33:46,0
13:33:47,0
13:33:48,0
13:33:49,0
13:33:50,0
13:33:51,0
13:33:52,0
13:33:53,0
13:33:54,0
13:33:55,0
13:33:56,0
13:33:57,0
13:33:58,0
13:33:59,0
13:34:00,0
13:34:01,0
13:34:02,0
13:34:03,0
13:34:04,0
13:34:05,0
13:34:06,0
13:34:07,0
13:34:08,0
13:34:09,0
13:34:10,0
13:34:11,0
13:34:12,0
13:34:13,0
13:34:14,0
13:34:15,0
13:34:16,0
13:34:17,0
13:34:18,0
13:34:19,0
13:34:20,0
13:34:21,0
13:34:22,0
13:34:23,0
13:34:24,0
13:34:25,0
13:34:26,0
13:34:27,0
13:34:28,0
13:34:29,0
13:34:30,0
13:34:31,0
13:34:32,0
13:34:33,0
13:34:34,0
13:34:35,0
13:34:36,0
13:34:37,0
13:34:38,0
13:34:39,0
13:34:40,0
13:34:41,0
13:34:42,0
13:34:43,0
13:34:44,0
13:34:45,0
13:34:46,0
13:34:47,0
13:34:48,0
13:34:49,0
13:34:50,0
13:34:51,0
13:34:52,0
13:34:53,0
13:34:54,0
13:34:55,0
13:34:56,0
13:34:57,0
13:34:58,0
13:34:59,0
13:35:00,0
13:35:01,0
13:35:02,0
13:35:03,0
13:35:04,0
13:35:05,0
13:35:06,0
13:35:07,0
13:35:08,0
13:35:09,0
13:35:10,0
13:35:11,0
13:35:12,0
13:35:13,0
13:35:14,0
13:35:15,0
13:35:16,0
13:35:17,0
13:35:18,0
13:35:19,0
13:35:20,0
13:35:21,0
13:35:22,0
13:35:23,0
13:35:24,0
13:35:25,0
13:35:26,0
13:35:27,0
13:35:28,0
13:35:29,0
13:35:30,0
13:35:31,0
13:35:32,0
13:35:33,0
13:35:34,0
13:35:35,0
13:35:36,0
13:35:37,0
13:35:38,0
13:35:39,0
13:35:40,0
13:35:41,0
13:35:42,0
13:35:43,0
13:35:44,0
13:35:45,0
13:35:46,0
13:35:47,0
13:35:48,0
13:35:49,0
13:35:50,0
13:35:51,0
13:35:52,0
13:35:53,0
13:35:54,0
13:35:55,0
13:35:56,0
13:35:57,0
13:35:58,0
13:35:59,0
13:36:00,0
13:36:01,0
13:36:02,0
13:36:03,0
13:36:04,0
13:36:05,0
13:36:06,0
13:36:07,0
13:36:08,0
13:36:09,0
13:36:10,0
13:36:11,0
13:36:12,0
13:36:13,0
13:36:14,0
13:36:15,0
13:36:16,0
13:36:17,0
13:36:18,0
13:36:19,0
13:36:20,0
13:36:21,0
13:36:22,0
13:36:23,0
13:36:24,0
13:36:25,0
13:36:26,0
13:36:27,0
13:36:28,0
13:36:29,0
13:36:30,0
13:36:31,0
13:36:32,0
13:36:33,0
13:36:34,0
13:36:35,0
13:36:36,0
13:36:37,0
13:36:38,0
13:36:39,0
13:36:40,0
13:36:41,0
13:36:42,0
13:36:43,0
13:36:44,0
13:36:45,0
13:36:46,0
13:36:47,0
13:36:48,0
13:36:49,0
13:36:50,0
13:36:51,0
13:36:52,0
13:36:53,0
13:36:54,0
13:36:55,0
13:36:56,0
13:36:57,0
13:36:58,0
13:36:59,0
13:37:00,0
13:37:01,0
13:37:02,0
13:37:03,0
13:37:04,0
13:37:05,0
13:37:06,0
13:37:07,0
13:37:08,0
13:37:09,0
13:37:10,0
13:37:11,0
13:37:12,0
13:37:13,0
13:37:14,0
13:37:15,0
13:37:16,0
13:37:17,0
13:37:18,0
13:37:19,0
13:37:20,0
13:37:21,0
13:37:22,0
13:37:23,0
13:37:24,0
13:37:25,0
13:37:26,0
13:37:27,0
13:37:28,0
13:37:29,0
13:37:30,0
13:37:31,0
13:37:32,0
13:37:33,0
13:37:34,0
13:37:35,0
13:37:36,0
13:37:37,0
13:37:38,0
13:37:39,0
13:37:40,0
13:37:41,0
13:37:42,0
13:37:43,0
13:37:44,0
13:37:45,0
13:37:46,0
13:37:47,0
13:37:48,0
13:37:49,0
13:37:50,0
13:37:51,0
13:37:52,0
13:37:53,0
13:37:54,0
13:37:55,0
13:37:56,0
13:37:57,0
13:37:58,0
13:37:59,0
13:38:00,0
13:38:01,0
13:38:02,0
13:38:03,0
13:38:04,0
13:38:05,0
13:38:06,0
13:38:07,0
13:38:08,0
13:38:09,1
13:38:10,0
13:38:11,0
13:38:12,0
13:38:13,0
13:38:14,0
13:38:15,0
13:38:16,1
13:38:17,1
13:38:18,1
13:38:19,1
13:38:20,1
13:38:21,2
13:38:22,2
13:38:23,2
13:38:24,0
13:38:25,0
13:38:26,0
13:38:27,0
13:38:28,0
13:38:29,1
13:38:30,1
13:38:31,1
13:38:32,2
13:38:33,2
13:38:34,2
13:38:35,2
13:38:36,1
13:38:37,2
13:38:38,2
13:38:39,2
13:38:40,1
13:38:41,2
13:38:42,2
13:38:43,2
13:38:44,2
13:38:45,1
13:38:46,2
13:38:47,2
13:38:48,2
13:38:49,1
13:38:50,2
13:38:51,2
13:38:52,2
13:38:53,2
13:38:54,1
13:38:55,2
13:38:56,2
13:38:57,2
13:38:58,2
13:38:59,1
13:39:00,2
13:39:01,2
13:39:02,2
13:39:03,1
13:39:04,2
13:39:05,2
13:39:06,2
13:39:07,2
13:39:08,1
13:39:09,2
13:39:10,2
13:39:11,2
13:39:12,1
13:39:13,2
13:39:14,2
13:39:15,2
13:39:16,2
13:39:17,1
13:39:18,2
13:39:19,2
13:39:20,2
13:39:21,1
13:39:22,2
13:39:23,2
13:39:24,2
13:39:25,2
13:39:26,1
13:39:27,2
13:39:28,2
13:39:29,1
13:39:30,2
13:39:31,2
13:39:32,2
13:39:33,2
13:39:34,1
13:39:35,2
13:39:36,1
13:39:37,1
13:39:38,1
13:39:39,0
13:39:40,0
13:39:41,0
13:39:42,0
13:39:43,1
13:39:44,1
13:39:45,2
13:39:46,2
13:39:47,2
13:39:48,2
13:39:49,1
13:39:50,2
13:39:51,2
13:39:52,2
13:39:53,2
13:39:54,1
13:39:55,2
13:39:56,2
13:39:57,2
13:39:58,1
13:39:59,0
13:40:00,0
13:40:01,0
13:40:02,0
13:40:03,0
13:40:04,0
13:40:05,0
13:40:06,0
13:40:07,0
13:40:08,0
13:40:09,0
13:40:10,0
13:40:11,1
13:40:12,1
13:40:13,0
13:40:14,0
13:40:15,0
13:40:16,0
13:40:17,0
13:40:18,0
13:40:19,0
13:40:20,0
13:40:21,0
13:40:22,0
13:40:23,0
13:40:24,0
13:40:25,0
13:40:26,0
13:40:27,1
13:40:28,1
13:40:29,1
13:40:30,1
13:40:31,1
13:40:32,0
13:40:33,1
13:40:34,0
13:40:35,0
13:40:36,1
13:40:37,0
13:40:38,0
13:40:39,0
13:40:40,0
13:40:41,0
13:40:42,0
13:40:43,0
13:40:44,1
13:40:45,0
13:40:46,0
13:40:47,0
13:40:48,0
13:40:49,0
13:40:50,1
13:40:51,0
13:40:52,1
13:40:53,0
13:40:54,0
13:40:55,0
13:40:56,0
13:40:57,0
13:40:58,0
13:40:59,1
13:41:00,0
13:41:01,0
13:41:02,1
13:41:03,0
13:41:04,1
13:41:05,0
13:41:06,0
13:41:07,0
13:41:08,0
13:41:09,0
13:41:10,0
13:41:11,0
13:41:12,0
13:41:13,0
13:41:14,0
13:41:15,0
13:41:16,0
13:41:17,0
13:41:18,0
13:41:19,0
13:41:20,0
13:41:21,0
13:41:22,0
13:41:23,0
13:41:24,0
13:41:25,0
13:41:26,0
13:41:27,0
13:41:28,0
13:41:29,0
13:41:30,0
13:41:31,0
13:41:32,0
13:41:33,0
13:41:34,0
13:41:35,0
13:41:36,0
13:41:37,0
13:41:38,0
13:41:39,0
13:41:40,0
13:41:41,0
13:41:42,0
13:41:43,0
13:41:44,0
13:41:45,0
13:41:46,0
13:41:47,0
13:41:48,0
13:41:49,0
13:41:50,0
13:41:51,0
13:41:52,0
13:41:53,0
13:41:54,0
13:41:55,0
13:41:56,0
13:41:57,0
13:41:58,0
13:41:59,0
13:42:00,0
13:42:01,0
13:42:02,0
13:42:03,0
13:42:04,0
13:42:05,0
13:42:06,0
13:42:07,0
13:42:08,0
13:42:09,0
13:42:10,0
13:42:11,0
13:42:12,0
13:42:13,0
13:42:14,0
13:42:15,0
13:42:16,0
13:42:17,0
13:42:18,0
13:42:19,0
13:42:20,0
13:42:21,0
13:42:22,0
13:42:23,0
13:42:24,0
13:42:25,0
13:42:26,0
13:42:27,0
13:42:28,0
13:42:29,0
13:42:30,0
13:42:31,0
13:42:32,0
13:42:33,0
13:42:34,0
13:42:35,0
13:42:36,0
13:42:37,0
13:42:38,0
13:42:39,0
13:42:40,0
13:42:41,0
13:42:42,0
13:42:43,0
13:42:44,0
13:42:45,0
13:42:46,0
13:42:47,0
13:42:48,0
13:42:49,0
13:42:50,0
13:42:51,0
13:42:52,0
13:42:53,0
13:42:54,0
13:42:55,0
13:42:56,0
13:42:57,0
13:42:58,0
13:42:59,0
13:43:00,0
13:43:01,0
13:43:02,0
13:43:03,0
13:43:04,0
13:43:05,0
13:43:06,0
13:43:07,0
13:43:08,0
13:43:09,0
13:43:10,0
13:43:11,0
13:43:12,0
13:43:13,0
13:43:14,0
13:43:15,0
13:43:16,0
13:43:17,0
13:43:18,0
13:43:19,0
13:43:20,0
13:43:21,0
13:43:22,0
13:43:23,0
13:43:24,0
13:43:25,0
13:43:26,0
13:43:27,0
13:43:28,0
13:43:29,0
13:43:30,0
13:43:31,0
13:43:32,0
13:43:33,0
13:43:34,0
13:43:35,0
13:43:36,0
13:43:37,0
13:43:38,0
13:43:39,0
13:43:40,0
13:43:41,0
13:43:42,0
13:43:43,0
13:43:44,0
13:43:45,0
13:43:46,0
13:43:47,0
13:43:48,0
13:43:49,0
13:43:50,0
13:43:51,0
13:43:52,0
13:43:53,0
13:43:54,0
13:43:55,0
13:43:56,0
13:43:57,0
13:43:58,0
13:43:59,0
13:44:00,0
13:44:01,0
13:44:02,0
13:44:03,0
13:44:04,0
13:44:05,0
13:44:06,0
13:44:07,0
13:44:08,0
13:44:09,0
13:44:10,0
13:44:11,0
13:44:12,0
13:44:13,0
13:44:14,0
13:44:15,0
13:44:16,0
13:44:17,0
13:44:18,0
13:44:19,0
13:44:20,0
13:44:21,0
13:44:22,0
13:44:23,0
13:44:24,0
13:44:25,0
13:44:26,0
13:44:27,0
13:44:28,0
13:44:29,0
13:44:30,0
13:44:31,0
13:44:32,0
13:44:33,0
13:44:34,0
13:44:35,0
13:44:36,0
13:44:37,0
13:44:38,0
13:44:39,0
13:44:40,0
13:44:41,0
13:44:42,0
13:44:43,0
13:44:44,0
13:44:45,0
13:44:46,0
13:44:47,0
13:44:48,0
13:44:49,0
13:44:50,0
13:44:51,0
13:44:52,0
13:44:53,0
13:44:54,0
13:44:55,0
13:44:56,0
13:44:57,0
13:44:58,0
13:44:59,0
13:45:00,0
13:45:01,0
13:45:02,0
13:45:03,0
13:45:04,0
13:45:05,0
13:45:06,0
13:45:07,0
13:45:08,0
13:45:09,0
13:45:10,0
13:45:11,0
13:45:12,0
13:45:13,0
13:45:14,0
13:45:15,0
13:45:16,0
13:45:17,0
13:45:18,0
13:45:19,0
13:45:20,0
13:45:21,0
13:45:22,0
13:45:23,0
13:45:24,0
13:45:25,0
13:45:26,0
13:45:27,0
13:45:28,0
13:45:29,0
13:45:30,0
13:45:31,0
13:45:32,0
13:45:33,0
13:45:34,0
13:45:35,0
13:45:36,0
13:45:37,0
13:45:38,0
13:45:39,0
13:45:40,0
13:45:41,0
13:45:42,0
13:45:43,0
13:45:44,0
13:45:45,0
13:45:46,0
13:45:47,0
13:45:48,0
13:45:49,0
13:45:50,0
13:45:51,0
13:45:52,0
13:45:53,0
13:45:54,0
13:45:55,0
13:45:56,0
13:45:57,0
13:45:58,0
13:45:59,0
13:46:00,0
13:46:01,0
13:46:02,0
13:46:03,0
13:46:04,0
13:46:05,0
13:46:06,0
13:46:07,0
13:46:08,0
13:46:09,0
13:46:10,0
13:46:11,0
13:46:12,0
13:46:13,0
13:46:14,0
13:46:15,0
13:46:16,0
13:46:17,0
13:46:18,0
13:46:19,0
13:46:20,0
13:46:21,0
13:46:22,0
13:46:23,0
13:46:24,0
13:46:25,0
13:46:26,0
13:46:27,0
13:46:28,0
13:46:29,0
13:46:30,0
13:46:31,0
13:46:32,0
13:46:33,0
13:46:34,0
13:46:35,0
13:46:36,0
13:46:37,0
13:46:38,0
13:46:39,0
13:46:40,0
13:46:41,0
13:46:42,0
13:46:43,0
13:46:44,0
13:46:45,0
13:46:46,0
13:46:47,0
13:46:48,0
13:46:49,0
13:46:50,0
13:46:51,0
13:46:52,0
13:46:53,0
13:46:54,0
13:46:55,0
13:46:56,0
13:46:57,0
13:46:58,0
13:46:59,0
13:47:00,0
13:47:01,0
13:47:02,0
13:47:03,0
13:47:04,0
13:47:05,0
13:47:06,0
13:47:07,0
13:47:08,0
13:47:09,0
13:47:10,0
13:47:11,0
13:47:12,0
13:47:13,0
13:47:14,0
13:47:15,0
13:47:16,0
13:47:17,0
13:47:18,0
13:47:19,0
13:47:20,0
13:47:21,0
13:47:22,0
13:47:23,0
13:47:24,0
13:47:25,0
13:47:26,0
13:47:27,0
13:47:28,0
13:47:29,0
13:47:30,0
13:47:31,0
13:47:32,0
13:47:33,0
13:47:34,0
13:47:35,0
13:47:36,0
13:47:37,0
13:47:38,0
13:47:39,0
13:47:40,0
13:47:41,0
13:47:42,0
13:47:43,0
13:47:44,0
13:47:45,0
13:47:46,0
13:47:47,0
13:47:48,0
13:47:49,0
13:47:50,0
13:47:51,0
13:47:52,0
13:47:53,0
13:47:54,0
13:47:55,0
13:47:56,0
13:47:57,0
13:47:58,0
13:47:59,0
13:48:00,0
13:48:01,0
13:48:02,0
13:48:03,0
13:48:04,0
13:48:05,0
13:48:06,0
13:48:07,0
13:48:08,0
13:48:09,0
13:48:10,0
13:48:11,0
13:48:12,0
13:48:13,0
13:48:14,0
13:48:15,0
13:48:16,0
13:48:17,0
13:48:18,0
13:48:19,0
13:48:20,0
13:48:21,0
13:48:22,0
13:48:23,0
13:48:24,0
13:48:25,0
13:48:26,0
13:48:27,0
13:48:28,0
13:48:29,0
13:48:30,0
13:48:31,0
13:48:32,0
13:48:33,0
13:48:34,0
13:48:35,0
13:48:36,0
13:48:37,0
13:48:38,0
13:48:39,0
13:48:40,0
13:48:41,0
13:48:42,0
13:48:43,1
13:48:44,0
13:48:45,0
13:48:46,0
13:48:47,0
13:48:48,0
13:48:49,0
13:48:50,0
13:48:51,0
13:48:52,0
13:48:53,0
13:48:54,0
13:48:55,0
13:48:56,0
13:48:57,0
13:48:58,0
13:48:59,0
13:49:00,0
13:49:01,0
13:49:02,0
13:49:03,0
13:49:04,0
13:49:05,0
13:49:06,0
13:49:07,0
13:49:08,0
13:49:09,0
13:49:10,0
13:49:11,0
13:49:12,0
13:49:13,0
13:49:14,0
13:49:15,0
13:49:16,0
13:49:17,0
13:49:18,0
13:49:19,0
13:49:20,0
13:49:21,0
13:49:22,0
13:49:23,0
13:49:24,0
13:49:25,0
13:49:26,0
13:49:27,0
13:49:28,0
13:49:29,0
13:49:30,0
13:49:31,0
13:49:32,0
13:49:33,0
13:49:34,0
13:49:35,0
13:49:36,0
13:49:37,0
13:49:38,0
13:49:39,0
13:49:40,0
13:49:41,0
13:49:42,0
13:49:43,0
13:49:44,0
13:49:45,0
13:49:46,0
13:49:47,0
13:49:48,0
13:49:49,0
13:49:50,0
13:49:51,0
13:49:52,0
13:49:53,0
13:49:54,0
13:49:55,0
13:49:56,0
13:49:57,0
13:49:58,0
13:49:59,0
13:50:00,0
13:50:01,0
13:50:02,0
13:50:03,0
13:50:04,0
13:50:05,0
13:50:06,0
13:50:07,0
13:50:08,0
13:50:09,0
13:50:10,0
13:50:11,0
13:50:12,0
13:50:13,0
13:50:14,0
13:50:15,0
13:50:16,0
13:50:17,0
13:50:18,0
13:50:19,0
13:50:20,0
13:50:21,0
13:50:22,0
13:50:23,0
13:50:24,0
13:50:25,0
13:50:26,0
13:50:27,0
13:50:28,0
13:50:29,0
13:50:30,0
13:50:31,0
13:50:32,0
13:50:33,0
13:50:34,0
13:50:35,0
13:50:36,0
13:50:37,0
13:50:38,0
13:50:39,0
13:50:40,0
13:50:41,0
13:50:42,0
13:50:43,0
13:50:44,0
13:50:45,0
13:50:46,0
13:50:47,0
13:50:48,0
13:50:49,0
13:50:50,0
13:50:51,0
13:50:52,0
13:50:53,0
13:50:54,0
13:50:55,0
13:50:56,0
13:50:57,0
13:50:58,0
13:50:59,0
13:51:00,0
13:51:01,0
13:51:02,0
13:51:03,0
13:51:04,0
13:51:05,0
13:51:06,0
13:51:07,0
13:51:08,0
13:51:09,0
13:51:10,0
13:51:11,0
13:51:12,0
13:51:13,0
13:51:14,0
13:51:15,0
13:51:16,0
13:51:17,0
13:51:18,0
13:51:19,0
13:51:20,0
13:51:21,0
13:51:22,0
13:51:23,0
13:51:24,0
13:51:25,0
13:51:26,0
13:51:27,0
13:51:28,0
13:51:29,0
13:51:30,0
13:51:31,0
13:51:32,0
13:51:33,0
13:51:34,0
13:51:35,0
13:51:36,0
13:51:37,0
13:51:38,0
13:51:39,0
13:51:40,0
13:51:41,0
13:51:42,0
13:51:43,0
13:51:44,0
13:51:45,0
13:51:46,0
13:51:47,0
13:51:48,0
13:51:49,0
13:51:50,0
13:51:51,0
13:51:52,0
13:51:53,0
13:51:54,0
13:51:55,0
13:51:56,0
13:51:57,0
13:51:58,0
13:51:59,0
13:52:00,0
13:52:01,0
13:52:02,0
13:52:03,0
13:52:04,0
13:52:05,0
13:52:06,0
13:52:07,0
13:52:08,0
13:52:09,0
13:52:10,0
13:52:11,0
13:52:12,0
13:52:13,0
13:52:14,0
13:52:15,0
13:52:16,0
13:52:17,0
13:52:18,0
13:52:19,0
13:52:20,0
13:52:21,0
13:52:22,0
13:52:23,0
13:52:24,0
13:52:25,0
13:52:26,0
13:52:27,0
13:52:28,0
13:52:29,0
13:52:30,0
13:52:31,0
13:52:32,0
13:52:33,0
13:52:34,0
13:52:35,0
13:52:36,0
13:52:37,0
13:52:38,0
13:52:39,0
13:52:40,0
13:52:41,0
13:52:42,0
13:52:43,0
13:52:44,0
13:52:45,0
13:52:46,0
13:52:47,0
13:52:48,0
13:52:49,0
13:52:50,0
13:52:51,0
13:52:52,0
13:52:53,0
13:52:54,0
13:52:55,0
13:52:56,0
13:52:57,0
13:52:58,0
13:52:59,0
13:53:00,0
13:53:01,0
13:53:02,0
13:53:03,0
13:53:04,0
13:53:05,0
13:53:06,0
13:53:07,0
13:53:08,0
13:53:09,0
13:53:10,0
13:53:11,0
13:53:12,0
13:53:13,0
13:53:14,0
13:53:15,0
13:53:16,0
13:53:17,0
13:53:18,0
13:53:19,0
13:53:20,0
13:53:21,0
13:53:22,0
13:53:23,0
13:53:24,0
13:53:25,0
13:53:26,0
13:53:27,0
13:53:28,0
13:53:29,0
13:53:30,0
13:53:31,0
13:53:32,0
13:53:33,0
13:53:34,0
13:53:35,0
13:53:36,0
13:53:37,0
13:53:38,0
13:53:39,0
13:53:40,0
13:53:41,0
13:53:42,0
13:53:43,0
13:53:44,0
13:53:45,0
13:53:46,0
13:53:47,0
13:53:48,0
13:53:49,0
13:53:50,0
13:53:51,0
13:53:52,0
13:53:53,0
13:53:54,0
13:53:55,0
13:53:56,0
13:53:57,0
13:53:58,0
13:53:59,0
13:54:00,0
13:54:01,0
13:54:02,0
13:54:03,0
13:54:04,0
13:54:05,0
13:54:06,0
13:54:07,0
13:54:08,0
13:54:09,0
13:54:10,0
13:54:11,0
13:54:12,0
13:54:13,0
13:54:14,0
13:54:15,0
13:54:16,0
13:54:17,0
13:54:18,0
13:54:19,0
13:54:20,0
13:54:21,0
13:54:22,0
13:54:23,0
13:54:24,0
13:54:25,0
13:54:26,0
13:54:27,0
13:54:28,0
13:54:29,0
13:54:30,0
13:54:31,0
13:54:32,0
13:54:33,0
13:54:34,0
13:54:35,0
13:54:36,0
13:54:37,0
13:54:38,0
13:54:39,0
13:54:40,0
13:54:41,0
13:54:42,0
13:54:43,0
13:54:44,0
13:54:45,0
13:54:46,0
13:54:47,0
13:54:48,0
13:54:49,0
13:54:50,0
13:54:51,0
13:54:52,0
13:54:53,0
13:54:54,0
13:54:55,0
13:54:56,0
13:54:57,0
13:54:58,0
13:54:59,0
13:55:00,0
13:55:01,0
13:55:02,0
13:55:03,0
13:55:04,0
13:55:05,0
13:55:06,0
13:55:07,0
13:55:08,0
13:55:09,0
13:55:10,0
13:55:11,0
13:55:12,0
13:55:13,0
13:55:14,0
13:55:15,0
13:55:16,0
13:55:17,0
13:55:18,0
13:55:19,0
13:55:20,0
13:55:21,0
13:55:22,0
13:55:23,0
13:55:24,0
13:55:25,0
13:55:26,0
13:55:27,0
13:55:28,0
13:55:29,0
13:55:30,0
13:55:31,0
13:55:32,0
13:55:33,0
13:55:34,0
13:55:35,0
13:55:36,0
13:55:37,0
13:55:38,0
13:55:39,0
13:55:40,0
13:55:41,0
13:55:42,0
13:55:43,0
13:55:44,0
13:55:45,0
13:55:46,0
13:55:47,0
13:55:48,0
13:55:49,0
13:55:50,0
13:55:51,0
13:55:52,0
13:55:53,0
13:55:54,0
13:55:55,0
13:55:56,0
13:55:57,0
13:55:58,0
13:55:59,0
13:56:00,0
13:56:01,0
13:56:02,0
13:56:03,0
13:56:04,0
13:56:05,0
13:56:06,0
13:56:07,0
13:56:08,0
13:56:09,0
13:56:10,0
13:56:11,0
13:56:12,0
13:56:13,0
13:56:14,0
13:56:15,0
13:56:16,0
13:56:17,0
13:56:18,0
13:56:19,0
13:56:20,0
13:56:21,0
13:56:22,0
13:56:23,0
13:56:24,0
13:56:25,0
13:56:26,0
13:56:27,0
13:56:28,0
13:56:29,0
13:56:30,0
13:56:31,0
13:56:32,0
13:56:33,0
13:56:34,0
13:56:35,0
13:56:36,0
13:56:37,0
13:56:38,0
13:56:39,0
13:56:40,0
13:56:41,0
13:56:42,0
13:56:43,0
13:56:44,0
13:56:45,0
13:56:46,0
13:56:47,0
13:56:48,0
13:56:49,0
13:56:50,0
13:56:51,0
13:56:52,0
13:56:53,0
13:56:54,0
13:56:55,0
13:56:56,0
13:56:57,0
13:56:58,0
13:56:59,0
13:57:00,0
13:57:01,0
13:57:02,0
13:57:03,0
13:57:04,0
13:57:05,0
13:57:06,0
13:57:07,0
13:57:08,0
13:57:09,0
13:57:10,0
13:57:11,0
13:57:12,0
13:57:13,0
13:57:14,0
13:57:15,0
13:57:16,0
13:57:17,0
13:57:18,0
13:57:19,0
13:57:20,0
13:57:21,0
13:57:22,0
13:57:23,0
13:57:24,0
13:57:25,0
13:57:26,0
13:57:27,0
13:57:28,0
13:57:29,0
13:57:30,0
13:57:31,0
13:57:32,0
13:57:33,0
13:57:34,0
13:57:35,0
13:57:36,0
13:57:37,0
13:57:38,0
13:57:39,0
13:57:40,0
13:57:41,0
13:57:42,0
13:57:43,0
13:57:44,0
13:57:45,0
13:57:46,0
13:57:47,0
13:57:48,0
13:57:49,0
13:57:50,0
13:57:51,0
13:57:52,0
13:57:53,0
13:57:54,0
13:57:55,0
13:57:56,0
13:57:57,0
13:57:58,0
13:57:59,0
13:58:00,0
13:58:01,0
13:58:02,0
13:58:03,0
13:58:04,0
13:58:05,0
13:58:06,0
13:58:07,0
13:58:08,0
13:58:09,0
13:58:10,0
13:58:11,0
13:58:12,0
13:58:13,0
13:58:14,0
13:58:15,0
13:58:16,0
13:58:17,0
13:58:18,0
13:58:19,0
13:58:20,0
13:58:21,0
13:58:22,0
13:58:23,0
13:58:24,0
13:58:25,0
13:58:26,0
13:58:27,0
13:58:28,0
13:58:29,0
13:58:30,0
13:58:31,0
13:58:32,0
13:58:33,0
13:58:34,0
13:58:35,0
13:58:36,0
13:58:37,0
13:58:38,0
13:58:39,0
13:58:40,0
13:58:41,0
13:58:42,0
13:58:43,0
13:58:44,0
13:58:45,0
13:58:46,0
13:58:47,0
13:58:48,0
13:58:49,0
13:58:50,0
13:58:51,0
13:58:52,0
13:58:53,0
13:58:54,0
13:58:55,0
13:58:56,0
13:58:57,0
13:58:58,0
13:58:59,0
13:59:00,0
13:59:01,0
13:59:02,0
13:59:03,0
13:59:04,0
13:59:05,0
13:59:06,0
13:59:07,0
13:59:08,0
13:59:09,0
13:59:10,0
13:59:11,0
13:59:12,0
13:59:13,0
13:59:14,0
13:59:15,0
13:59:16,0
13:59:17,0
13:59:18,0
13:59:19,0
13:59:20,0
13:59:21,0
13:59:22,0
13:59:23,0
13:59:24,0
13:59:25,0
13:59:26,0
13:59:27,0
13:59:28,0
13:59:29,0
13:59:30,0
13:59:31,0
13:59:32,0
13:59:33,0
13:59:34,0
13:59:35,0
13:59:36,0
13:59:37,0
13:59:38,0
13:59:39,0
13:59:40,0
13:59:41,0
13:59:42,0
13:59:43,0
13:59:44,0
13:59:45,0
13:59:46,0
13:59:47,0
13:59:48,0
13:59:49,0
13:59:50,0
13:59:51,0
13:59:52,0
13:59:53,0
13:59:54,0
13:59:55,0
13:59:56,0
13:59:57,0
13:59:58,0
13:59:59,0
14:00:00,0
14:00:01,0
14:00:02,0
14:00:03,0
14:00:04,0
14:00:05,0
14:00:06,0
14:00:07,0
14:00:08,0
14:00:09,0
14:00:10,0
14:00:11,0
14:00:12,0
14:00:13,0
14:00:14,0
14:00:15,0
14:00:16,0
14:00:17,0
14:00:18,0
14:00:19,0
14:00:20,0
14:00:21,0
14:00:22,0
14:00:23,0
14:00:24,0
14:00:25,0
14:00:26,0
14:00:27,0
14:00:28,0
14:00:29,0
14:00:30,0
14:00:31,0
14:00:32,0
14:00:33,0
14:00:34,0
14:00:35,0
14:00:36,0
14:00:37,0
14:00:38,0
14:00:39,0
14:00:40,0
14:00:41,0
14:00:42,0
14:00:43,0
14:00:44,0
14:00:45,0
14:00:46,0
14:00:47,0
14:00:48,0
14:00:49,0
14:00:50,0
14:00:51,0
14:00:52,0
14:00:53,0
14:00:54,0
14:00:55,0
14:00:56,0
14:00:57,0
14:00:58,0
14:00:59,0
14:01:00,0
14:01:01,0
14:01:02,0
14:01:03,0
14:01:04,0
14:01:05,0
14:01:06,0
14:01:07,0
14:01:08,0
14:01:09,0
14:01:10,0
14:01:11,0
14:01:12,0
14:01:13,0
14:01:14,0
14:01:15,0
14:01:16,0
14:01:17,0
14:01:18,0
14:01:19,0
14:01:20,0
14:01:21,0
14:01:22,0
14:01:23,0
14:01:24,0
14:01:25,0
14:01:26,0
14:01:27,0
14:01:28,0
14:01:29,0
14:01:30,0
14:01:31,0
14:01:32,0
14:01:33,0
14:01:34,0
14:01:35,0
14:01:36,0
14:01:37,0
14:01:38,0
14:01:39,0
14:01:40,0
14:01:41,0
14:01:42,0
14:01:43,0
14:01:44,0
14:01:45,0
14:01:46,0
14:01:47,0
14:01:48,0
14:01:49,0
14:01:50,0
14:01:51,0
14:01:52,0
14:01:53,0
14:01:54,0
14:01:55,0
14:01:56,0
14:01:57,0
14:01:58,0
14:01:59,0
14:02:00,0
14:02:01,0
14:02:02,0
14:02:03,0
14:02:04,0
14:02:05,0
14:02:06,0
14:02:07,0
14:02:08,0
14:02:09,0
14:02:10,0
14:02:11,0
14:02:12,0
14:02:13,0
14:02:14,0
14:02:15,0
14:02:16,0
14:02:17,0
14:02:18,0
14:02:19,0
14:02:20,0
14:02:21,0
14:02:22,0
14:02:23,0
14:02:24,0
14:02:25,0
14:02:26,0
14:02:27,0
14:02:28,0
14:02:29,0
14:02:30,0
14:02:31,0
14:02:32,0
14:02:33,0
14:02:34,0
14:02:35,0
14:02:36,0
14:02:37,0
14:02:38,0
14:02:39,0
14:02:40,0
14:02:41,0
14:02:42,0
14:02:43,0
14:02:44,0
14:02:45,0
14:02:46,0
14:02:47,0
14:02:48,0
14:02:49,0
14:02:50,0
14:02:51,0
14:02:52,0
14:02:53,0
14:02:54,0
14:02:55,0
14:02:56,0
14:02:57,0
14:02:58,0
14:02:59,0
14:03:00,0
14:03:01,0
14:03:02,0
14:03:03,0
14:03:04,0
14:03:05,0
14:03:06,0
14:03:07,0
14:03:08,0
14:03:09,0
14:03:10,0
14:03:11,0
14:03:12,0
14:03:13,0
14:03:14,0
14:03:15,0
14:03:16,0
14:03:17,0
14:03:18,0
14:03:19,0
14:03:20,0
14:03:21,0
14:03:22,0
14:03:23,0
14:03:24,0
14:03:25,0
14:03:26,0
14:03:27,0
14:03:28,0
14:03:29,0
14:03:30,0
14:03:31,0
14:03:32,0
14:03:33,0
14:03:34,0
14:03:35,0
14:03:36,0
14:03:37,0
14:03:38,0
14:03:39,0
14:03:40,0
14:03:41,0
14:03:42,0
14:03:43,0
14:03:44,0
14:03:45,0
14:03:46,0
14:03:47,0
14:03:48,0
14:03:49,1
14:03:50,0
14:03:51,0
14:03:52,1
14:03:53,0
14:03:54,0
14:03:55,0
14:03:56,0
14:03:57,1
14:03:58,0
14:03:59,0
14:04:00,0
14:04:01,0
14:04:02,0
14:04:03,0
14:04:04,0
14:04:05,0
14:04:06,0
14:04:07,0
14:04:08,0
14:04:09,0
14:04:10,0
14:04:11,0
14:04:12,0
14:04:13,0
14:04:14,0
14:04:15,0
14:04:16,0
14:04:17,0
14:04:18,0
14:04:19,0
14:04:20,0
14:04:21,1
14:04:22,0
14:04:23,0
14:04:24,0
14:04:25,0
14:04:26,0
14:04:27,0
14:04:28,1
14:04:29,0
14:04:30,0
14:04:31,1
14:04:32,0
14:04:33,0
14:04:34,0
14:04:35,0
14:04:36,0
14:04:37,0
14:04:38,0
14:04:39,0
14:04:40,0
14:04:41,0
14:04:42,0
14:04:43,0
14:04:44,0
14:04:45,0
14:04:46,0
14:04:47,0
14:04:48,1
14:04:49,1
14:04:50,2
14:04:51,1
14:04:52,2
14:04:53,2
14:04:54,2
14:04:55,1
14:04:56,2
14:04:57,1
14:04:58,0
14:04:59,0
14:05:00,0
14:05:01,0
14:05:02,0
14:05:03,0
14:05:04,0
14:05:05,0
14:05:06,0
14:05:07,0
14:05:08,0
14:05:09,0
14:05:10,0
14:05:11,0
14:05:12,0
14:05:13,0
14:05:14,0
14:05:15,0
14:05:16,0
14:05:17,0
14:05:18,0
14:05:19,0
14:05:20,0
14:05:21,0
14:05:22,0
14:05:23,0
14:05:24,0
14:05:25,0
14:05:26,0
14:05:27,0
14:05:28,0
14:05:29,0
14:05:30,0
14:05:31,0
14:05:32,0
14:05:33,0
14:05:34,0
14:05:35,0
14:05:36,0
14:05:37,0
14:05:38,0
14:05:39,0
14:05:40,0
14:05:41,0
14:05:42,0
14:05:43,0
14:05:44,0
14:05:45,0
14:05:46,0
14:05:47,0
14:05:48,0
14:05:49,0
14:05:50,0
14:05:51,0
14:05:52,0
14:05:53,0
14:05:54,0
14:05:55,0
14:05:56,0
14:05:57,0
14:05:58,0
14:05:59,0
14:06:00,0
14:06:01,0
14:06:02,0
14:06:03,0
14:06:04,0
14:06:05,0
14:06:06,0
14:06:07,0
14:06:08,0
14:06:09,0
14:06:10,0
14:06:11,0
14:06:12,0
14:06:13,0
14:06:14,0
14:06:15,0
14:06:16,0
14:06:17,0
14:06:18,0
14:06:19,0
14:06:20,0
14:06:21,0
14:06:22,0
14:06:23,0
14:06:24,0
14:06:25,0
14:06:26,0
14:06:27,0
14:06:28,0
14:06:29,0
14:06:30,0
14:06:31,0
14:06:32,0
14:06:33,0
14:06:34,0
14:06:35,0
14:06:36,0
14:06:37,0
14:06:38,0
14:06:39,0
14:06:40,0
14:06:41,0
14:06:42,0
14:06:43,0
14:06:44,0
14:06:45,0
14:06:46,0
14:06:47,0
14:06:48,0
14:06:49,2
14:06:50,1
14:06:51,1
14:06:52,0
14:06:53,0
14:06:54,0
14:06:55,0
14:06:56,0
14:06:57,0
14:06:58,0
14:06:59,0
14:07:00,0
14:07:01,0
14:07:02,0
14:07:03,1
14:07:04,1
14:07:05,1
14:07:06,0
14:07:07,0
14:07:08,0
14:07:09,0
14:07:10,0
14:07:11,0
14:07:12,0
14:07:13,0
14:07:14,2
14:07:15,0
14:07:16,0
14:07:17,1
14:07:18,1
14:07:19,0
14:07:20,0
14:07:21,0
14:07:22,0
14:07:23,0
14:07:24,0
14:07:25,0
14:07:26,0
14:07:27,0
14:07:28,0
14:07:29,0
14:07:30,0
14:07:31,0
14:07:32,0
14:07:33,0
14:07:34,0
14:07:35,0
14:07:36,0
14:07:37,0
14:07:38,0
14:07:39,0
14:07:40,0
14:07:41,0
14:07:42,0
14:07:43,0
14:07:44,0
14:07:45,0
14:07:46,0
14:07:47,0
14:07:48,0
14:07:49,0
14:07:50,0
14:07:51,0
14:07:52,0
14:07:53,0
14:07:54,0
14:07:55,0
14:07:56,0
14:07:57,0
14:07:58,0
14:07:59,1
14:08:00,1
14:08:01,0
14:08:02,0
14:08:03,0
14:08:04,0
14:08:05,0
14:08:06,0
14:08:07,0
14:08:08,0
14:08:09,0
14:08:10,0
14:08:11,0
14:08:12,1
14:08:13,1
14:08:14,2
14:08:15,2
14:08:16,1
14:08:17,2
14:08:18,2
14:08:19,2
14:08:20,2
14:08:21,0
14:08:22,0
14:08:23,0
14:08:24,2
14:08:25,1
14:08:26,1
14:08:27,1
14:08:28,0
14:08:29,1
14:08:30,0
14:08:31,0
14:08:32,0
14:08:33,0
14:08:34,0
14:08:35,0
14:08:36,0
14:08:37,0
14:08:38,0
14:08:39,0
14:08:40,0
14:08:41,0
14:08:42,1
14:08:43,0
14:08:44,0
14:08:45,1
14:08:46,0
14:08:47,0
14:08:48,0
14:08:49,0
14:08:50,1
14:08:51,0
14:08:52,0
14:08:53,0
14:08:54,0
14:08:55,0
14:08:56,0
14:08:57,0
14:08:58,1
14:08:59,0
14:09:00,0
14:09:01,0
14:09:02,0
14:09:03,0
14:09:04,0
14:09:05,0
14:09:06,0
14:09:07,0
14:09:08,0
14:09:09,1
14:09:10,0
14:09:11,0
14:09:12,0
14:09:13,0
14:09:14,0
14:09:15,0
14:09:16,0
14:09:17,0
14:09:18,0
14:09:19,0
14:09:20,0
14:09:21,0
14:09:22,0
14:09:23,1
14:09:24,0
14:09:25,0
14:09:26,0
14:09:27,0
14:09:28,0
14:09:29,2
14:09:30,0
14:09:31,0
14:09:32,0
14:09:33,0
14:09:34,0
14:09:35,0
14:09:36,0
14:09:37,0
14:09:38,0
14:09:39,0
14:09:40,0
14:09:41,0
14:09:42,1
14:09:43,0
14:09:44,0
14:09:45,0
14:09:46,0
14:09:47,0
14:09:48,0
14:09:49,0
14:09:50,0
14:09:51,0
14:09:52,0
14:09:53,0
14:09:54,0
14:09:55,0
14:09:56,0
14:09:57,0
14:09:58,0
14:09:59,0
14:10:00,0
14:10:01,0
14:10:02,0
14:10:03,0
14:10:04,0
14:10:05,0
14:10:06,0
14:10:07,0
14:10:08,0
14:10:09,0
14:10:10,0
14:10:11,0
14:10:12,0
14:10:13,0
14:10:14,1
14:10:15,0
14:10:16,0
14:10:17,0
14:10:18,0
14:10:19,0
14:10:20,0
14:10:21,0
14:10:22,0
14:10:23,0
14:10:24,0
14:10:25,0
14:10:26,0
14:10:27,0
14:10:28,0
14:10:29,0
14:10:30,0
14:10:31,0
14:10:32,0
14:10:33,0
14:10:34,0
14:10:35,0
14:10:36,0
14:10:37,0
14:10:38,0
14:10:39,1
14:10:40,1
14:10:41,0
14:10:42,0
14:10:43,0
14:10:44,0
14:10:45,0
14:10:46,0
14:10:47,0
14:10:48,0
14:10:49,0
14:10:50,0
14:10:51,0
14:10:52,0
14:10:53,0
14:10:54,1
14:10:55,0
14:10:56,0
14:10:57,0
14:10:58,0
14:10:59,0
14:11:00,0
14:11:01,0
14:11:02,0
14:11:03,0
14:11:04,0
14:11:05,0
14:11:06,0
14:11:07,0
14:11:08,0
14:11:09,0
14:11:10,0
14:11:11,0
14:11:12,0
14:11:13,0
14:11:14,0
14:11:15,0
14:11:16,0
14:11:17,0
14:11:18,0
14:11:19,0
14:11:20,0
14:11:21,0
14:11:22,1
14:11:23,0
14:11:24,0
14:11:25,1
14:11:26,0
14:11:27,0
14:11:28,0
14:11:29,0
14:11:30,0
14:11:31,0
14:11:32,0
14:11:33,0
14:11:34,0
14:11:35,0
14:11:36,0
14:11:37,0
14:11:38,0
14:11:39,0
14:11:40,0
14:11:41,0
14:11:42,0
14:11:43,0
14:11:44,1
14:11:45,0
14:11:46,0
14:11:47,0
14:11:48,0
14:11:49,0
14:11:50,0
14:11:51,0
14:11:52,0
14:11:53,0
14:11:54,0
14:11:55,0
14:11:56,1
14:11:57,0
14:11:58,0
14:11:59,0
14:12:00,0
14:12:01,0
14:12:02,0
14:12:03,0
14:12:04,1
14:12:05,1
14:12:06,0
14:12:07,0
14:12:08,1
14:12:09,0
14:12:10,0
14:12:11,0
14:12:12,0
14:12:13,0
14:12:14,0
14:12:15,0
14:12:16,0
14:12:17,0
14:12:18,0
14:12:19,0
14:12:20,0
14:12:21,0
14:12:22,0
14:12:23,0
14:12:24,0
14:12:25,0
14:12:26,0
14:12:27,0
14:12:28,0
14:12:29,0
14:12:30,0
14:12:31,0
14:12:32,1
14:12:33,0
14:12:34,0
14:12:35,0
14:12:36,0
14:12:37,0
14:12:38,0
14:12:39,0
14:12:40,0
14:12:41,0
14:12:42,0
14:12:43,0
14:12:44,0
14:12:45,0
14:12:46,0
14:12:47,0
14:12:48,0
14:12:49,0
14:12:50,0
14:12:51,0
14:12:52,0
14:12:53,0
14:12:54,0
14:12:55,0
14:12:56,0
14:12:57,0
14:12:58,0
14:12:59,0
14:13:00,0
14:13:01,0
14:13:02,0
14:13:03,0
14:13:04,0
14:13:05,0
14:13:06,0
14:13:07,0
14:13:08,0
14:13:09,0
14:13:10,0
14:13:11,0
14:13:12,0
14:13:13,0
14:13:14,0
14:13:15,0
14:13:16,0
14:13:17,0
14:13:18,0
14:13:19,0
14:13:20,0
14:13:21,0
14:13:22,0
14:13:23,0
14:13:24,0
14:13:25,0
14:13:26,0
14:13:27,0
14:13:28,0
14:13:29,0
14:13:30,0
14:13:31,0
14:13:32,0
14:13:33,0
14:13:34,0
14:13:35,0
14:13:36,0
14:13:37,0
14:13:38,0
14:13:39,1
14:13:40,0
14:13:41,0
14:13:42,0
14:13:43,0
14:13:44,0
14:13:45,0
14:13:46,0
14:13:47,0
14:13:48,0
14:13:49,0
14:13:50,0
14:13:51,0
14:13:52,0
14:13:53,0
14:13:54,0
14:13:55,0
14:13:56,1
14:13:57,0
14:13:58,0
14:13:59,1
14:14:00,0
14:14:01,0
14:14:02,0
14:14:03,0
14:14:04,0
14:14:05,0
14:14:06,0
14:14:07,0
14:14:08,0
14:14:09,0
14:14:10,0
14:14:11,0
14:14:12,0
14:14:13,0
14:14:14,0
14:14:15,0
14:14:16,0
14:14:17,0
14:14:18,0
14:14:19,0
14:14:20,0
14:14:21,0
14:14:22,0
14:14:23,0
14:14:24,0
14:14:25,0
14:14:26,0
14:14:27,0
14:14:28,0
14:14:29,0
14:14:30,0
14:14:31,0
14:14:32,0
14:14:33,0
14:14:34,1
14:14:35,0
14:14:36,0
14:14:37,0
14:14:38,2
14:14:39,0
14:14:40,1
14:14:41,0
14:14:42,0
14:14:43,0
14:14:44,0
14:14:45,0
14:14:46,0
14:14:47,0
14:14:48,0
14:14:49,0
14:14:50,0
14:14:51,0
14:14:52,0
14:14:53,0
14:14:54,0
14:14:55,1
14:14:56,2
14:14:57,1
14:14:58,0
14:14:59,0
14:15:00,0
14:15:01,0
14:15:02,0
14:15:03,0
14:15:04,0
14:15:05,0
14:15:06,0
14:15:07,0
14:15:08,0
14:15:09,0
14:15:10,0
14:15:11,0
14:15:12,0
14:15:13,0
14:15:14,0
14:15:15,0
14:15:16,0
14:15:17,0
14:15:18,0
14:15:19,0
14:15:20,0
14:15:21,0
14:15:22,0
14:15:23,0
14:15:24,0
14:15:25,0
14:15:26,0
14:15:27,0
14:15:28,0
14:15:29,0
14:15:30,0
14:15:31,0
14:15:32,0
14:15:33,0
14:15:34,0
14:15:35,0
14:15:36,0
14:15:37,0
14:15:38,0
14:15:39,1
14:15:40,0
14:15:41,2
14:15:42,1
14:15:43,1
14:15:44,0
14:15:45,1
14:15:46,1
14:15:47,0
14:15:48,0
14:15:49,0
14:15:50,2
14:15:51,1
14:15:52,1
14:15:53,0
14:15:54,0
14:15:55,1
14:15:56,2
14:15:57,2
14:15:58,1
14:15:59,1
14:16:00,0
14:16:01,0
14:16:02,0
14:16:03,1
14:16:04,0
14:16:05,1
14:16:06,0
14:16:07,0
14:16:08,0
14:16:09,0
14:16:10,1
14:16:11,0
14:16:12,0
14:16:13,0
14:16:14,0
14:16:15,0
14:16:16,0
14:16:17,0
14:16:18,0
14:16:19,0
14:16:20,0
14:16:21,0
14:16:22,1
14:16:23,0
14:16:24,0
14:16:25,0
14:16:26,0
14:16:27,0
14:16:28,0
14:16:29,0
14:16:30,0
14:16:31,0
14:16:32,0
14:16:33,0
14:16:34,0
14:16:35,0
14:16:36,0
14:16:37,0
14:16:38,0
14:16:39,0
14:16:40,0
14:16:41,0
14:16:42,0
14:16:43,0
14:16:44,0
14:16:45,0
14:16:46,0
14:16:47,0
14:16:48,0
14:16:49,0
14:16:50,0
14:16:51,0
14:16:52,0
14:16:53,0
14:16:54,0
14:16:55,0
14:16:56,0
14:16:57,0
14:16:58,0
14:16:59,0
14:17:00,0
14:17:01,0
14:17:02,0
14:17:03,0
14:17:04,0
14:17:05,0
14:17:06,0
14:17:07,0
14:17:08,0
14:17:09,0
14:17:10,0
14:17:11,0
14:17:12,0
14:17:13,0
14:17:14,0
14:17:15,0
14:17:16,0
14:17:17,0
14:17:18,0
14:17:19,0
14:17:20,0
14:17:21,0
14:17:22,0
14:17:23,0
14:17:24,0
14:17:25,0
14:17:26,0
14:17:27,0
14:17:28,0
14:17:29,1
14:17:30,0
14:17:31,0
14:17:32,0
14:17:33,0
14:17:34,0
14:17:35,0
14:17:36,0
14:17:37,0
14:17:38,0
14:17:39,0
14:17:40,0
14:17:41,0
14:17:42,0
14:17:43,0
14:17:44,0
14:17:45,0
14:17:46,0
14:17:47,0
14:17:48,0
14:17:49,0
14:17:50,0
14:17:51,0
14:17:52,0
14:17:53,1
14:17:54,0
14:17:55,0
14:17:56,0
14:17:57,0
14:17:58,0
14:17:59,0
14:18:00,0
14:18:01,0
14:18:02,0
14:18:03,0
14:18:04,0
14:18:05,0
14:18:06,0
14:18:07,0
14:18:08,1
14:18:09,0
14:18:10,0
14:18:11,0
14:18:12,0
14:18:13,0
14:18:14,0
14:18:15,0
14:18:16,0
14:18:17,0
14:18:18,0
14:18:19,0
14:18:20,0
14:18:21,0
14:18:22,1
14:18:23,0
14:18:24,0
14:18:25,0
14:18:26,0
14:18:27,0
14:18:28,0
14:18:29,0
14:18:30,0
14:18:31,0
14:18:32,0
14:18:33,0
14:18:34,0
14:18:35,0
14:18:36,0
14:18:37,1
14:18:38,1
14:18:39,1
14:18:40,0
14:18:41,0
14:18:42,0
14:18:43,1
14:18:44,0
14:18:45,1
14:18:46,1
14:18:47,0
14:18:48,0
14:18:49,1
14:18:50,0
14:18:51,1
14:18:52,0
14:18:53,1
14:18:54,0
14:18:55,0
14:18:56,1
14:18:57,0
14:18:58,0
14:18:59,0
14:19:00,1
14:19:01,0
14:19:02,0
14:19:03,0
14:19:04,0
14:19:05,0
14:19:06,1
14:19:07,0
14:19:08,0
14:19:09,0
14:19:10,1
14:19:11,0
14:19:12,0
14:19:13,0
14:19:14,0
14:19:15,0
14:19:16,0
14:19:17,0
14:19:18,0
14:19:19,0
14:19:20,0
14:19:21,0
14:19:22,0
14:19:23,0
14:19:24,1
14:19:25,0
14:19:26,0
14:19:27,0
14:19:28,0
14:19:29,0
14:19:30,0
14:19:31,0
14:19:32,0
14:19:33,0
14:19:34,0
14:19:35,0
14:19:36,1
14:19:37,0
14:19:38,1
14:19:39,1
14:19:40,0
14:19:41,0
14:19:42,0
14:19:43,0
14:19:44,0
14:19:45,0
14:19:46,0
14:19:47,2
14:19:48,0
14:19:49,1
14:19:50,0
14:19:51,1
14:19:52,0
14:19:53,0
14:19:54,1
14:19:55,0
14:19:56,1
14:19:57,0
14:19:58,1
14:19:59,0
14:20:00,1
14:20:01,0
14:20:02,0
14:20:03,0
14:20:04,0
14:20:05,1
14:20:06,0
14:20:07,0
14:20:08,0
14:20:09,0
14:20:10,0
14:20:11,0
14:20:12,1
14:20:13,1
14:20:14,0
14:20:15,1
14:20:16,0
14:20:17,0
14:20:18,0
14:20:19,0
14:20:20,0
14:20:21,0
14:20:22,0
14:20:23,1
14:20:24,0
14:20:25,0
14:20:26,0
14:20:27,0
14:20:28,0
14:20:29,0
14:20:30,0
14:20:31,0
14:20:32,0
14:20:33,0
14:20:34,0
14:20:35,0
14:20:36,0
14:20:37,0
14:20:38,0
14:20:39,0
14:20:40,0
14:20:41,0
14:20:42,0
14:20:43,0
14:20:44,1
14:20:45,0
14:20:46,0
14:20:47,1
14:20:48,0
14:20:49,0
14:20:50,0
14:20:51,0
14:20:52,0
14:20:53,0
14:20:54,0
14:20:55,0
14:20:56,1
14:20:57,0
14:20:58,0
14:20:59,0
14:21:00,0
14:21:01,0
14:21:02,0
14:21:03,0
14:21:04,1
14:21:05,1
14:21:06,0
14:21:07,0
14:21:08,0
14:21:09,1
14:21:10,0
14:21:11,1
14:21:12,0
14:21:13,0
14:21:14,0
14:21:15,0
14:21:16,0
14:21:17,0
14:21:18,0
14:21:19,0
14:21:20,0
14:21:21,0
14:21:22,0
14:21:23,0
14:21:24,0
14:21:25,0
14:21:26,0
14:21:27,0
14:21:28,0
14:21:29,0
14:21:30,0
14:21:31,0
14:21:32,0
14:21:33,0
14:21:34,0
14:21:35,0
14:21:36,0
14:21:37,0
14:21:38,1
14:21:39,0
14:21:40,0
14:21:41,0
14:21:42,0
14:21:43,0
14:21:44,0
14:21:45,0
14:21:46,0
14:21:47,0
14:21:48,0
14:21:49,0
14:21:50,0
14:21:51,0
14:21:52,0
14:21:53,1
14:21:54,0
14:21:55,0
14:21:56,0
14:21:57,1
14:21:58,0
14:21:59,0
14:22:00,0
14:22:01,1
14:22:02,0
14:22:03,1
14:22:04,0
14:22:05,0
14:22:06,0
14:22:07,0
14:22:08,0
14:22:09,0
14:22:10,0
14:22:11,0
14:22:12,0
14:22:13,0
14:22:14,0
14:22:15,0
14:22:16,0
14:22:17,1
14:22:18,1
14:22:19,1
14:22:20,0
14:22:21,0
14:22:22,0
14:22:23,0
14:22:24,0
14:22:25,0
14:22:26,0
14:22:27,0
14:22:28,0
14:22:29,0
14:22:30,0
14:22:31,0
14:22:32,0
14:22:33,0
14:22:34,1
14:22:35,1
14:22:36,2
14:22:37,2
14:22:38,1
14:22:39,0
14:22:40,2
14:22:41,0
14:22:42,0
14:22:43,0
14:22:44,1
14:22:45,1
14:22:46,1
14:22:47,0
14:22:48,1
14:22:49,2
14:22:50,1
14:22:51,2
14:22:52,0
14:22:53,1
14:22:54,0
14:22:55,1
14:22:56,1
14:22:57,1
14:22:58,0
14:22:59,2
14:23:00,0
14:23:01,1
14:23:02,1
14:23:03,0
14:23:04,1
14:23:05,2
14:23:06,2
14:23:07,0
14:23:08,1
14:23:09,0
14:23:10,1
14:23:11,1
14:23:12,2
14:23:13,1
14:23:14,1
14:23:15,0
14:23:16,1
14:23:17,0
14:23:18,1
14:23:19,1
14:23:20,1
14:23:21,0
14:23:22,1
14:23:23,0
14:23:24,1
14:23:25,1
14:23:26,0
14:23:27,0
14:23:28,1
14:23:29,0
14:23:30,0
14:23:31,0
14:23:32,0
14:23:33,0
14:23:34,0
14:23:35,0
14:23:36,0
14:23:37,1
14:23:38,0
14:23:39,2
14:23:40,0
14:23:41,1
14:23:42,0
14:23:43,0
14:23:44,1
14:23:45,1
14:23:46,0
14:23:47,1
14:23:48,0
14:23:49,0
14:23:50,0
14:23:51,0
14:23:52,0
14:23:53,1
14:23:54,1
14:23:55,0
14:23:56,0
14:23:57,1
14:23:58,0
14:23:59,0
14:24:00,0
14:24:01,0
14:24:02,0
14:24:03,0
14:24:04,0
14:24:05,0
14:24:06,0
14:24:07,0
14:24:08,0
14:24:09,1
14:24:10,0
14:24:11,0
14:24:12,0
14:24:13,0
14:24:14,0
14:24:15,0
14:24:16,0
14:24:17,0
14:24:18,0
14:24:19,0
14:24:20,0
14:24:21,1
14:24:22,1
14:24:23,0
14:24:24,1
14:24:25,0
14:24:26,0
14:24:27,0
14:24:28,0
14:24:29,0
14:24:30,0
14:24:31,0
14:24:32,0
14:24:33,0
14:24:34,0
14:24:35,0
14:24:36,0
14:24:37,0
14:24:38,0
14:24:39,0
14:24:40,0
14:24:41,0
14:24:42,0
14:24:43,0
14:24:44,1
14:24:45,0
14:24:46,0
14:24:47,0
14:24:48,0
14:24:49,0
14:24:50,0
14:24:51,0
14:24:52,0
14:24:53,0
14:24:54,0
14:24:55,0
14:24:56,0
14:24:57,0
14:24:58,0
14:24:59,0
14:25:00,0
14:25:01,0
14:25:02,0
14:25:03,0
14:25:04,0
14:25:05,0
14:25:06,0
14:25:07,0
14:25:08,0
14:25:09,0
14:25:10,0
14:25:11,0
14:25:12,0
14:25:13,0
14:25:14,0
14:25:15,1
14:25:16,0
14:25:17,0
14:25:18,0
14:25:19,0
14:25:20,1
14:25:21,0
14:25:22,0
14:25:23,0
14:25:24,0
14:25:25,0
14:25:26,0
14:25:27,0
14:25:28,0
14:25:29,0
14:25:30,0
14:25:31,0
14:25:32,0
14:25:33,0
14:25:34,0
14:25:35,0
14:25:36,0
14:25:37,0
14:25:38,0
14:25:39,0
14:25:40,0
14:25:41,0
14:25:42,0
14:25:43,1
14:25:44,0
14:25:45,0
14:25:46,0
14:25:47,0
14:25:48,0
14:25:49,0
14:25:50,0
14:25:51,0
14:25:52,0
14:25:53,0
14:25:54,0
14:25:55,0
14:25:56,0
14:25:57,0
14:25:58,0
14:25:59,0
14:26:00,0
14:26:01,0
14:26:02,0
14:26:03,0
14:26:04,0
14:26:05,0
14:26:06,0
14:26:07,0
14:26:08,0
14:26:09,0
14:26:10,0
14:26:11,0
14:26:12,1
14:26:13,0
14:26:14,1
14:26:15,0
14:26:16,0
14:26:17,0
14:26:18,0
14:26:19,0
14:26:20,0
14:26:21,0
14:26:22,0
14:26:23,0
14:26:24,0
14:26:25,0
14:26:26,0
14:26:27,0
14:26:28,0
14:26:29,0
14:26:30,0
14:26:31,0
14:26:32,0
14:26:33,0
14:26:34,1
14:26:35,0
14:26:36,0
14:26:37,0
14:26:38,0
14:26:39,0
14:26:40,0
14:26:41,0
14:26:42,0
14:26:43,0
14:26:44,0
14:26:45,0
14:26:46,0
14:26:47,0
14:26:48,0
14:26:49,0
14:26:50,0
14:26:51,0
14:26:52,0
14:26:53,0
14:26:54,0
14:26:55,0
14:26:56,0
14:26:57,0
14:26:58,0
14:26:59,0
14:27:00,0
14:27:01,0
14:27:02,0
14:27:03,0
14:27:04,0
14:27:05,1
14:27:06,0
14:27:07,0
14:27:08,0
14:27:09,1
14:27:10,0
14:27:11,0
14:27:12,0
14:27:13,0
14:27:14,0
14:27:15,0
14:27:16,0
14:27:17,0
14:27:18,0
14:27:19,0
14:27:20,0
14:27:21,0
14:27:22,0
14:27:23,0
14:27:24,0
14:27:25,0
14:27:26,0
14:27:27,0
14:27:28,0
14:27:29,0
14:27:30,0
14:27:31,0
14:27:32,0
14:27:33,0
14:27:34,0
14:27:35,0
14:27:36,0
14:27:37,0
14:27:38,1
14:27:39,0
14:27:40,1
14:27:41,0
14:27:42,0
14:27:43,0
14:27:44,1
14:27:45,0
14:27:46,0
14:27:47,0
14:27:48,0
14:27:49,0
14:27:50,0
14:27:51,0
14:27:52,0
14:27:53,0
14:27:54,0
14:27:55,0
14:27:56,0
14:27:57,0
14:27:58,0
14:27:59,0
14:28:00,0
14:28:01,0
14:28:02,0
14:28:03,0
14:28:04,0
14:28:05,0
14:28:06,0
14:28:07,0
14:28:08,0
14:28:09,0
14:28:10,0
14:28:11,0
14:28:12,0
14:28:13,0
14:28:14,0
14:28:15,0
14:28:16,0
14:28:17,0
14:28:18,0
14:28:19,1
14:28:20,0
14:28:21,0
14:28:22,0
14:28:23,0
14:28:24,0
14:28:25,0
14:28:26,0
14:28:27,0
14:28:28,0
14:28:29,0
14:28:30,0
14:28:31,0
14:28:32,0
14:28:33,0
14:28:34,0
14:28:35,0
14:28:36,0
14:28:37,0
14:28:38,0
14:28:39,0
14:28:40,0
14:28:41,0
14:28:42,0
14:28:43,0
14:28:44,0
14:28:45,0
14:28:46,0
14:28:47,0
14:28:48,1
14:28:49,0
14:28:50,0
14:28:51,1
14:28:52,0
14:28:53,0
14:28:54,0
14:28:55,1
14:28:56,0
14:28:57,0
14:28:58,0
14:28:59,0
14:29:00,0
14:29:01,0
14:29:02,0
14:29:03,0
14:29:04,1
14:29:05,0
14:29:06,0
14:29:07,0
14:29:08,0
14:29:09,0
14:29:10,1
14:29:11,0
14:29:12,0
14:29:13,0
14:29:14,1
14:29:15,0
14:29:16,0
14:29:17,0
14:29:18,0
14:29:19,0
14:29:20,0
14:29:21,0
14:29:22,1
14:29:23,0
14:29:24,0
14:29:25,0
14:29:26,0
14:29:27,0
14:29:28,0
14:29:29,0
14:29:30,0
14:29:31,0
14:29:32,0
14:29:33,0
14:29:34,0
14:29:35,0
14:29:36,0
14:29:37,0
14:29:38,0
14:29:39,0
14:29:40,0
14:29:41,0
14:29:42,0
14:29:43,0
14:29:44,0
14:29:45,0
14:29:46,0
14:29:47,0
14:29:48,0
14:29:49,0
14:29:50,0
14:29:51,0
14:29:52,0
14:29:53,0
14:29:54,0
14:29:55,0
14:29:56,0
14:29:57,0
14:29:58,0
14:29:59,0
14:30:00,0
14:30:01,0
14:30:02,0
14:30:03,0
14:30:04,0
14:30:05,0
14:30:06,0
14:30:07,0
14:30:08,0
14:30:09,0
14:30:10,1
14:30:11,0
14:30:12,0
14:30:13,0
14:30:14,0
14:30:15,0
14:30:16,0
14:30:17,0
14:30:18,0
14:30:19,0
14:30:20,0
14:30:21,0
14:30:22,0
14:30:23,0
14:30:24,0
14:30:25,0
14:30:26,0
14:30:27,0
14:30:28,0
14:30:29,0
14:30:30,1
14:30:31,0
14:30:32,0
14:30:33,0
14:30:34,0
14:30:35,0
14:30:36,0
14:30:37,0
14:30:38,0
14:30:39,0
14:30:40,0
14:30:41,0
14:30:42,0
14:30:43,0
14:30:44,0
14:30:45,0
14:30:46,0
14:30:47,0
14:30:48,0
14:30:49,0
14:30:50,0
14:30:51,0
14:30:52,0
14:30:53,0
14:30:54,0
14:30:55,0
14:30:56,0
14:30:57,0
14:30:58,0
14:30:59,0
14:31:00,0
14:31:01,0
14:31:02,0
14:31:03,0
14:31:04,1
14:31:05,0
14:31:06,0
14:31:07,0
14:31:08,1
14:31:09,0
14:31:10,0
14:31:11,0
14:31:12,0
14:31:13,0
14:31:14,1
14:31:15,0
14:31:16,0
14:31:17,0
14:31:18,0
14:31:19,1
14:31:20,0
14:31:21,0
14:31:22,0
14:31:23,0
14:31:24,0
14:31:25,0
14:31:26,1
14:31:27,0
14:31:28,0
14:31:29,0
14:31:30,0
14:31:31,0
14:31:32,0
14:31:33,0
14:31:34,1
14:31:35,0
14:31:36,0
14:31:37,0
14:31:38,0
14:31:39,0
14:31:40,0
14:31:41,0
14:31:42,1
14:31:43,0
14:31:44,0
14:31:45,0
14:31:46,0
14:31:47,0
14:31:48,0
14:31:49,0
14:31:50,0
14:31:51,0
14:31:52,0
14:31:53,0
14:31:54,0
14:31:55,0
14:31:56,0
14:31:57,0
14:31:58,0
14:31:59,1
14:32:00,0
14:32:01,1
14:32:02,0
14:32:03,0
14:32:04,0
14:32:05,0
14:32:06,0
14:32:07,0
14:32:08,0
14:32:09,0
14:32:10,0
14:32:11,1
14:32:12,0
14:32:13,0
14:32:14,0
14:32:15,0
14:32:16,0
14:32:17,0
14:32:18,1
14:32:19,0
14:32:20,1
14:32:21,0
14:32:22,0
14:32:23,0
14:32:24,0
14:32:25,0
14:32:26,0
14:32:27,0
14:32:28,0
14:32:29,0
14:32:30,0
14:32:31,1
14:32:32,0
14:32:33,0
14:32:34,0
14:32:35,0
14:32:36,0
14:32:37,0
14:32:38,0
14:32:39,0
14:32:40,0
14:32:41,0
14:32:42,1
14:32:43,0
14:32:44,0
14:32:45,1
14:32:46,0
14:32:47,0
14:32:48,0
14:32:49,0
14:32:50,0
14:32:51,0
14:32:52,0
14:32:53,1
14:32:54,0
14:32:55,0
14:32:56,0
14:32:57,0
14:32:58,0
14:32:59,0
14:33:00,0
14:33:01,0
14:33:02,0
14:33:03,0
14:33:04,1
14:33:05,0
14:33:06,0
14:33:07,0
14:33:08,1
14:33:09,0
14:33:10,2
14:33:11,0
14:33:12,1
14:33:13,1
14:33:14,1
14:33:15,1
14:33:16,1
14:33:17,1
14:33:18,1
14:33:19,1
14:33:20,1
14:33:21,1
14:33:22,2
14:33:23,1
14:33:24,2
14:33:25,1
14:33:26,2
14:33:27,1
14:33:28,0
14:33:29,1
14:33:30,1
14:33:31,0
14:33:32,0
14:33:33,0
14:33:34,0
14:33:35,0
14:33:36,0
14:33:37,1
14:33:38,1
14:33:39,1
14:33:40,1
14:33:41,1
14:33:42,1
14:33:43,1
14:33:44,1
14:33:45,1
14:33:46,1
14:33:47,1
14:33:48,1
14:33:49,2
14:33:50,1
14:33:51,2
14:33:52,1
14:33:53,1
14:33:54,1
14:33:55,1
14:33:56,1
14:33:57,0
14:33:58,0
14:33:59,1
14:34:00,0
14:34:01,0
14:34:02,0
14:34:03,0
14:34:04,1
14:34:05,0
14:34:06,1
14:34:07,0
14:34:08,0
14:34:09,0
14:34:10,0
14:34:11,0
14:34:12,0
14:34:13,0
14:34:14,0
14:34:15,0
14:34:16,0
14:34:17,0
14:34:18,0
14:34:19,0
14:34:20,0
14:34:21,1
14:34:22,0
14:34:23,1
14:34:24,0
14:34:25,1
14:34:26,1
14:34:27,0
14:34:28,1
14:34:29,0
14:34:30,0
14:34:31,0
14:34:32,0
14:34:33,0
14:34:34,0
14:34:35,0
14:34:36,1
14:34:37,0
14:34:38,0
14:34:39,0
14:34:40,0
14:34:41,0
14:34:42,0
14:34:43,0
14:34:44,0
14:34:45,0
14:34:46,0
14:34:47,0
14:34:48,0
14:34:49,0
14:34:50,0
14:34:51,0
14:34:52,0
14:34:53,0
14:34:54,0
14:34:55,1
14:34:56,0
14:34:57,0
14:34:58,0
14:34:59,0
14:35:00,0
14:35:01,1
14:35:02,0
14:35:03,0
14:35:04,1
14:35:05,0
14:35:06,0
14:35:07,0
14:35:08,0
14:35:09,0
14:35:10,0
14:35:11,1
14:35:12,0
14:35:13,0
14:35:14,0
14:35:15,0
14:35:16,0
14:35:17,0
14:35:18,1
14:35:19,0
14:35:20,0
14:35:21,1
14:35:22,0
14:35:23,0
14:35:24,0
14:35:25,0
14:35:26,0
14:35:27,0
14:35:28,0
14:35:29,0
14:35:30,0
14:35:31,0
14:35:32,0
14:35:33,0
14:35:34,0
14:35:35,0
14:35:36,0
14:35:37,0
14:35:38,0
14:35:39,0
14:35:40,0
14:35:41,0
14:35:42,0
14:35:43,0
14:35:44,0
14:35:45,0
14:35:46,0
14:35:47,0
14:35:48,0
14:35:49,1
14:35:50,1
14:35:51,0
14:35:52,0
14:35:53,0
14:35:54,0
14:35:55,0
14:35:56,0
14:35:57,0
14:35:58,0
14:35:59,0
14:36:00,0
14:36:01,0
14:36:02,0
14:36:03,0
14:36:04,0
14:36:05,0
14:36:06,0
14:36:07,0
14:36:08,0
14:36:09,0
14:36:10,0
14:36:11,0
14:36:12,0
14:36:13,0
14:36:14,0
14:36:15,1
14:36:16,0
14:36:17,0
14:36:18,0
14:36:19,0
14:36:20,0
14:36:21,0
14:36:22,0
14:36:23,0
14:36:24,0
14:36:25,0
14:36:26,0
14:36:27,0
14:36:28,0
14:36:29,0
14:36:30,1
14:36:31,1
14:36:32,1
14:36:33,0
14:36:34,0
14:36:35,0
14:36:36,1
14:36:37,0
14:36:38,0
14:36:39,0
14:36:40,1
14:36:41,0
14:36:42,1
14:36:43,0
14:36:44,0
14:36:45,0
14:36:46,0
14:36:47,1
14:36:48,1
14:36:49,1
14:36:50,0
14:36:51,1
14:36:52,1
14:36:53,1
14:36:54,0
14:36:55,1
14:36:56,0
14:36:57,0
14:36:58,0
14:36:59,0
14:37:00,1
14:37:01,0
14:37:02,1
14:37:03,0
14:37:04,0
14:37:05,0
14:37:06,0
14:37:07,0
14:37:08,0
14:37:09,0
14:37:10,0
14:37:11,0
14:37:12,0
14:37:13,0
14:37:14,1
14:37:15,0
14:37:16,1
14:37:17,1
14:37:18,0
14:37:19,1
14:37:20,0
14:37:21,1
14:37:22,1
14:37:23,0
14:37:24,0
14:37:25,0
14:37:26,0
14:37:27,0
14:37:28,1
14:37:29,0
14:37:30,1
14:37:31,0
14:37:32,0
14:37:33,0
14:37:34,0
14:37:35,0
14:37:36,1
14:37:37,0
14:37:38,1
14:37:39,0
14:37:40,0
14:37:41,0
14:37:42,0
14:37:43,0
14:37:44,1
14:37:45,1
14:37:46,0
14:37:47,0
14:37:48,0
14:37:49,0
14:37:50,0
14:37:51,0
14:37:52,0
14:37:53,0
14:37:54,0
14:37:55,0
14:37:56,1
14:37:57,0
14:37:58,0
14:37:59,0
14:38:00,0
14:38:01,0
14:38:02,0
14:38:03,1
14:38:04,0
14:38:05,0
14:38:06,1
14:38:07,0
14:38:08,0
14:38:09,1
14:38:10,0
14:38:11,1
14:38:12,0
14:38:13,1
14:38:14,0
14:38:15,0
14:38:16,1
14:38:17,0
14:38:18,1
14:38:19,1
14:38:20,1
14:38:21,0
14:38:22,0
14:38:23,1
14:38:24,1
14:38:25,0
14:38:26,1
14:38:27,0
14:38:28,0
14:38:29,1
14:38:30,0
14:38:31,0
14:38:32,0
14:38:33,0
14:38:34,0
14:38:35,0
14:38:36,0
14:38:37,1
14:38:38,0
14:38:39,1
14:38:40,0
14:38:41,0
14:38:42,0
14:38:43,0
14:38:44,0
14:38:45,0
14:38:46,0
14:38:47,0
14:38:48,1
14:38:49,0
14:38:50,0
14:38:51,0
14:38:52,1
14:38:53,0
14:38:54,0
14:38:55,1
14:38:56,0
14:38:57,1
14:38:58,0
14:38:59,0
14:39:00,1
14:39:01,0
14:39:02,1
14:39:03,0
14:39:04,0
14:39:05,0
14:39:06,0
14:39:07,0
14:39:08,0
14:39:09,1
14:39:10,0
14:39:11,0
14:39:12,0
14:39:13,0
14:39:14,0
14:39:15,0
14:39:16,0
14:39:17,1
14:39:18,0
14:39:19,1
14:39:20,0
14:39:21,1
14:39:22,0
14:39:23,0
14:39:24,1
14:39:25,0
14:39:26,0
14:39:27,0
14:39:28,0
14:39:29,0
14:39:30,0
14:39:31,0
14:39:32,0
14:39:33,0
14:39:34,0
14:39:35,0
14:39:36,0
14:39:37,0
14:39:38,0
14:39:39,0
14:39:40,0
14:39:41,0
14:39:42,0
14:39:43,0
14:39:44,0
14:39:45,0
14:39:46,0
14:39:47,0
14:39:48,0
14:39:49,0
14:39:50,0
14:39:51,0
14:39:52,0
14:39:53,0
14:39:54,0
14:39:55,0
14:39:56,0
14:39:57,0
14:39:58,0
14:39:59,0
14:40:00,0
14:40:01,0
14:40:02,0
14:40:03,0
14:40:04,0
14:40:05,0
14:40:06,0
14:40:07,0
14:40:08,0
14:40:09,0
14:40:10,0
14:40:11,0
14:40:12,0
14:40:13,0
14:40:14,0
14:40:15,0
14:40:16,0
14:40:17,0
14:40:18,0
14:40:19,0
14:40:20,0
14:40:21,0
14:40:22,0
14:40:23,0
14:40:24,0
14:40:25,0
14:40:26,0
14:40:27,0
14:40:28,0
14:40:29,0
14:40:30,0
14:40:31,0
14:40:32,0
14:40:33,0
14:40:34,0
14:40:35,0
14:40:36,0
14:40:37,0
14:40:38,0
14:40:39,0
14:40:40,0
14:40:41,0
14:40:42,0
14:40:43,0
14:40:44,0
14:40:45,0
14:40:46,0
14:40:47,0
14:40:48,0
14:40:49,0
14:40:50,0
14:40:51,0
14:40:52,0
14:40:53,0
14:40:54,0
14:40:55,0
14:40:56,0
14:40:57,0
14:40:58,0
14:40:59,0
14:41:00,0
14:41:01,0
14:41:02,0
14:41:03,0
14:41:04,0
14:41:05,0
14:41:06,0
14:41:07,0
14:41:08,0
14:41:09,0
14:41:10,0
14:41:11,0
14:41:12,0
14:41:13,0
14:41:14,0
14:41:15,0
14:41:16,0
14:41:17,0
14:41:18,0
14:41:19,0
14:41:20,0
14:41:21,0
14:41:22,0
14:41:23,0
14:41:24,0
14:41:25,0
14:41:26,0
14:41:27,0
14:41:28,0
14:41:29,0
14:41:30,0
14:41:31,0
14:41:32,0
14:41:33,0
14:41:34,0
14:41:35,0
14:41:36,0
14:41:37,0
14:41:38,0
14:41:39,0
14:41:40,0
14:41:41,0
14:41:42,0
14:41:43,0
14:41:44,0
14:41:45,0
14:41:46,1
14:41:47,1
14:41:48,0
14:41:49,1
14:41:50,0
14:41:51,1
14:41:52,1
14:41:53,1
14:41:54,0
14:41:55,0
14:41:56,1
14:41:57,0
14:41:58,0
14:41:59,0
14:42:00,0
14:42:01,0
14:42:02,0
14:42:03,0
14:42:04,0
14:42:05,0
14:42:06,0
14:42:07,0
14:42:08,0
14:42:09,0
14:42:10,0
14:42:11,0
14:42:12,0
14:42:13,0
14:42:14,0
14:42:15,0
14:42:16,1
14:42:17,1
14:42:18,1
14:42:19,1
14:42:20,1
14:42:21,0
14:42:22,1
14:42:23,1
14:42:24,0
14:42:25,0
14:42:26,0
14:42:27,0
14:42:28,0
14:42:29,0
14:42:30,0
14:42:31,1
14:42:32,0
14:42:33,0
14:42:34,0
14:42:35,0
14:42:36,0
14:42:37,0
14:42:38,0
14:42:39,1
14:42:40,0
14:42:41,0
14:42:42,0
14:42:43,0
14:42:44,0
14:42:45,0
14:42:46,0
14:42:47,0
14:42:48,0
14:42:49,0
14:42:50,0
14:42:51,0
14:42:52,0
14:42:53,0
14:42:54,1
14:42:55,0
14:42:56,0
14:42:57,0
14:42:58,0
14:42:59,0
14:43:00,0
14:43:01,0
14:43:02,1
14:43:03,0
14:43:04,0
14:43:05,0
14:43:06,0
14:43:07,0
14:43:08,0
14:43:09,0
14:43:10,0
14:43:11,0
14:43:12,1
14:43:13,1
14:43:14,1
14:43:15,2
14:43:16,1
14:43:17,2
14:43:18,1
14:43:19,2
14:43:20,1
14:43:21,2
14:43:22,2
14:43:23,1
14:43:24,2
14:43:25,1
14:43:26,1
14:43:27,2
14:43:28,1
14:43:29,1
14:43:30,0
14:43:31,1
14:43:32,2
14:43:33,1
14:43:34,2
14:43:35,0
14:43:36,1
14:43:37,0
14:43:38,1
14:43:39,0
14:43:40,0
14:43:41,1
14:43:42,0
14:43:43,0
14:43:44,0
14:43:45,1
14:43:46,0
14:43:47,1
14:43:48,1
14:43:49,2
14:43:50,1
14:43:51,0
14:43:52,1
14:43:53,1
14:43:54,0
14:43:55,1
14:43:56,1
14:43:57,0
14:43:58,1
14:43:59,1
14:44:00,0
14:44:01,1
14:44:02,0
14:44:03,0
14:44:04,0
14:44:05,0
14:44:06,0
14:44:07,0
14:44:08,0
14:44:09,0
14:44:10,0
14:44:11,0
14:44:12,0
14:44:13,0
14:44:14,0
14:44:15,0
14:44:16,0
14:44:17,1
14:44:18,0
14:44:19,0
14:44:20,0
14:44:21,0
14:44:22,0
14:44:23,1
14:44:24,1
14:44:25,0
14:44:26,0
14:44:27,0
14:44:28,0
14:44:29,1
14:44:30,0
14:44:31,1
14:44:32,2
14:44:33,1
14:44:34,0
14:44:35,1
14:44:36,1
14:44:37,1
14:44:38,2
14:44:39,1
14:44:40,1
14:44:41,2
14:44:42,1
14:44:43,1
14:44:44,1
14:44:45,1
14:44:46,2
14:44:47,1
14:44:48,2
14:44:49,2
14:44:50,0
14:44:51,1
14:44:52,1
14:44:53,1
14:44:54,0
14:44:55,0
14:44:56,0
14:44:57,0
14:44:58,0
14:44:59,0
14:45:00,0
14:45:01,0
14:45:02,0
14:45:03,0
14:45:04,0
14:45:05,1
14:45:06,0
14:45:07,0
14:45:08,0
14:45:09,0
14:45:10,0
14:45:11,0
14:45:12,0
14:45:13,0
14:45:14,1
14:45:15,0
14:45:16,0
14:45:17,0
14:45:18,0
14:45:19,0
14:45:20,0
14:45:21,0
14:45:22,0
14:45:23,0
14:45:24,0
14:45:25,0
14:45:26,0
14:45:27,0
14:45:28,0
14:45:29,0
14:45:30,0
14:45:31,0
14:45:32,0
14:45:33,0
14:45:34,0
14:45:35,0
14:45:36,0
14:45:37,0
14:45:38,0
14:45:39,0
14:45:40,0
14:45:41,0
14:45:42,0
14:45:43,0
14:45:44,0
14:45:45,0
14:45:46,0
14:45:47,0
14:45:48,0
14:45:49,0
14:45:50,0
14:45:51,0
14:45:52,0
14:45:53,0
14:45:54,0
14:45:55,0
14:45:56,0
14:45:57,0
14:45:58,0
14:45:59,0
14:46:00,0
14:46:01,0
14:46:02,1
14:46:03,0
14:46:04,1
14:46:05,0
14:46:06,0
14:46:07,0
14:46:08,0
14:46:09,0
14:46:10,0
14:46:11,0
14:46:12,0
14:46:13,0
14:46:14,0
14:46:15,0
14:46:16,0
14:46:17,0
14:46:18,0
14:46:19,0
14:46:20,0
14:46:21,0
14:46:22,0
14:46:23,0
14:46:24,0
14:46:25,0
14:46:26,0
14:46:27,0
14:46:28,0
14:46:29,0
14:46:30,0
14:46:31,0
14:46:32,0
14:46:33,0
14:46:34,0
14:46:35,0
14:46:36,0
14:46:37,0
14:46:38,0
14:46:39,0
14:46:40,0
14:46:41,0
14:46:42,0
14:46:43,0
14:46:44,0
14:46:45,0
14:46:46,0
14:46:47,0
14:46:48,0
14:46:49,0
14:46:50,1
14:46:51,1
14:46:52,1
14:46:53,2
14:46:54,1
14:46:55,0
14:46:56,1
14:46:57,1
14:46:58,0
14:46:59,1
14:47:00,1
14:47:01,0
14:47:02,0
14:47:03,1
14:47:04,0
14:47:05,1
14:47:06,1
14:47:07,1
14:47:08,0
14:47:09,0
14:47:10,0
14:47:11,0
14:47:12,0
14:47:13,0
14:47:14,0
14:47:15,0
14:47:16,0
14:47:17,0
14:47:18,0
14:47:19,0
14:47:20,0
14:47:21,0
14:47:22,0
14:47:23,0
14:47:24,0
14:47:25,0
14:47:26,0
14:47:27,0
14:47:28,0
14:47:29,0
14:47:30,0
14:47:31,0
14:47:32,0
14:47:33,1
14:47:34,0
14:47:35,0
14:47:36,0
14:47:37,0
14:47:38,0
14:47:39,1
14:47:40,1
14:47:41,0
14:47:42,0
14:47:43,2
14:47:44,0
14:47:45,1
14:47:46,0
14:47:47,1
14:47:48,0
14:47:49,1
14:47:50,1
14:47:51,0
14:47:52,0
14:47:53,0
14:47:54,0
14:47:55,0
14:47:56,0
14:47:57,0
14:47:58,0
14:47:59,0
14:48:00,0
14:48:01,0
14:48:02,0
14:48:03,0
14:48:04,2
14:48:05,0
14:48:06,0
14:48:07,0
14:48:08,0
14:48:09,0
14:48:10,1
14:48:11,1
14:48:12,1
14:48:13,0
14:48:14,1
14:48:15,0
14:48:16,1
14:48:17,1
14:48:18,0
14:48:19,0
14:48:20,0
14:48:21,0
14:48:22,0
14:48:23,0
14:48:24,0
14:48:25,0
14:48:26,0
14:48:27,0
14:48:28,0
14:48:29,0
14:48:30,0
14:48:31,0
14:48:32,0
14:48:33,0
14:48:34,0
14:48:35,0
14:48:36,0
14:48:37,0
14:48:38,0
14:48:39,0
14:48:40,0
14:48:41,1
14:48:42,1
14:48:43,0
14:48:44,1
14:48:45,0
14:48:46,1
14:48:47,1
14:48:48,0
14:48:49,1
14:48:50,0
14:48:51,0
14:48:52,0
14:48:53,0
14:48:54,0
14:48:55,0
14:48:56,0
14:48:57,0
14:48:58,0
14:48:59,1
14:49:00,0
14:49:01,0
14:49:02,0
14:49:03,0
14:49:04,0
14:49:05,0
14:49:06,0
14:49:07,0
14:49:08,0
14:49:09,0
14:49:10,0
14:49:11,0
14:49:12,0
14:49:13,0
14:49:14,0
14:49:15,0
14:49:16,0
14:49:17,0
14:49:18,0
14:49:19,0
14:49:20,0
14:49:21,0
14:49:22,0
14:49:23,0
14:49:24,1
14:49:25,0
14:49:26,0
14:49:27,0
14:49:28,0
14:49:29,0
14:49:30,0
14:49:31,0
14:49:32,0
14:49:33,0
14:49:34,0
14:49:35,0
14:49:36,0
14:49:37,0
14:49:38,0
14:49:39,0
14:49:40,0
14:49:41,0
14:49:42,0
14:49:43,0
14:49:44,0
14:49:45,0
14:49:46,0
14:49:47,0
14:49:48,0
14:49:49,0
14:49:50,0
14:49:51,0
14:49:52,0
14:49:53,0
14:49:54,0
14:49:55,0
14:49:56,0
14:49:57,0
14:49:58,0
14:49:59,0
14:50:00,0
14:50:01,0
14:50:02,0
14:50:03,0
14:50:04,0
14:50:05,0
14:50:06,0
14:50:07,0
14:50:08,0
14:50:09,0
14:50:10,0
14:50:11,0
14:50:12,0
14:50:13,0
14:50:14,0
14:50:15,0
14:50:16,0
14:50:17,0
14:50:18,0
14:50:19,0
14:50:20,0
14:50:21,0
14:50:22,0
14:50:23,0
14:50:24,0
14:50:25,0
14:50:26,0
14:50:27,0
14:50:28,0
14:50:29,0
14:50:30,0
14:50:31,0
14:50:32,0
14:50:33,0
14:50:34,0
14:50:35,0
14:50:36,0
14:50:37,0
14:50:38,0
14:50:39,0
14:50:40,0
14:50:41,0
14:50:42,0
14:50:43,0
14:50:44,0
14:50:45,0
14:50:46,0
14:50:47,0
14:50:48,0
14:50:49,0
14:50:50,0
14:50:51,0
14:50:52,0
14:50:53,0
14:50:54,0
14:50:55,0
14:50:56,0
14:50:57,0
14:50:58,0
14:50:59,0
14:51:00,0
14:51:01,0
14:51:02,0
14:51:03,0
14:51:04,0
14:51:05,0
14:51:06,0
14:51:07,0
14:51:08,0
14:51:09,0
14:51:10,0
14:51:11,0
14:51:12,0
14:51:13,0
14:51:14,1
14:51:15,0
14:51:16,0
14:51:17,0
14:51:18,0
14:51:19,0
14:51:20,0
14:51:21,0
14:51:22,0
14:51:23,0
14:51:24,0
14:51:25,0
14:51:26,0
14:51:27,0
14:51:28,0
14:51:29,0
14:51:30,0
14:51:31,0
14:51:32,0
14:51:33,0
14:51:34,0
14:51:35,0
14:51:36,0
14:51:37,0
14:51:38,0
14:51:39,0
14:51:40,0
14:51:41,0
14:51:42,0
14:51:43,0
14:51:44,0
14:51:45,0
14:51:46,0
14:51:47,0
14:51:48,0
14:51:49,0
14:51:50,0
14:51:51,0
14:51:52,0
14:51:53,0
14:51:54,0
14:51:55,0
14:51:56,0
14:51:57,0
14:51:58,0
14:51:59,0
14:52:00,0
14:52:01,0
14:52:02,0
14:52:03,0
14:52:04,0
14:52:05,0
14:52:06,0
14:52:07,0
14:52:08,0
14:52:09,0
14:52:10,0
14:52:11,1
14:52:12,0
14:52:13,0
14:52:14,0
14:52:15,0
14:52:16,0
14:52:17,0
14:52:18,1
14:52:19,0
14:52:20,0
14:52:21,0
14:52:22,0
14:52:23,0
14:52:24,0
14:52:25,1
14:52:26,0
14:52:27,1
14:52:28,0
14:52:29,0
14:52:30,1
14:52:31,1
14:52:32,0
14:52:33,0
14:52:34,0
14:52:35,0
14:52:36,0
14:52:37,0
14:52:38,0
14:52:39,0
14:52:40,0
14:52:41,0
14:52:42,0
14:52:43,1
14:52:44,0
14:52:45,1
14:52:46,0
14:52:47,0
14:52:48,0
14:52:49,0
14:52:50,0
14:52:51,0
14:52:52,0
14:52:53,0
14:52:54,0
14:52:55,0
14:52:56,0
14:52:57,0
14:52:58,1
14:52:59,0
14:53:00,0
14:53:01,0
14:53:02,0
14:53:03,0
14:53:04,0
14:53:05,0
14:53:06,0
14:53:07,0
14:53:08,0
14:53:09,0
14:53:10,0
14:53:11,0
14:53:12,0
14:53:13,0
14:53:14,0
14:53:15,0
14:53:16,0
14:53:17,0
14:53:18,0
14:53:19,0
14:53:20,0
14:53:21,0
14:53:22,0
14:53:23,0
14:53:24,0
14:53:25,0
14:53:26,0
14:53:27,0
14:53:28,0
14:53:29,0
14:53:30,0
14:53:31,0
14:53:32,0
14:53:33,0
14:53:34,0
14:53:35,0
14:53:36,0
14:53:37,0
14:53:38,0
14:53:39,0
14:53:40,0
14:53:41,1
14:53:42,1
14:53:43,0
14:53:44,0
14:53:45,0
14:53:46,0
14:53:47,0
14:53:48,0
14:53:49,0
14:53:50,0
14:53:51,0
14:53:52,0
14:53:53,0
14:53:54,0
14:53:55,0
14:53:56,0
14:53:57,0
14:53:58,0
14:53:59,0
14:54:00,0
14:54:01,0
14:54:02,0
14:54:03,0
14:54:04,0
14:54:05,0
14:54:06,0
14:54:07,0
14:54:08,0
14:54:09,0
14:54:10,1
14:54:11,0
14:54:12,0
14:54:13,0
14:54:14,0
14:54:15,0
14:54:16,0
14:54:17,0
14:54:18,0
14:54:19,1
14:54:20,0
14:54:21,0
14:54:22,0
14:54:23,0
14:54:24,0
14:54:25,1
14:54:26,0
14:54:27,0
14:54:28,0
14:54:29,0
14:54:30,0
14:54:31,0
14:54:32,0
14:54:33,0
14:54:34,0
14:54:35,0
14:54:36,0
14:54:37,0
14:54:38,1
14:54:39,0
14:54:40,0
14:54:41,0
14:54:42,1
14:54:43,0
14:54:44,0
14:54:45,0
14:54:46,0
14:54:47,0
14:54:48,0
14:54:49,0
14:54:50,0
14:54:51,0
14:54:52,0
14:54:53,0
14:54:54,0
14:54:55,0
14:54:56,0
14:54:57,0
14:54:58,0
14:54:59,0
14:55:00,1
14:55:01,0
14:55:02,1
14:55:03,0
14:55:04,1
14:55:05,1
14:55:06,0
14:55:07,0
14:55:08,0
14:55:09,1
14:55:10,0
14:55:11,0
14:55:12,0
14:55:13,0
14:55:14,0
14:55:15,0
14:55:16,1
14:55:17,0
14:55:18,0
14:55:19,0
14:55:20,0
14:55:21,1
14:55:22,0
14:55:23,1
14:55:24,1
14:55:25,0
14:55:26,1
14:55:27,0
14:55:28,0
14:55:29,1
14:55:30,0
14:55:31,1
14:55:32,1
14:55:33,0
14:55:34,1
14:55:35,1
14:55:36,1
14:55:37,0
14:55:38,1
14:55:39,0
14:55:40,1
14:55:41,0
14:55:42,0
14:55:43,0
14:55:44,0
14:55:45,0
14:55:46,0
14:55:47,0
14:55:48,0
14:55:49,0
14:55:50,1
14:55:51,0
14:55:52,0
14:55:53,0
14:55:54,0
14:55:55,0
14:55:56,0
14:55:57,0
14:55:58,0
14:55:59,0
14:56:00,0
14:56:01,0
14:56:02,0
14:56:03,0
14:56:04,0
14:56:05,1
14:56:06,0
14:56:07,1
14:56:08,1
14:56:09,1
14:56:10,0
14:56:11,1
14:56:12,0
14:56:13,1
14:56:14,1
14:56:15,1
14:56:16,0
14:56:17,0
14:56:18,0
14:56:19,0
14:56:20,1
14:56:21,0
14:56:22,0
14:56:23,0
14:56:24,0
14:56:25,0
14:56:26,0
14:56:27,0
14:56:28,0
14:56:29,1
14:56:30,1
14:56:31,0
14:56:32,0
14:56:33,0
14:56:34,0
14:56:35,0
14:56:36,0
14:56:37,0
14:56:38,1
14:56:39,1
14:56:40,0
14:56:41,1
14:56:42,0
14:56:43,1
14:56:44,0
14:56:45,0
14:56:46,1
14:56:47,1
14:56:48,0
14:56:49,1
14:56:50,0
14:56:51,0
14:56:52,0
14:56:53,0
14:56:54,1
14:56:55,0
14:56:56,0
14:56:57,0
14:56:58,0
14:56:59,0
14:57:00,0
14:57:01,0
14:57:02,1
14:57:03,0
14:57:04,0
14:57:05,0
14:57:06,0
14:57:07,0
14:57:08,0
14:57:09,0
14:57:10,0
14:57:11,0
14:57:12,1
14:57:13,1
14:57:14,0
14:57:15,1
14:57:16,0
14:57:17,1
14:57:18,0
14:57:19,1
14:57:20,0
14:57:21,0
14:57:22,0
14:57:23,0
14:57:24,0
14:57:25,0
14:57:26,0
14:57:27,0
14:57:28,0
14:57:29,1
14:57:30,0
14:57:31,0
14:57:32,0
14:57:33,0
14:57:34,0
14:57:35,1
14:57:36,0
14:57:37,0
14:57:38,0
14:57:39,1
14:57:40,0
14:57:41,1
14:57:42,0
14:57:43,0
14:57:44,0
14:57:45,0
14:57:46,0
14:57:47,1
14:57:48,0
14:57:49,1
14:57:50,0
14:57:51,0
14:57:52,0
14:57:53,0
14:57:54,0
14:57:55,0
14:57:56,0
14:57:57,0
14:57:58,0
14:57:59,1
14:58:00,1
14:58:01,0
14:58:02,0
14:58:03,0
14:58:04,0
14:58:05,0
14:58:06,0
14:58:07,0
14:58:08,1
14:58:09,0
14:58:10,0
14:58:11,1
14:58:12,1
14:58:13,0
14:58:14,0
14:58:15,0
14:58:16,0
14:58:17,0
14:58:18,0
14:58:19,0
14:58:20,0
14:58:21,1
14:58:22,0
14:58:23,0
14:58:24,0
14:58:25,0
14:58:26,0
14:58:27,1
14:58:28,0
14:58:29,0
14:58:30,0
14:58:31,0
14:58:32,0
14:58:33,0
14:58:34,0
14:58:35,0
14:58:36,1
14:58:37,0
14:58:38,1
14:58:39,0
14:58:40,0
14:58:41,0
14:58:42,0
14:58:43,0
14:58:44,0
14:58:45,0
14:58:46,0
14:58:47,0
14:58:48,0
14:58:49,0
14:58:50,0
14:58:51,0
14:58:52,0
14:58:53,0
14:58:54,0
14:58:55,1
14:58:56,1
14:58:57,0
14:58:58,0
14:58:59,1
14:59:00,1
14:59:01,0
14:59:02,0
14:59:03,0
14:59:04,0
14:59:05,0
14:59:06,1
14:59:07,0
14:59:08,1
14:59:09,0
14:59:10,0
14:59:11,0
14:59:12,0
14:59:13,1
14:59:14,1
14:59:15,0
14:59:16,0
14:59:17,0
14:59:18,0
14:59:19,1
14:59:20,1
14:59:21,0
14:59:22,1
14:59:23,0
14:59:24,0
14:59:25,1
14:59:26,0
14:59:27,0
14:59:28,0
14:59:29,0
14:59:30,0
14:59:31,0
14:59:32,1
14:59:33,0
14:59:34,0
14:59:35,0
14:59:36,0
14:59:37,0
14:59:38,0
14:59:39,1
14:59:40,0
14:59:41,1
14:59:42,1
14:59:43,0
14:59:44,0
14:59:45,0
14:59:46,0
14:59:47,1
14:59:48,0
14:59:49,0
14:59:50,0
14:59:51,0
14:59:52,0
14:59:53,0
14:59:54,0
14:59:55,1
14:59:56,0
14:59:57,0
14:59:58,0
14:59:59,0
15:00:00,0
15:00:01,1
15:00:02,0
15:00:03,1
15:00:04,0
15:00:05,1
15:00:06,1
15:00:07,0
15:00:08,1
15:00:09,0
15:00:10,1
15:00:11,1
15:00:12,0
15:00:13,1
15:00:14,1
15:00:15,0
15:00:16,1
15:00:17,1
15:00:18,0
15:00:19,1
15:00:20,1
15:00:21,0
15:00:22,0
15:00:23,1
15:00:24,0
15:00:25,1
15:00:26,1
15:00:27,0
15:00:28,1
15:00:29,0
15:00:30,1
15:00:31,0
15:00:32,1
15:00:33,1
15:00:34,0
15:00:35,1
15:00:36,0
15:00:37,1
15:00:38,1
15:00:39,0
15:00:40,1
15:00:41,0
15:00:42,0
15:00:43,0
15:00:44,1
15:00:45,1
15:00:46,0
15:00:47,1
15:00:48,1
15:00:49,0
15:00:50,1
15:00:51,1
15:00:52,0
15:00:53,1
15:00:54,0
15:00:55,1
15:00:56,0
15:00:57,0
15:00:58,1
15:00:59,0
15:01:00,1
15:01:01,0
15:01:02,0
15:01:03,0
15:01:04,0
15:01:05,1
15:01:06,0
15:01:07,1
15:01:08,1
15:01:09,0
15:01:10,1
15:01:11,0
15:01:12,0
15:01:13,0
15:01:14,1
15:01:15,0
15:01:16,1
15:01:17,1
15:01:18,0
15:01:19,1
15:01:20,1
15:01:21,0
15:01:22,1
15:01:23,1
15:01:24,0
15:01:25,1
15:01:26,1
15:01:27,0
15:01:28,1
15:01:29,1
15:01:30,1
15:01:31,0
15:01:32,1
15:01:33,1
15:01:34,0
15:01:35,1
15:01:36,1
15:01:37,0
15:01:38,1
15:01:39,1
15:01:40,0
15:01:41,1
15:01:42,1
15:01:43,0
15:01:44,0
15:01:45,0
15:01:46,0
15:01:47,0
15:01:48,0
15:01:49,1
15:01:50,1
15:01:51,0
15:01:52,1
15:01:53,1
15:01:54,0
15:01:55,0
15:01:56,0
15:01:57,0
15:01:58,0
15:01:59,1
15:02:00,1
15:02:01,0
15:02:02,1
15:02:03,0
15:02:04,0
15:02:05,0
15:02:06,1
15:02:07,0
15:02:08,1
15:02:09,1
15:02:10,1
15:02:11,0
15:02:12,1
15:02:13,1
15:02:14,0
15:02:15,0
15:02:16,0
15:02:17,0
15:02:18,1
15:02:19,0
15:02:20,1
15:02:21,1
15:02:22,0
15:02:23,1
15:02:24,0
15:02:25,1
15:02:26,1
15:02:27,0
15:02:28,0
15:02:29,0
15:02:30,0
15:02:31,0
15:02:32,1
15:02:33,0
15:02:34,1
15:02:35,1
15:02:36,0
15:02:37,0
15:02:38,0
15:02:39,1
15:02:40,1
15:02:41,0
15:02:42,1
15:02:43,0
15:02:44,0
15:02:45,0
15:02:46,0
15:02:47,0
15:02:48,0
15:02:49,0
15:02:50,0
15:02:51,1
15:02:52,0
15:02:53,1
15:02:54,1
15:02:55,1
15:02:56,0
15:02:57,1
15:02:58,1
15:02:59,0
15:03:00,1
15:03:01,0
15:03:02,0
15:03:03,0
15:03:04,1
15:03:05,1
15:03:06,0
15:03:07,1
15:03:08,1
15:03:09,0
15:03:10,1
15:03:11,0
15:03:12,1
15:03:13,1
15:03:14,0
15:03:15,0
15:03:16,0
15:03:17,0
15:03:18,0
15:03:19,0
15:03:20,1
15:03:21,1
15:03:22,0
15:03:23,1
15:03:24,1
15:03:25,0
15:03:26,1
15:03:27,1
15:03:28,0
15:03:29,1
15:03:30,1
15:03:31,0
15:03:32,1
15:03:33,1
15:03:34,0
15:03:35,1
15:03:36,0
15:03:37,1
15:03:38,0
15:03:39,0
15:03:40,0
15:03:41,0
15:03:42,0
15:03:43,0
15:03:44,1
15:03:45,0
15:03:46,1
15:03:47,0
15:03:48,0
15:03:49,0
15:03:50,1
15:03:51,1
15:03:52,0
15:03:53,1
15:03:54,1
15:03:55,0
15:03:56,0
15:03:57,1
15:03:58,1
15:03:59,1
15:04:00,0
15:04:01,0
15:04:02,0
15:04:03,0
15:04:04,0
15:04:05,1
15:04:06,0
15:04:07,1
15:04:08,1
15:04:09,1
15:04:10,0
15:04:11,1
15:04:12,0
15:04:13,0
15:04:14,0
15:04:15,0
15:04:16,0
15:04:17,0
15:04:18,0
15:04:19,0
15:04:20,0
15:04:21,0
15:04:22,0
15:04:23,0
15:04:24,0
15:04:25,0
15:04:26,0
15:04:27,0
15:04:28,0
15:04:29,1
15:04:30,0
15:04:31,0
15:04:32,0
15:04:33,0
15:04:34,0
15:04:35,1
15:04:36,1
15:04:37,0
15:04:38,1
15:04:39,0
15:04:40,0
15:04:41,0
15:04:42,1
15:04:43,1
15:04:44,0
15:04:45,1
15:04:46,1
15:04:47,0
15:04:48,2
15:04:49,1
15:04:50,1
15:04:51,1
15:04:52,1
15:04:53,1
15:04:54,2
15:04:55,1
15:04:56,1
15:04:57,2
15:04:58,1
15:04:59,2
15:05:00,0
15:05:01,2
15:05:02,1
15:05:03,1
15:05:04,1
15:05:05,2
15:05:06,1
15:05:07,1
15:05:08,1
15:05:09,1
15:05:10,1
15:05:11,1
15:05:12,0
15:05:13,1
15:05:14,2
15:05:15,1
15:05:16,2
15:05:17,2
15:05:18,1
15:05:19,1
15:05:20,1
15:05:21,2
15:05:22,1
15:05:23,1
15:05:24,1
15:05:25,0
15:05:26,1
15:05:27,2
15:05:28,1
15:05:29,1
15:05:30,0
15:05:31,1
15:05:32,1
15:05:33,1
15:05:34,1
15:05:35,1
15:05:36,0
15:05:37,1
15:05:38,1
15:05:39,1
15:05:40,0
15:05:41,0
15:05:42,1
15:05:43,0
15:05:44,0
15:05:45,0
15:05:46,1
15:05:47,1
15:05:48,0
15:05:49,1
15:05:50,0
15:05:51,1
15:05:52,0
15:05:53,0
15:05:54,0
15:05:55,0
15:05:56,0
15:05:57,0
15:05:58,1
15:05:59,0
15:06:00,0
15:06:01,0
15:06:02,0
15:06:03,0
15:06:04,0
15:06:05,0
15:06:06,0
15:06:07,0
15:06:08,0
15:06:09,0
15:06:10,0
15:06:11,0
15:06:12,0
15:06:13,0
15:06:14,0
15:06:15,0
15:06:16,0
15:06:17,0
15:06:18,0
15:06:19,0
15:06:20,0
15:06:21,0
15:06:22,0
15:06:23,0
15:06:24,0
15:06:25,0
15:06:26,0
15:06:27,0
15:06:28,0
15:06:29,0
15:06:30,0
15:06:31,0
15:06:32,0
15:06:33,0
15:06:34,0
15:06:35,0
15:06:36,0
15:06:37,0
15:06:38,0
15:06:39,0
15:06:40,0
15:06:41,0
15:06:42,0
15:06:43,0
15:06:44,1
15:06:45,0
15:06:46,1
15:06:47,1
15:06:48,1
15:06:49,0
15:06:50,1
15:06:51,0
15:06:52,0
15:06:53,0
15:06:54,1
15:06:55,0
15:06:56,0
15:06:57,0
15:06:58,0
15:06:59,0
15:07:00,0
15:07:01,0
15:07:02,0
15:07:03,1
15:07:04,0
15:07:05,0
15:07:06,0
15:07:07,0
15:07:08,0
15:07:09,0
15:07:10,0
15:07:11,0
15:07:12,1
15:07:13,0
15:07:14,0
15:07:15,1
15:07:16,0
15:07:17,0
15:07:18,0
15:07:19,0
15:07:20,1
15:07:21,0
15:07:22,1
15:07:23,1
15:07:24,0
15:07:25,0
15:07:26,0
15:07:27,0
15:07:28,0
15:07:29,0
15:07:30,0
15:07:31,0
15:07:32,0
15:07:33,0
15:07:34,0
15:07:35,0
15:07:36,0
15:07:37,0
15:07:38,0
15:07:39,0
15:07:40,0
15:07:41,0
15:07:42,0
15:07:43,0
15:07:44,0
15:07:45,0
15:07:46,0
15:07:47,0
15:07:48,0
15:07:49,0
15:07:50,0
15:07:51,0
15:07:52,0
15:07:53,0
15:07:54,0
15:07:55,0
15:07:56,0
15:07:57,0
15:07:58,0
15:07:59,0
15:08:00,0
15:08:01,0
15:08:02,0
15:08:03,0
15:08:04,0
15:08:05,0
15:08:06,0
15:08:07,0
15:08:08,0
15:08:09,0
15:08:10,0
15:08:11,0
15:08:12,0
15:08:13,0
15:08:14,0
15:08:15,0
15:08:16,0
15:08:17,0
15:08:18,0
15:08:19,0
15:08:20,0
15:08:21,0
15:08:22,0
15:08:23,0
15:08:24,0
15:08:25,0
15:08:26,0
15:08:27,0
15:08:28,0
15:08:29,0
15:08:30,0
15:08:31,0
15:08:32,0
15:08:33,0
15:08:34,0
15:08:35,0
15:08:36,0
15:08:37,0
15:08:38,0
15:08:39,0
15:08:40,0
15:08:41,0
15:08:42,1
15:08:43,0
15:08:44,0
15:08:45,0
15:08:46,0
15:08:47,0
15:08:48,0
15:08:49,0
15:08:50,0
15:08:51,0
15:08:52,0
15:08:53,0
15:08:54,0
15:08:55,0
15:08:56,0
15:08:57,0
15:08:58,0
15:08:59,0
15:09:00,0
15:09:01,0
15:09:02,0
15:09:03,0
15:09:04,0
15:09:05,0
15:09:06,0
15:09:07,0
15:09:08,0
15:09:09,0
15:09:10,0
15:09:11,0
15:09:12,0
15:09:13,0
15:09:14,0
15:09:15,0
15:09:16,0
15:09:17,0
15:09:18,0
15:09:19,0
15:09:20,0
15:09:21,0
15:09:22,0
15:09:23,0
15:09:24,0
15:09:25,0
15:09:26,0
15:09:27,0
15:09:28,0
15:09:29,0
15:09:30,0
15:09:31,0
15:09:32,0
15:09:33,0
15:09:34,0
15:09:35,0
15:09:36,0
15:09:37,0
15:09:38,0
15:09:39,1
15:09:40,0
15:09:41,0
15:09:42,0
15:09:43,1
15:09:44,0
15:09:45,0
15:09:46,0
15:09:47,0
15:09:48,0
15:09:49,0
15:09:50,1
15:09:51,0
15:09:52,1
15:09:53,0
15:09:54,0
15:09:55,0
15:09:56,0
15:09:57,0
15:09:58,0
15:09:59,0
15:10:00,0
15:10:01,0
15:10:02,0
15:10:03,0
15:10:04,0
15:10:05,0
15:10:06,0
15:10:07,0
15:10:08,1
15:10:09,0
15:10:10,1
15:10:11,0
15:10:12,0
15:10:13,0
15:10:14,0
15:10:15,0
15:10:16,0
15:10:17,0
15:10:18,0
15:10:19,0
15:10:20,0
15:10:21,0
15:10:22,0
15:10:23,0
15:10:24,0
15:10:25,0
15:10:26,0
15:10:27,0
15:10:28,0
15:10:29,0
15:10:30,0
15:10:31,0
15:10:32,0
15:10:33,0
15:10:34,0
15:10:35,0
15:10:36,0
15:10:37,0
15:10:38,0
15:10:39,0
15:10:40,0
15:10:41,0
15:10:42,0
15:10:43,1
15:10:44,0
15:10:45,0
15:10:46,0
15:10:47,0
15:10:48,0
15:10:49,0
15:10:50,0
15:10:51,0
15:10:52,0
15:10:53,0
15:10:54,0
15:10:55,0
15:10:56,0
15:10:57,0
15:10:58,0
15:10:59,0
15:11:00,0
15:11:01,0
15:11:02,0
15:11:03,1
15:11:04,0
15:11:05,1
15:11:06,0
15:11:07,0
15:11:08,0
15:11:09,1
15:11:10,1
15:11:11,0
15:11:12,0
15:11:13,0
15:11:14,0
15:11:15,0
15:11:16,0
15:11:17,0
15:11:18,0
15:11:19,0
15:11:20,0
15:11:21,0
15:11:22,0
15:11:23,0
15:11:24,0
15:11:25,0
15:11:26,0
15:11:27,0
15:11:28,0
15:11:29,1
15:11:30,1
15:11:31,0
15:11:32,0
15:11:33,0
15:11:34,1
15:11:35,0
15:11:36,0
15:11:37,0
15:11:38,0
15:11:39,0
15:11:40,0
15:11:41,0
15:11:42,0
15:11:43,0
15:11:44,0
15:11:45,0
15:11:46,1
15:11:47,0
15:11:48,0
15:11:49,0
15:11:50,0
15:11:51,0
15:11:52,0
15:11:53,0
15:11:54,0
15:11:55,0
15:11:56,0
15:11:57,0
15:11:58,0
15:11:59,0
15:12:00,0
15:12:01,0
15:12:02,0
15:12:03,0
15:12:04,0
15:12:05,0
15:12:06,0
15:12:07,0
15:12:08,0
15:12:09,0
15:12:10,0
15:12:11,0
15:12:12,0
15:12:13,0
15:12:14,0
15:12:15,0
15:12:16,0
15:12:17,0
15:12:18,1
15:12:19,0
15:12:20,0
15:12:21,0
15:12:22,0
15:12:23,0
15:12:24,0
15:12:25,0
15:12:26,0
15:12:27,0
15:12:28,0
15:12:29,0
15:12:30,1
15:12:31,0
15:12:32,0
15:12:33,0
15:12:34,0
15:12:35,0
15:12:36,0
15:12:37,0
15:12:38,0
15:12:39,0
15:12:40,0
15:12:41,0
15:12:42,0
15:12:43,0
15:12:44,0
15:12:45,0
15:12:46,0
15:12:47,0
15:12:48,0
15:12:49,0
15:12:50,0
15:12:51,0
15:12:52,0
15:12:53,0
15:12:54,0
15:12:55,0
15:12:56,0
15:12:57,0
15:12:58,0
15:12:59,0
15:13:00,0
15:13:01,0
15:13:02,0
15:13:03,0
15:13:04,0
15:13:05,0
15:13:06,0
15:13:07,0
15:13:08,0
15:13:09,0
15:13:10,0
15:13:11,0
15:13:12,0
15:13:13,0
15:13:14,0
15:13:15,0
15:13:16,0
15:13:17,0
15:13:18,0
15:13:19,0
15:13:20,0
15:13:21,1
15:13:22,0
15:13:23,0
15:13:24,0
15:13:25,0
15:13:26,0
15:13:27,0
15:13:28,0
15:13:29,0
15:13:30,0
15:13:31,0
15:13:32,0
15:13:33,0
15:13:34,0
15:13:35,0
15:13:36,0
15:13:37,0
15:13:38,0
15:13:39,0
15:13:40,0
15:13:41,0
15:13:42,0
15:13:43,1
15:13:44,0
15:13:45,0
15:13:46,1
15:13:47,1
15:13:48,1
15:13:49,1
15:13:50,0
15:13:51,2
15:13:52,1
15:13:53,1
15:13:54,0
15:13:55,1
15:13:56,1
15:13:57,1
15:13:58,1
15:13:59,0
15:14:00,1
15:14:01,1
15:14:02,2
15:14:03,1
15:14:04,1
15:14:05,2
15:14:06,1
15:14:07,2
15:14:08,1
15:14:09,1
15:14:10,1
15:14:11,2
15:14:12,2
15:14:13,2
15:14:14,1
15:14:15,1
15:14:16,2
15:14:17,2
15:14:18,1
15:14:19,1
15:14:20,2
15:14:21,2
15:14:22,1
15:14:23,1
15:14:24,2
15:14:25,1
15:14:26,1
15:14:27,0
15:14:28,1
15:14:29,1
15:14:30,1
15:14:31,1
15:14:32,1
15:14:33,1
15:14:34,1
15:14:35,1
15:14:36,1
15:14:37,0
15:14:38,1
15:14:39,1
15:14:40,1
15:14:41,1
15:14:42,1
15:14:43,0
15:14:44,1
15:14:45,1
15:14:46,0
15:14:47,0
15:14:48,0
15:14:49,0
15:14:50,0
15:14:51,0
15:14:52,0
15:14:53,0
15:14:54,0
15:14:55,0
15:14:56,0
15:14:57,0
15:14:58,0
15:14:59,0
15:15:00,0
15:15:01,0
15:15:02,0
15:15:03,0
15:15:04,0
15:15:05,0
15:15:06,0
15:15:07,0
15:15:08,0
15:15:09,0
15:15:10,0
15:15:11,0
15:15:12,0
15:15:13,0
15:15:14,0
15:15:15,0
15:15:16,0
15:15:17,0
15:15:18,0
15:15:19,0
15:15:20,0
15:15:21,0
15:15:22,0
15:15:23,0
15:15:24,0
15:15:25,0
15:15:26,0
15:15:27,0
15:15:28,0
15:15:29,0
15:15:30,1
15:15:31,2
15:15:32,1
15:15:33,0
15:15:34,1
15:15:35,0
15:15:36,0
15:15:37,1
15:15:38,1
15:15:39,0
15:15:40,0
15:15:41,0
15:15:42,1
15:15:43,0
15:15:44,0
15:15:45,0
15:15:46,1
15:15:47,0
15:15:48,1
15:15:49,1
15:15:50,0
15:15:51,0
15:15:52,0
15:15:53,0
15:15:54,0
15:15:55,0
15:15:56,0
15:15:57,0
15:15:58,0
15:15:59,0
15:16:00,0
15:16:01,0
15:16:02,0
15:16:03,0
15:16:04,0
15:16:05,1
15:16:06,0
15:16:07,0
15:16:08,0
15:16:09,1
15:16:10,1
15:16:11,0
15:16:12,1
15:16:13,1
15:16:14,0
15:16:15,0
15:16:16,0
15:16:17,0
15:16:18,0
15:16:19,0
15:16:20,0
15:16:21,0
15:16:22,0
15:16:23,0
15:16:24,0
15:16:25,0
15:16:26,0
15:16:27,0
15:16:28,0
15:16:29,0
15:16:30,0
15:16:31,0
15:16:32,0
15:16:33,0
15:16:34,1
15:16:35,0
15:16:36,1
15:16:37,1
15:16:38,1
15:16:39,0
15:16:40,1
15:16:41,1
15:16:42,0
15:16:43,1
15:16:44,0
15:16:45,1
15:16:46,1
15:16:47,1
15:16:48,0
15:16:49,1
15:16:50,1
15:16:51,0
15:16:52,0
15:16:53,0
15:16:54,0
15:16:55,1
15:16:56,0
15:16:57,1
15:16:58,1
15:16:59,1
15:17:00,0
15:17:01,1
15:17:02,0
15:17:03,1
15:17:04,0
15:17:05,0
15:17:06,0
15:17:07,1
15:17:08,0
15:17:09,1
15:17:10,0
15:17:11,0
15:17:12,0
15:17:13,0
15:17:14,0
15:17:15,0
15:17:16,0
15:17:17,0
15:17:18,0
15:17:19,0
15:17:20,0
15:17:21,0
15:17:22,0
15:17:23,0
15:17:24,0
15:17:25,0
15:17:26,0
15:17:27,0
15:17:28,0
15:17:29,0
15:17:30,0
15:17:31,0
15:17:32,1
15:17:33,1
15:17:34,0
15:17:35,0
15:17:36,1
15:17:37,0
15:17:38,0
15:17:39,0
15:17:40,1
15:17:41,1
15:17:42,0
15:17:43,2
15:17:44,0
15:17:45,1
15:17:46,0
15:17:47,0
15:17:48,0
15:17:49,0
15:17:50,1
15:17:51,1
15:17:52,0
15:17:53,1
15:17:54,1
15:17:55,1
15:17:56,0
15:17:57,0
15:17:58,0
15:17:59,1
15:18:00,0
15:18:01,1
15:18:02,1
15:18:03,0
15:18:04,1
15:18:05,0
15:18:06,0
15:18:07,0
15:18:08,0
15:18:09,1
15:18:10,0
15:18:11,1
15:18:12,1
15:18:13,0
15:18:14,1
15:18:15,0
15:18:16,0
15:18:17,1
15:18:18,0
15:18:19,0
15:18:20,0
15:18:21,0
15:18:22,1
15:18:23,0
15:18:24,1
15:18:25,1
15:18:26,0
15:18:27,1
15:18:28,1
15:18:29,0
15:18:30,0
15:18:31,0
15:18:32,0
15:18:33,0
15:18:34,0
15:18:35,0
15:18:36,0
15:18:37,0
15:18:38,0
15:18:39,0
15:18:40,0
15:18:41,0
15:18:42,0
15:18:43,0
15:18:44,0
15:18:45,0
15:18:46,1
15:18:47,0
15:18:48,0
15:18:49,0
15:18:50,0
15:18:51,0
15:18:52,0
15:18:53,1
15:18:54,1
15:18:55,1
15:18:56,0
15:18:57,1
15:18:58,1
15:18:59,1
15:19:00,0
15:19:01,1
15:19:02,0
15:19:03,1
15:19:04,1
15:19:05,0
15:19:06,0
15:19:07,0
15:19:08,0
15:19:09,0
15:19:10,1
15:19:11,1
15:19:12,0
15:19:13,1
15:19:14,1
15:19:15,0
15:19:16,1
15:19:17,0
15:19:18,0
15:19:19,0
15:19:20,1
15:19:21,0
15:19:22,0
15:19:23,0
15:19:24,0
15:19:25,0
15:19:26,0
15:19:27,0
15:19:28,0
15:19:29,0
15:19:30,0
15:19:31,0
15:19:32,0
15:19:33,0
15:19:34,1
15:19:35,0
15:19:36,1
15:19:37,1
15:19:38,0
15:19:39,0
15:19:40,0
15:19:41,0
15:19:42,1
15:19:43,0
15:19:44,0
15:19:45,0
15:19:46,1
15:19:47,0
15:19:48,0
15:19:49,0
15:19:50,1
15:19:51,0
15:19:52,1
15:19:53,0
15:19:54,1
15:19:55,1
15:19:56,0
15:19:57,1
15:19:58,1
15:19:59,0
15:20:00,0
15:20:01,0
15:20:02,1
15:20:03,0
15:20:04,0
15:20:05,0
15:20:06,0
15:20:07,0
15:20:08,1
15:20:09,1
15:20:10,1
15:20:11,0
15:20:12,1
15:20:13,1
15:20:14,1
15:20:15,1
15:20:16,0
15:20:17,1
15:20:18,1
15:20:19,1
15:20:20,0
15:20:21,1
15:20:22,1
15:20:23,1
15:20:24,1
15:20:25,1
15:20:26,0
15:20:27,1
15:20:28,1
15:20:29,1
15:20:30,0
15:20:31,1
15:20:32,1
15:20:33,1
15:20:34,0
15:20:35,1
15:20:36,1
15:20:37,0
15:20:38,1
15:20:39,1
15:20:40,0
15:20:41,0
15:20:42,0
15:20:43,1
15:20:44,1
15:20:45,0
15:20:46,1
15:20:47,1
15:20:48,0
15:20:49,1
15:20:50,0
15:20:51,1
15:20:52,1
15:20:53,0
15:20:54,1
15:20:55,1
15:20:56,0
15:20:57,1
15:20:58,1
15:20:59,0
15:21:00,1
15:21:01,1
15:21:02,0
15:21:03,1
15:21:04,0
15:21:05,1
15:21:06,1
15:21:07,0
15:21:08,0
15:21:09,0
15:21:10,0
15:21:11,1
15:21:12,0
15:21:13,1
15:21:14,0
15:21:15,1
15:21:16,1
15:21:17,0
15:21:18,1
15:21:19,1
15:21:20,0
15:21:21,0
15:21:22,0
15:21:23,1
15:21:24,0
15:21:25,0
15:21:26,0
15:21:27,0
15:21:28,0
15:21:29,0
15:21:30,0
15:21:31,0
15:21:32,0
15:21:33,0
15:21:34,0
15:21:35,0
15:21:36,0
15:21:37,0
15:21:38,0
15:21:39,0
15:21:40,0
15:21:41,0
15:21:42,0
15:21:43,1
15:21:44,0
15:21:45,1
15:21:46,1
15:21:47,0
15:21:48,0
15:21:49,2
15:21:50,0
15:21:51,1
15:21:52,1
15:21:53,0
15:21:54,1
15:21:55,1
15:21:56,1
15:21:57,2
15:21:58,0
15:21:59,2
15:22:00,1
15:22:01,1
15:22:02,2
15:22:03,1
15:22:04,1
15:22:05,1
15:22:06,2
15:22:07,1
15:22:08,1
15:22:09,1
15:22:10,2
15:22:11,0
15:22:12,1
15:22:13,1
15:22:14,1
15:22:15,2
15:22:16,1
15:22:17,1
15:22:18,2
15:22:19,2
15:22:20,1
15:22:21,1
15:22:22,2
15:22:23,0
15:22:24,1
15:22:25,2
15:22:26,1
15:22:27,1
15:22:28,1
15:22:29,0
15:22:30,2
15:22:31,1
15:22:32,1
15:22:33,1
15:22:34,0
15:22:35,1
15:22:36,1
15:22:37,1
15:22:38,1
15:22:39,1
15:22:40,1
15:22:41,0
15:22:42,1
15:22:43,1
15:22:44,2
15:22:45,2
15:22:46,0
15:22:47,1
15:22:48,2
15:22:49,1
15:22:50,1
15:22:51,1
15:22:52,1
15:22:53,0
15:22:54,2
15:22:55,1
15:22:56,1
15:22:57,1
15:22:58,1
15:22:59,0
15:23:00,1
15:23:01,2
15:23:02,1
15:23:03,1
15:23:04,1
15:23:05,0
15:23:06,1
15:23:07,1
15:23:08,1
15:23:09,1
15:23:10,1
15:23:11,1
15:23:12,0
15:23:13,1
15:23:14,1
15:23:15,1
15:23:16,1
15:23:17,0
15:23:18,1
15:23:19,1
15:23:20,1
15:23:21,0
15:23:22,1
15:23:23,1
15:23:24,1
15:23:25,1
15:23:26,0
15:23:27,1
15:23:28,1
15:23:29,1
15:23:30,2
15:23:31,2
15:23:32,1
15:23:33,2
15:23:34,1
15:23:35,1
15:23:36,1
15:23:37,1
15:23:38,0
15:23:39,1
15:23:40,1
15:23:41,1
15:23:42,1
15:23:43,0
15:23:44,1
15:23:45,1
15:23:46,1
15:23:47,0
15:23:48,1
15:23:49,1
15:23:50,1
15:23:51,0
15:23:52,1
15:23:53,0
15:23:54,0
15:23:55,0
15:23:56,0
15:23:57,0
15:23:58,0
15:23:59,0
15:24:00,0
15:24:01,0
15:24:02,0
15:24:03,0
15:24:04,0
15:24:05,0
15:24:06,0
15:24:07,0
15:24:08,0
15:24:09,1
15:24:10,0
15:24:11,0
15:24:12,0
15:24:13,0
15:24:14,0
15:24:15,0
15:24:16,0
15:24:17,0
15:24:18,0
15:24:19,0
15:24:20,0
15:24:21,0
15:24:22,0
15:24:23,0
15:24:24,0
15:24:25,0
15:24:26,0
15:24:27,0
15:24:28,0
15:24:29,0
15:24:30,0
15:24:31,0
15:24:32,0
15:24:33,0
15:24:34,0
15:24:35,0
15:24:36,0
15:24:37,0
15:24:38,0
15:24:39,0
15:24:40,0
15:24:41,0
15:24:42,0
15:24:43,0
15:24:44,0
15:24:45,0
15:24:46,0
15:24:47,0
15:24:48,0
15:24:49,0
15:24:50,0
15:24:51,0
15:24:52,0
15:24:53,0
15:24:54,0
15:24:55,0
15:24:56,0
15:24:57,0
15:24:58,0
15:24:59,0
15:25:00,0
15:25:01,0
15:25:02,0
15:25:03,0
15:25:04,0
15:25:05,0
15:25:06,1
15:25:07,0
15:25:08,1
15:25:09,1
15:25:10,0
15:25:11,0
15:25:12,2
15:25:13,0
15:25:14,1
15:25:15,0
15:25:16,1
15:25:17,0
15:25:18,0
15:25:19,0
15:25:20,0
15:25:21,0
15:25:22,1
15:25:23,1
15:25:24,0
15:25:25,1
15:25:26,0
15:25:27,1
15:25:28,0
15:25:29,0
15:25:30,0
15:25:31,0
15:25:32,0
15:25:33,0
15:25:34,0
15:25:35,0
15:25:36,0
15:25:37,1
15:25:38,0
15:25:39,0
15:25:40,0
15:25:41,0
15:25:42,0
15:25:43,0
15:25:44,0
15:25:45,0
15:25:46,0
15:25:47,0
15:25:48,0
15:25:49,0
15:25:50,0
15:25:51,0
15:25:52,0
15:25:53,0
15:25:54,0
15:25:55,0
15:25:56,0
15:25:57,0
15:25:58,1
15:25:59,0
15:26:00,1
15:26:01,0
15:26:02,0
15:26:03,1
15:26:04,0
15:26:05,1
15:26:06,0
15:26:07,0
15:26:08,0
15:26:09,0
15:26:10,0
15:26:11,0
15:26:12,0
15:26:13,0
15:26:14,1
15:26:15,0
15:26:16,0
15:26:17,0
15:26:18,0
15:26:19,0
15:26:20,0
15:26:21,0
15:26:22,0
15:26:23,0
15:26:24,0
15:26:25,0
15:26:26,0
15:26:27,0
15:26:28,0
15:26:29,0
15:26:30,1
15:26:31,0
15:26:32,0
15:26:33,0
15:26:34,1
15:26:35,1
15:26:36,0
15:26:37,0
15:26:38,0
15:26:39,0
15:26:40,0
15:26:41,0
15:26:42,0
15:26:43,1
15:26:44,0
15:26:45,0
15:26:46,0
15:26:47,0
15:26:48,0
15:26:49,1
15:26:50,0
15:26:51,0
15:26:52,0
15:26:53,0
15:26:54,0
15:26:55,1
15:26:56,0
15:26:57,0
15:26:58,0
15:26:59,0
15:27:00,0
15:27:01,0
15:27:02,0
15:27:03,1
15:27:04,1
15:27:05,0
15:27:06,1
15:27:07,1
15:27:08,0
15:27:09,1
15:27:10,0
15:27:11,1
15:27:12,1
15:27:13,0
15:27:14,1
15:27:15,0
15:27:16,0
15:27:17,0
15:27:18,0
15:27:19,0
15:27:20,0
15:27:21,0
15:27:22,0
15:27:23,0
15:27:24,0
15:27:25,1
15:27:26,1
15:27:27,0
15:27:28,1
15:27:29,1
15:27:30,0
15:27:31,1
15:27:32,0
15:27:33,1
15:27:34,0
15:27:35,0
15:27:36,0
15:27:37,0
15:27:38,0
15:27:39,0
15:27:40,1
15:27:41,0
15:27:42,0
15:27:43,0
15:27:44,0
15:27:45,0
15:27:46,0
15:27:47,0
15:27:48,0
15:27:49,0
15:27:50,0
15:27:51,0
15:27:52,0
15:27:53,1
15:27:54,0
15:27:55,1
15:27:56,0
15:27:57,0
15:27:58,0
15:27:59,0
15:28:00,0
15:28:01,0
15:28:02,0
15:28:03,0
15:28:04,0
15:28:05,0
15:28:06,0
15:28:07,0
15:28:08,0
15:28:09,0
15:28:10,0
15:28:11,0
15:28:12,0
15:28:13,0
15:28:14,0
15:28:15,0
15:28:16,0
15:28:17,0
15:28:18,0
15:28:19,1
15:28:20,0
15:28:21,0
15:28:22,1
15:28:23,0
15:28:24,0
15:28:25,0
15:28:26,0
15:28:27,0
15:28:28,0
15:28:29,0
15:28:30,0
15:28:31,0
15:28:32,0
15:28:33,0
15:28:34,0
15:28:35,0
15:28:36,0
15:28:37,0
15:28:38,0
15:28:39,0
15:28:40,0
15:28:41,0
15:28:42,0
15:28:43,0
15:28:44,0
15:28:45,0
15:28:46,0
15:28:47,0
15:28:48,0
15:28:49,0
15:28:50,0
15:28:51,0
15:28:52,0
15:28:53,0
15:28:54,0
15:28:55,0
15:28:56,0
15:28:57,0
15:28:58,1
15:28:59,0
15:29:00,1
15:29:01,1
15:29:02,0
15:29:03,1
15:29:04,0
15:29:05,0
15:29:06,0
15:29:07,0
15:29:08,0
15:29:09,0
15:29:10,0
15:29:11,0
15:29:12,0
15:29:13,0
15:29:14,0
15:29:15,0
15:29:16,1
15:29:17,0
15:29:18,1
15:29:19,0
15:29:20,1
15:29:21,1
15:29:22,0
15:29:23,0
15:29:24,0
15:29:25,0
15:29:26,0
15:29:27,0
15:29:28,0
15:29:29,0
15:29:30,0
15:29:31,0
15:29:32,0
15:29:33,0
15:29:34,0
15:29:35,0
15:29:36,0
15:29:37,0
15:29:38,0
15:29:39,0
15:29:40,0
15:29:41,0
15:29:42,0
15:29:43,0
15:29:44,0
15:29:45,0
15:29:46,1
15:29:47,0
15:29:48,0
15:29:49,0
15:29:50,0
15:29:51,0
15:29:52,0
15:29:53,0
15:29:54,0
15:29:55,0
15:29:56,0
15:29:57,0
15:29:58,0
15:29:59,0
15:30:00,0
15:30:01,0
15:30:02,0
15:30:03,0
15:30:04,0
15:30:05,0
15:30:06,0
15:30:07,0
15:30:08,0
15:30:09,0
15:30:10,0
15:30:11,0
15:30:12,0
15:30:13,0
15:30:14,0
15:30:15,0
15:30:16,0
15:30:17,0
15:30:18,0
15:30:19,1
15:30:20,1
15:30:21,0
15:30:22,0
15:30:23,0
15:30:24,0
15:30:25,0
15:30:26,1
15:30:27,0
15:30:28,0
15:30:29,1
15:30:30,1
15:30:31,0
15:30:32,1
15:30:33,0
15:30:34,1
15:30:35,1
15:30:36,0
15:30:37,1
15:30:38,0
15:30:39,1
15:30:40,0
15:30:41,0
15:30:42,0
15:30:43,1
15:30:44,0
15:30:45,0
15:30:46,0
15:30:47,0
15:30:48,0
15:30:49,1
15:30:50,0
15:30:51,0
15:30:52,0
15:30:53,0
15:30:54,0
15:30:55,0
15:30:56,0
15:30:57,0
15:30:58,0
15:30:59,0
15:31:00,0
15:31:01,0
15:31:02,0
15:31:03,0
15:31:04,0
15:31:05,0
15:31:06,0
15:31:07,0
15:31:08,1
15:31:09,1
15:31:10,1
15:31:11,0
15:31:12,1
15:31:13,0
15:31:14,0
15:31:15,0
15:31:16,1
15:31:17,1
15:31:18,0
15:31:19,0
15:31:20,0
15:31:21,0
15:31:22,0
15:31:23,0
15:31:24,0
15:31:25,0
15:31:26,0
15:31:27,0
15:31:28,0
15:31:29,0
15:31:30,0
15:31:31,0
15:31:32,1
15:31:33,1
15:31:34,0
15:31:35,0
15:31:36,0
15:31:37,0
15:31:38,0
15:31:39,0
15:31:40,0
15:31:41,0
15:31:42,1
15:31:43,0
15:31:44,1
15:31:45,1
15:31:46,0
15:31:47,1
15:31:48,1
15:31:49,1
15:31:50,1
15:31:51,1
15:31:52,0
15:31:53,0
15:31:54,0
15:31:55,0
15:31:56,0
15:31:57,0
15:31:58,0
15:31:59,0
15:32:00,1
15:32:01,1
15:32:02,1
15:32:03,0
15:32:04,1
15:32:05,0
15:32:06,1
15:32:07,0
15:32:08,0
15:32:09,1
15:32:10,0
15:32:11,0
15:32:12,0
15:32:13,1
15:32:14,0
15:32:15,0
15:32:16,0
15:32:17,1
15:32:18,0
15:32:19,1
15:32:20,0
15:32:21,0
15:32:22,1
15:32:23,1
15:32:24,1
15:32:25,0
15:32:26,1
15:32:27,1
15:32:28,0
15:32:29,1
15:32:30,1
15:32:31,0
15:32:32,1
15:32:33,1
15:32:34,0
15:32:35,1
15:32:36,0
15:32:37,1
15:32:38,0
15:32:39,0
15:32:40,0
15:32:41,0
15:32:42,0
15:32:43,0
15:32:44,0
15:32:45,0
15:32:46,0
15:32:47,0
15:32:48,0
15:32:49,0
15:32:50,0
15:32:51,0
15:32:52,0
15:32:53,0
15:32:54,0
15:32:55,0
15:32:56,1
15:32:57,0
15:32:58,1
15:32:59,0
15:33:00,0
15:33:01,0
15:33:02,0
15:33:03,1
15:33:04,0
15:33:05,0
15:33:06,0
15:33:07,0
15:33:08,0
15:33:09,1
15:33:10,0
15:33:11,1
15:33:12,0
15:33:13,0
15:33:14,0
15:33:15,0
15:33:16,0
15:33:17,1
15:33:18,0
15:33:19,1
15:33:20,1
15:33:21,0
15:33:22,1
15:33:23,0
15:33:24,0
15:33:25,0
15:33:26,1
15:33:27,0
15:33:28,1
15:33:29,1
15:33:30,0
15:33:31,1
15:33:32,1
15:33:33,0
15:33:34,1
15:33:35,0
15:33:36,0
15:33:37,0
15:33:38,1
15:33:39,1
15:33:40,0
15:33:41,2
15:33:42,1
15:33:43,1
15:33:44,1
15:33:45,0
15:33:46,1
15:33:47,1
15:33:48,1
15:33:49,1
15:33:50,1
15:33:51,0
15:33:52,2
15:33:53,1
15:33:54,1
15:33:55,1
15:33:56,1
15:33:57,0
15:33:58,1
15:33:59,1
15:34:00,1
15:34:01,0
15:34:02,1
15:34:03,1
15:34:04,1
15:34:05,0
15:34:06,1
15:34:07,1
15:34:08,1
15:34:09,1
15:34:10,0
15:34:11,1
15:34:12,1
15:34:13,1
15:34:14,1
15:34:15,0
15:34:16,1
15:34:17,1
15:34:18,1
15:34:19,0
15:34:20,1
15:34:21,1
15:34:22,0
15:34:23,1
15:34:24,0
15:34:25,0
15:34:26,0
15:34:27,0
15:34:28,1
15:34:29,0
15:34:30,0
15:34:31,0
15:34:32,0
15:34:33,0
15:34:34,0
15:34:35,0
15:34:36,0
15:34:37,0
15:34:38,0
15:34:39,0
15:34:40,0
15:34:41,0
15:34:42,0
15:34:43,0
15:34:44,0
15:34:45,0
15:34:46,0
15:34:47,0
15:34:48,0
15:34:49,0
15:34:50,0
15:34:51,0
15:34:52,0
15:34:53,0
15:34:54,0
15:34:55,0
15:34:56,0
15:34:57,0
15:34:58,0
15:34:59,0
15:35:00,0
15:35:01,0
15:35:02,0
15:35:03,0
15:35:04,0
15:35:05,0
15:35:06,0
15:35:07,0
15:35:08,0
15:35:09,0
15:35:10,0
15:35:11,0
15:35:12,1
15:35:13,0
15:35:14,1
15:35:15,1
15:35:16,0
15:35:17,0
15:35:18,0
15:35:19,0
15:35:20,0
15:35:21,0
15:35:22,0
15:35:23,0
15:35:24,0
15:35:25,0
15:35:26,0
15:35:27,0
15:35:28,0
15:35:29,0
15:35:30,0
15:35:31,0
15:35:32,0
15:35:33,0
15:35:34,0
15:35:35,0
15:35:36,0
15:35:37,0
15:35:38,0
15:35:39,0
15:35:40,0
15:35:41,0
15:35:42,0
15:35:43,0
15:35:44,0
15:35:45,0
15:35:46,0
15:35:47,0
15:35:48,0
15:35:49,0
15:35:50,1
15:35:51,0
15:35:52,0
15:35:53,0
15:35:54,0
15:35:55,0
15:35:56,0
15:35:57,0
15:35:58,0
15:35:59,0
15:36:00,0
15:36:01,0
15:36:02,0
15:36:03,0
15:36:04,0
15:36:05,0
15:36:06,0
15:36:07,0
15:36:08,0
15:36:09,0
15:36:10,0
15:36:11,0
15:36:12,0
15:36:13,0
15:36:14,0
15:36:15,0
15:36:16,0
15:36:17,0
15:36:18,1
15:36:19,0
15:36:20,1
15:36:21,2
15:36:22,2
15:36:23,1
15:36:24,1
15:36:25,1
15:36:26,2
15:36:27,1
15:36:28,0
15:36:29,1
15:36:30,1
15:36:31,1
15:36:32,1
15:36:33,2
15:36:34,1
15:36:35,1
15:36:36,0
15:36:37,1
15:36:38,1
15:36:39,1
15:36:40,1
15:36:41,1
15:36:42,2
15:36:43,2
15:36:44,1
15:36:45,2
15:36:46,2
15:36:47,1
15:36:48,2
15:36:49,1
15:36:50,1
15:36:51,0
15:36:52,2
15:36:53,1
15:36:54,1
15:36:55,1
15:36:56,0
15:36:57,1
15:36:58,1
15:36:59,1
15:37:00,1
15:37:01,1
15:37:02,2
15:37:03,2
15:37:04,0
15:37:05,1
15:37:06,1
15:37:07,1
15:37:08,1
15:37:09,1
15:37:10,0
15:37:11,2
15:37:12,2
15:37:13,2
15:37:14,1
15:37:15,1
15:37:16,1
15:37:17,0
15:37:18,1
15:37:19,1
15:37:20,2
15:37:21,1
15:37:22,1
15:37:23,1
15:37:24,1
15:37:25,1
15:37:26,1
15:37:27,1
15:37:28,1
15:37:29,1
15:37:30,1
15:37:31,1
15:37:32,0
15:37:33,2
15:37:34,1
15:37:35,1
15:37:36,1
15:37:37,2
15:37:38,2
15:37:39,1
15:37:40,2
15:37:41,2
15:37:42,2
15:37:43,1
15:37:44,2
15:37:45,1
15:37:46,1
15:37:47,2
15:37:48,0
15:37:49,2
15:37:50,2
15:37:51,2
15:37:52,1
15:37:53,2
15:37:54,1
15:37:55,2
15:37:56,0
15:37:57,2
15:37:58,2
15:37:59,1
15:38:00,1
15:38:01,2
15:38:02,1
15:38:03,1
15:38:04,2
15:38:05,1
15:38:06,2
15:38:07,2
15:38:08,2
15:38:09,1
15:38:10,1
15:38:11,1
15:38:12,0
15:38:13,1
15:38:14,0
15:38:15,1
15:38:16,1
15:38:17,1
15:38:18,0
15:38:19,0
15:38:20,0
15:38:21,0
15:38:22,0
15:38:23,0
15:38:24,0
15:38:25,0
15:38:26,0
15:38:27,0
15:38:28,0
15:38:29,0
15:38:30,0
15:38:31,0
15:38:32,0
15:38:33,0
15:38:34,0
15:38:35,0
15:38:36,0
15:38:37,0
15:38:38,0
15:38:39,0
15:38:40,0
15:38:41,0
15:38:42,0
15:38:43,0
15:38:44,0
15:38:45,1
15:38:46,1
15:38:47,1
15:38:48,1
15:38:49,1
15:38:50,2
15:38:51,0
15:38:52,1
15:38:53,1
15:38:54,1
15:38:55,2
15:38:56,1
15:38:57,1
15:38:58,0
15:38:59,1
15:39:00,1
15:39:01,1
15:39:02,1
15:39:03,2
15:39:04,1
15:39:05,1
15:39:06,2
15:39:07,2
15:39:08,1
15:39:09,1
15:39:10,2
15:39:11,1
15:39:12,2
15:39:13,2
15:39:14,1
15:39:15,1
15:39:16,2
15:39:17,1
15:39:18,0
15:39:19,2
15:39:20,2
15:39:21,1
15:39:22,1
15:39:23,2
15:39:24,0
15:39:25,1
15:39:26,1
15:39:27,1
15:39:28,0
15:39:29,0
15:39:30,0
15:39:31,1
15:39:32,1
15:39:33,0
15:39:34,1
15:39:35,0
15:39:36,0
15:39:37,0
15:39:38,0
15:39:39,0
15:39:40,0
15:39:41,0
15:39:42,0
15:39:43,0
15:39:44,0
15:39:45,0
15:39:46,0
15:39:47,0
15:39:48,0
15:39:49,0
15:39:50,0
15:39:51,0
15:39:52,0
15:39:53,0
15:39:54,0
15:39:55,0
15:39:56,0
15:39:57,0
15:39:58,0
15:39:59,0
15:40:00,0
15:40:01,0
15:40:02,0
15:40:03,0
15:40:04,0
15:40:05,0
15:40:06,0
15:40:07,0
15:40:08,0
15:40:09,0
15:40:10,0
15:40:11,0
15:40:12,0
15:40:13,0
15:40:14,0
15:40:15,0
15:40:16,0
15:40:17,1
15:40:18,0
15:40:19,0
15:40:20,0
15:40:21,0
15:40:22,0
15:40:23,1
15:40:24,1
15:40:25,0
15:40:26,0
15:40:27,0
15:40:28,0
15:40:29,0
15:40:30,1
15:40:31,0
15:40:32,0
15:40:33,1
15:40:34,0
15:40:35,1
15:40:36,0
15:40:37,1
15:40:38,0
15:40:39,1
15:40:40,1
15:40:41,0
15:40:42,1
15:40:43,1
15:40:44,0
15:40:45,0
15:40:46,0
15:40:47,0
15:40:48,0
15:40:49,0
15:40:50,1
15:40:51,1
15:40:52,0
15:40:53,1
15:40:54,0
15:40:55,1
15:40:56,0
15:40:57,1
15:40:58,0
15:40:59,0
15:41:00,1
15:41:01,0
15:41:02,0
15:41:03,0
15:41:04,0
15:41:05,0
15:41:06,0
15:41:07,1
15:41:08,0
15:41:09,1
15:41:10,1
15:41:11,0
15:41:12,1
15:41:13,0
15:41:14,0
15:41:15,0
15:41:16,0
15:41:17,1
15:41:18,0
15:41:19,0
15:41:20,1
15:41:21,0
15:41:22,1
15:41:23,0
15:41:24,0
15:41:25,0
15:41:26,1
15:41:27,1
15:41:28,0
15:41:29,1
15:41:30,1
15:41:31,1
15:41:32,1
15:41:33,0
15:41:34,0
15:41:35,1
15:41:36,0
15:41:37,0
15:41:38,0
15:41:39,0
15:41:40,1
15:41:41,0
15:41:42,1
15:41:43,0
15:41:44,0
15:41:45,0
15:41:46,1
15:41:47,1
15:41:48,0
15:41:49,0
15:41:50,0
15:41:51,0
15:41:52,0
15:41:53,1
15:41:54,1
15:41:55,0
15:41:56,1
15:41:57,0
15:41:58,1
15:41:59,1
15:42:00,0
15:42:01,0
15:42:02,1
15:42:03,0
15:42:04,1
15:42:05,1
15:42:06,0
15:42:07,1
15:42:08,0
15:42:09,1
15:42:10,0
15:42:11,0
15:42:12,0
15:42:13,0
15:42:14,0
15:42:15,0
15:42:16,0
15:42:17,0
15:42:18,0
15:42:19,0
15:42:20,0
15:42:21,0
15:42:22,1
15:42:23,0
15:42:24,1
15:42:25,0
15:42:26,0
15:42:27,0
15:42:28,0
15:42:29,0
15:42:30,0
15:42:31,0
15:42:32,1
15:42:33,0
15:42:34,1
15:42:35,0
15:42:36,1
15:42:37,1
15:42:38,0
15:42:39,1
15:42:40,0
15:42:41,0
15:42:42,0
15:42:43,0
15:42:44,0
15:42:45,0
15:42:46,0
15:42:47,0
15:42:48,0
15:42:49,0
15:42:50,0
15:42:51,0
15:42:52,1
15:42:53,0
15:42:54,0
15:42:55,0
15:42:56,1
15:42:57,1
15:42:58,0
15:42:59,1
15:43:00,1
15:43:01,0
15:43:02,1
15:43:03,0
15:43:04,1
15:43:05,0
15:43:06,1
15:43:07,1
15:43:08,0
15:43:09,1
15:43:10,0
15:43:11,0
15:43:12,1
15:43:13,1
15:43:14,2
15:43:15,1
15:43:16,2
15:43:17,1
15:43:18,1
15:43:19,2
15:43:20,1
15:43:21,2
15:43:22,2
15:43:23,1
15:43:24,1
15:43:25,1
15:43:26,1
15:43:27,2
15:43:28,1
15:43:29,1
15:43:30,1
15:43:31,1
15:43:32,0
15:43:33,2
15:43:34,1
15:43:35,2
15:43:36,1
15:43:37,0
15:43:38,2
15:43:39,1
15:43:40,2
15:43:41,1
15:43:42,0
15:43:43,1
15:43:44,1
15:43:45,1
15:43:46,0
15:43:47,1
15:43:48,1
15:43:49,1
15:43:50,0
15:43:51,1
15:43:52,1
15:43:53,1
15:43:54,1
15:43:55,0
15:43:56,1
15:43:57,2
15:43:58,2
15:43:59,0
15:44:00,1
15:44:01,1
15:44:02,1
15:44:03,0
15:44:04,1
15:44:05,1
15:44:06,1
15:44:07,0
15:44:08,1
15:44:09,1
15:44:10,1
15:44:11,0
15:44:12,1
15:44:13,0
15:44:14,0
15:44:15,0
15:44:16,1
15:44:17,0
15:44:18,1
15:44:19,1
15:44:20,0
15:44:21,0
15:44:22,0
15:44:23,0
15:44:24,0
15:44:25,0
15:44:26,0
15:44:27,0
15:44:28,0
15:44:29,0
15:44:30,0
15:44:31,0
15:44:32,0
15:44:33,0
15:44:34,0
15:44:35,0
15:44:36,0
15:44:37,0
15:44:38,0
15:44:39,0
15:44:40,0
15:44:41,0
15:44:42,0
15:44:43,0
15:44:44,0
15:44:45,0
15:44:46,0
15:44:47,0
15:44:48,0
15:44:49,0
15:44:50,0
15:44:51,0
15:44:52,0
15:44:53,0
15:44:54,0
15:44:55,0
15:44:56,0
15:44:57,0
15:44:58,0
15:44:59,0
15:45:00,0
15:45:01,0
15:45:02,0
15:45:03,0
15:45:04,0
15:45:05,0
15:45:06,0
15:45:07,0
15:45:08,0
15:45:09,0
15:45:10,0
15:45:11,0
15:45:12,0
15:45:13,0
15:45:14,0
15:45:15,0
15:45:16,0
15:45:17,0
15:45:18,1
15:45:19,0
15:45:20,0
15:45:21,0
15:45:22,0
15:45:23,0
15:45:24,0
15:45:25,0
15:45:26,0
15:45:27,0
15:45:28,0
15:45:29,0
15:45:30,0
15:45:31,0
15:45:32,0
15:45:33,0
15:45:34,0
15:45:35,0
15:45:36,0
15:45:37,0
15:45:38,0
15:45:39,0
15:45:40,1
15:45:41,0
15:45:42,0
15:45:43,0
15:45:44,0
15:45:45,0
15:45:46,0
15:45:47,0
15:45:48,0
15:45:49,0
15:45:50,0
15:45:51,0
15:45:52,0
15:45:53,0
15:45:54,0
15:45:55,0
15:45:56,0
15:45:57,0
15:45:58,0
15:45:59,0
15:46:00,0
15:46:01,0
15:46:02,0
15:46:03,0
15:46:04,0
15:46:05,0
15:46:06,0
15:46:07,0
15:46:08,0
15:46:09,0
15:46:10,0
15:46:11,0
15:46:12,0
15:46:13,0
15:46:14,0
15:46:15,0
15:46:16,0
15:46:17,0
15:46:18,2
15:46:19,1
15:46:20,1
15:46:21,0
15:46:22,1
15:46:23,1
15:46:24,0
15:46:25,0
15:46:26,0
15:46:27,0
15:46:28,0
15:46:29,0
15:46:30,0
15:46:31,0
15:46:32,0
15:46:33,0
15:46:34,0
15:46:35,0
15:46:36,1
15:46:37,0
15:46:38,1
15:46:39,0
15:46:40,0
15:46:41,0
15:46:42,0
15:46:43,0
15:46:44,0
15:46:45,0
15:46:46,1
15:46:47,1
15:46:48,0
15:46:49,0
15:46:50,0
15:46:51,0
15:46:52,0
15:46:53,0
15:46:54,0
15:46:55,1
15:46:56,0
15:46:57,0
15:46:58,1
15:46:59,0
15:47:00,0
15:47:01,0
15:47:02,1
15:47:03,1
15:47:04,2
15:47:05,1
15:47:06,2
15:47:07,2
15:47:08,2
15:47:09,2
15:47:10,1
15:47:11,2
15:47:12,1
15:47:13,0
15:47:14,2
15:47:15,1
15:47:16,1
15:47:17,1
15:47:18,1
15:47:19,1
15:47:20,0
15:47:21,2
15:47:22,1
15:47:23,2
15:47:24,2
15:47:25,2
15:47:26,1
15:47:27,1
15:47:28,1
15:47:29,2
15:47:30,1
15:47:31,2
15:47:32,1
15:47:33,1
15:47:34,1
15:47:35,2
15:47:36,1
15:47:37,1
15:47:38,2
15:47:39,0
15:47:40,1
15:47:41,1
15:47:42,1
15:47:43,2
15:47:44,1
15:47:45,0
15:47:46,1
15:47:47,1
15:47:48,1
15:47:49,0
15:47:50,2
15:47:51,1
15:47:52,1
15:47:53,1
15:47:54,0
15:47:55,1
15:47:56,1
15:47:57,1
15:47:58,1
15:47:59,0
15:48:00,1
15:48:01,1
15:48:02,1
15:48:03,0
15:48:04,1
15:48:05,0
15:48:06,0
15:48:07,0
15:48:08,0
15:48:09,1
15:48:10,0
15:48:11,1
15:48:12,0
15:48:13,0
15:48:14,1
15:48:15,0
15:48:16,0
15:48:17,0
15:48:18,0
15:48:19,0
15:48:20,0
15:48:21,0
15:48:22,0
15:48:23,0
15:48:24,0
15:48:25,0
15:48:26,0
15:48:27,0
15:48:28,0
15:48:29,0
15:48:30,0
15:48:31,0
15:48:32,0
15:48:33,0
15:48:34,0
15:48:35,0
15:48:36,0
15:48:37,0
15:48:38,0
15:48:39,0
15:48:40,0
15:48:41,0
15:48:42,0
15:48:43,0
15:48:44,0
15:48:45,0
15:48:46,0
15:48:47,0
15:48:48,0
15:48:49,0
15:48:50,0
15:48:51,0
15:48:52,0
15:48:53,0
15:48:54,0
15:48:55,0
15:48:56,0
15:48:57,0
15:48:58,0
15:48:59,0
15:49:00,0
15:49:01,0
15:49:02,0
15:49:03,0
15:49:04,0
15:49:05,0
15:49:06,0
15:49:07,0
15:49:08,0
15:49:09,0
15:49:10,0
15:49:11,0
15:49:12,0
15:49:13,0
15:49:14,0
15:49:15,0
15:49:16,0
15:49:17,1
15:49:18,1
15:49:19,0
15:49:20,1
15:49:21,2
15:49:22,0
15:49:23,0
15:49:24,0
15:49:25,1
15:49:26,2
15:49:27,2
15:49:28,1
15:49:29,2
15:49:30,0
15:49:31,1
15:49:32,1
15:49:33,1
15:49:34,1
15:49:35,0
15:49:36,1
15:49:37,1
15:49:38,1
15:49:39,1
15:49:40,1
15:49:41,1
15:49:42,1
15:49:43,0
15:49:44,0
15:49:45,2
15:49:46,0
15:49:47,1
15:49:48,0
15:49:49,0
15:49:50,0
15:49:51,1
15:49:52,1
15:49:53,0
15:49:54,1
15:49:55,1
15:49:56,0
15:49:57,0
15:49:58,0
15:49:59,0
15:50:00,0
15:50:01,0
15:50:02,0
15:50:03,0
15:50:04,0
15:50:05,0
15:50:06,0
15:50:07,0
15:50:08,0
15:50:09,1
15:50:10,1
15:50:11,1
15:50:12,0
15:50:13,0
15:50:14,1
15:50:15,1
15:50:16,1
15:50:17,1
15:50:18,1
15:50:19,1
15:50:20,0
15:50:21,1
15:50:22,1
15:50:23,0
15:50:24,1
15:50:25,0
15:50:26,1
15:50:27,1
15:50:28,1
15:50:29,0
15:50:30,1
15:50:31,0
15:50:32,1
15:50:33,1
15:50:34,0
15:50:35,1
15:50:36,1
15:50:37,1
15:50:38,1
15:50:39,0
15:50:40,1
15:50:41,1
15:50:42,0
15:50:43,0
15:50:44,0
15:50:45,0
15:50:46,0
15:50:47,0
15:50:48,0
15:50:49,0
15:50:50,0
15:50:51,0
15:50:52,1
15:50:53,0
15:50:54,0
15:50:55,0
15:50:56,0
15:50:57,0
15:50:58,0
15:50:59,0
15:51:00,0
15:51:01,0
15:51:02,0
15:51:03,0
15:51:04,0
15:51:05,0
15:51:06,1
15:51:07,0
15:51:08,1
15:51:09,1
15:51:10,1
15:51:11,0
15:51:12,1
15:51:13,1
15:51:14,0
15:51:15,1
15:51:16,1
15:51:17,0
15:51:18,0
15:51:19,0
15:51:20,1
15:51:21,1
15:51:22,0
15:51:23,1
15:51:24,1
15:51:25,1
15:51:26,0
15:51:27,1
15:51:28,1
15:51:29,0
15:51:30,1
15:51:31,0
15:51:32,0
15:51:33,0
15:51:34,0
15:51:35,0
15:51:36,0
15:51:37,0
15:51:38,0
15:51:39,0
15:51:40,0
15:51:41,0
15:51:42,0
15:51:43,0
15:51:44,0
15:51:45,1
15:51:46,1
15:51:47,0
15:51:48,0
15:51:49,0
15:51:50,0
15:51:51,0
15:51:52,1
15:51:53,1
15:51:54,0
15:51:55,2
15:51:56,0
15:51:57,1
15:51:58,1
15:51:59,0
15:52:00,1
15:52:01,1
15:52:02,0
15:52:03,1
15:52:04,1
15:52:05,0
15:52:06,0
15:52:07,0
15:52:08,1
15:52:09,0
15:52:10,0
15:52:11,1
15:52:12,0
15:52:13,0
15:52:14,0
15:52:15,0
15:52:16,0
15:52:17,0
15:52:18,1
15:52:19,0
15:52:20,0
15:52:21,0
15:52:22,0
15:52:23,0
15:52:24,0
15:52:25,0
15:52:26,0
15:52:27,0
15:52:28,0
15:52:29,1
15:52:30,0
15:52:31,0
15:52:32,1
15:52:33,0
15:52:34,1
15:52:35,1
15:52:36,0
15:52:37,1
15:52:38,1
15:52:39,0
15:52:40,1
15:52:41,0
15:52:42,0
15:52:43,1
15:52:44,1
15:52:45,0
15:52:46,1
15:52:47,1
15:52:48,1
15:52:49,0
15:52:50,1
15:52:51,1
15:52:52,2
15:52:53,0
15:52:54,1
15:52:55,1
15:52:56,0
15:52:57,1
15:52:58,0
15:52:59,1
15:53:00,0
15:53:01,1
15:53:02,0
15:53:03,0
15:53:04,0
15:53:05,1
15:53:06,0
15:53:07,0
15:53:08,0
15:53:09,2
15:53:10,0
15:53:11,0
15:53:12,1
15:53:13,0
15:53:14,1
15:53:15,0
15:53:16,1
15:53:17,0
15:53:18,0
15:53:19,0
15:53:20,0
15:53:21,0
15:53:22,2
15:53:23,0
15:53:24,1
15:53:25,1
15:53:26,0
15:53:27,1
15:53:28,0
15:53:29,1
15:53:30,1
15:53:31,0
15:53:32,0
15:53:33,1
15:53:34,1
15:53:35,0
15:53:36,1
15:53:37,1
15:53:38,0
15:53:39,0
15:53:40,1
15:53:41,0
15:53:42,0
15:53:43,0
15:53:44,1
15:53:45,0
15:53:46,0
15:53:47,0
15:53:48,0
15:53:49,0
15:53:50,0
15:53:51,0
15:53:52,0
15:53:53,0
15:53:54,0
15:53:55,0
15:53:56,0
15:53:57,0
15:53:58,0
15:53:59,0
15:54:00,0
15:54:01,0
15:54:02,1
15:54:03,1
15:54:04,0
15:54:05,0
15:54:06,0
15:54:07,0
15:54:08,0
15:54:09,0
15:54:10,0
15:54:11,0
15:54:12,0
15:54:13,0
15:54:14,0
15:54:15,0
15:54:16,0
15:54:17,0
15:54:18,0
15:54:19,0
15:54:20,1
15:54:21,0
15:54:22,0
15:54:23,0
15:54:24,0
15:54:25,0
15:54:26,1
15:54:27,0
15:54:28,0
15:54:29,0
15:54:30,0
15:54:31,0
15:54:32,0
15:54:33,1
15:54:34,0
15:54:35,0
15:54:36,0
15:54:37,0
15:54:38,0
15:54:39,0
15:54:40,0
15:54:41,0
15:54:42,0
15:54:43,0
15:54:44,0
15:54:45,0
15:54:46,0
15:54:47,0
15:54:48,0
15:54:49,0
15:54:50,0
15:54:51,0
15:54:52,0
15:54:53,0
15:54:54,0
15:54:55,0
15:54:56,0
15:54:57,0
15:54:58,1
15:54:59,0
15:55:00,0
15:55:01,1
15:55:02,0
15:55:03,1
15:55:04,0
15:55:05,1
15:55:06,1
15:55:07,0
15:55:08,2
15:55:09,0
15:55:10,1
15:55:11,0
15:55:12,1
15:55:13,0
15:55:14,0
15:55:15,0
15:55:16,0
15:55:17,0
15:55:18,0
15:55:19,0
15:55:20,0
15:55:21,0
15:55:22,0
15:55:23,0
15:55:24,0
15:55:25,0
15:55:26,0
15:55:27,0
15:55:28,0
15:55:29,0
15:55:30,0
15:55:31,0
15:55:32,0
15:55:33,0
15:55:34,0
15:55:35,0
15:55:36,0
15:55:37,0
15:55:38,0
15:55:39,0
15:55:40,0
15:55:41,0
15:55:42,0
15:55:43,0
15:55:44,0
15:55:45,0
15:55:46,0
15:55:47,0
15:55:48,0
15:55:49,0
15:55:50,0
15:55:51,0
15:55:52,0
15:55:53,0
15:55:54,0
15:55:55,0
15:55:56,0
15:55:57,0
15:55:58,0
15:55:59,0
15:56:00,0
15:56:01,0
15:56:02,0
15:56:03,0
15:56:04,0
15:56:05,0
15:56:06,0
15:56:07,0
15:56:08,0
15:56:09,0
15:56:10,0
15:56:11,0
15:56:12,0
15:56:13,0
15:56:14,0
15:56:15,0
15:56:16,0
15:56:17,0
15:56:18,0
15:56:19,0
15:56:20,0
15:56:21,0
15:56:22,0
15:56:23,0
15:56:24,0
15:56:25,0
15:56:26,0
15:56:27,0
15:56:28,0
15:56:29,0
15:56:30,0
15:56:31,0
15:56:32,0
15:56:33,0
15:56:34,0
15:56:35,0
15:56:36,0
15:56:37,0
15:56:38,0
15:56:39,1
15:56:40,1
15:56:41,0
15:56:42,2
15:56:43,0
15:56:44,1
15:56:45,0
15:56:46,0
15:56:47,0
15:56:48,0
15:56:49,0
15:56:50,0
15:56:51,1
15:56:52,0
15:56:53,1
15:56:54,0
15:56:55,1
15:56:56,1
15:56:57,0
15:56:58,0
15:56:59,0
15:57:00,0
15:57:01,0
15:57:02,0
15:57:03,0
15:57:04,0
15:57:05,0
15:57:06,0
15:57:07,0
15:57:08,0
15:57:09,0
15:57:10,0
15:57:11,0
15:57:12,0
15:57:13,1
15:57:14,0
15:57:15,0
15:57:16,0
15:57:17,0
15:57:18,0
15:57:19,1
15:57:20,0
15:57:21,1
15:57:22,0
15:57:23,0
15:57:24,0
15:57:25,0
15:57:26,0
15:57:27,0
15:57:28,0
15:57:29,0
15:57:30,0
15:57:31,0
15:57:32,0
15:57:33,0
15:57:34,0
15:57:35,0
15:57:36,0
15:57:37,0
15:57:38,0
15:57:39,1
15:57:40,0
15:57:41,0
15:57:42,0
15:57:43,0
15:57:44,0
15:57:45,0
15:57:46,0
15:57:47,0
15:57:48,0
15:57:49,1
15:57:50,1
15:57:51,0
15:57:52,1
15:57:53,1
15:57:54,0
15:57:55,1
15:57:56,0
15:57:57,0
15:57:58,0
15:57:59,0
15:58:00,0
15:58:01,1
15:58:02,1
15:58:03,1
15:58:04,0
15:58:05,1
15:58:06,0
15:58:07,0
15:58:08,0
15:58:09,0
15:58:10,0
15:58:11,0
15:58:12,0
15:58:13,0
15:58:14,0
15:58:15,0
15:58:16,0
15:58:17,0
15:58:18,0
15:58:19,0
15:58:20,0
15:58:21,0
15:58:22,0
15:58:23,0
15:58:24,0
15:58:25,0
15:58:26,0
15:58:27,0
15:58:28,0
15:58:29,1
15:58:30,0
15:58:31,0
15:58:32,0
15:58:33,0
15:58:34,0
15:58:35,0
15:58:36,0
15:58:37,0
15:58:38,0
15:58:39,0
15:58:40,0
15:58:41,0
15:58:42,0
15:58:43,0
15:58:44,0
15:58:45,0
15:58:46,0
15:58:47,0
15:58:48,0
15:58:49,0
15:58:50,0
15:58:51,0
15:58:52,0
15:58:53,0
15:58:54,0
15:58:55,0
15:58:56,0
15:58:57,0
15:58:58,0
15:58:59,0
15:59:00,0
15:59:01,0
15:59:02,0
15:59:03,0
15:59:04,1
15:59:05,0
15:59:06,0
15:59:07,0
15:59:08,0
15:59:09,0
15:59:10,0
15:59:11,0
15:59:12,0
15:59:13,0
15:59:14,0
15:59:15,0
15:59:16,0
15:59:17,0
15:59:18,0
15:59:19,0
15:59:20,0
15:59:21,0
15:59:22,0
15:59:23,0
15:59:24,0
15:59:25,0
15:59:26,0
15:59:27,0
15:59:28,0
15:59:29,0
15:59:30,0
15:59:31,1
15:59:32,0
15:59:33,0
15:59:34,0
15:59:35,0
15:59:36,0
15:59:37,1
15:59:38,0
15:59:39,0
15:59:40,0
15:59:41,1
15:59:42,0
15:59:43,1
15:59:44,1
15:59:45,0
15:59:46,0
15:59:47,0
15:59:48,0
15:59:49,0
15:59:50,0
15:59:51,0
15:59:52,0
15:59:53,0
15:59:54,0
15:59:55,0
15:59:56,0
15:59:57,0
15:59:58,0
15:59:59,0
16:00:00,0
16:00:01,0
16:00:02,0
16:00:03,0
16:00:04,0
16:00:05,1
16:00:06,0
16:00:07,1
16:00:08,0
16:00:09,0
16:00:10,0
16:00:11,0
16:00:12,0
16:00:13,0
16:00:14,0
16:00:15,0
16:00:16,0
16:00:17,0
16:00:18,0
16:00:19,1
16:00:20,0
16:00:21,0
16:00:22,0
16:00:23,0
16:00:24,0
16:00:25,0
16:00:26,0
16:00:27,1
16:00:28,1
16:00:29,0
16:00:30,1
16:00:31,0
16:00:32,0
16:00:33,0
16:00:34,0
16:00:35,0
16:00:36,0
16:00:37,0
16:00:38,0
16:00:39,0
16:00:40,0
16:00:41,0
16:00:42,0
16:00:43,0
16:00:44,0
16:00:45,1
16:00:46,0
16:00:47,0
16:00:48,0
16:00:49,0
16:00:50,0
16:00:51,0
16:00:52,0
16:00:53,0
16:00:54,0
16:00:55,0
16:00:56,0
16:00:57,0
16:00:58,0
16:00:59,0
16:01:00,0
16:01:01,0
16:01:02,1
16:01:03,0
16:01:04,0
16:01:05,0
16:01:06,0
16:01:07,0
16:01:08,0
16:01:09,0
16:01:10,0
16:01:11,0
16:01:12,0
16:01:13,0
16:01:14,0
16:01:15,0
16:01:16,0
16:01:17,0
16:01:18,0
16:01:19,0
16:01:20,0
16:01:21,1
16:01:22,0
16:01:23,0
16:01:24,0
16:01:25,1
16:01:26,0
16:01:27,0
16:01:28,0
16:01:29,0
16:01:30,0
16:01:31,0
16:01:32,0
16:01:33,0
16:01:34,1
16:01:35,1
16:01:36,0
16:01:37,1
16:01:38,1
16:01:39,0
16:01:40,0
16:01:41,0
16:01:42,0
16:01:43,0
16:01:44,0
16:01:45,0
16:01:46,0
16:01:47,0
16:01:48,0
16:01:49,0
16:01:50,1
16:01:51,0
16:01:52,0
16:01:53,0
16:01:54,0
16:01:55,0
16:01:56,1
16:01:57,0
16:01:58,0
16:01:59,0
16:02:00,0
16:02:01,0
16:02:02,0
16:02:03,0
16:02:04,0
16:02:05,0
16:02:06,0
16:02:07,0
16:02:08,1
16:02:09,0
16:02:10,0
16:02:11,0
16:02:12,0
16:02:13,0
16:02:14,0
16:02:15,0
16:02:16,1
16:02:17,0
16:02:18,1
16:02:19,1
16:02:20,1
16:02:21,0
16:02:22,0
16:02:23,1
16:02:24,0
16:02:25,0
16:02:26,2
16:02:27,0
16:02:28,0
16:02:29,0
16:02:30,1
16:02:31,0
16:02:32,0
16:02:33,0
16:02:34,0
16:02:35,1
16:02:36,1
16:02:37,0
16:02:38,1
16:02:39,1
16:02:40,0
16:02:41,1
16:02:42,1
16:02:43,1
16:02:44,1
16:02:45,0
16:02:46,0
16:02:47,0
16:02:48,1
16:02:49,1
16:02:50,0
16:02:51,0
16:02:52,0
16:02:53,1
16:02:54,0
16:02:55,0
16:02:56,0
16:02:57,0
16:02:58,0
16:02:59,0
16:03:00,0
16:03:01,0
16:03:02,0
16:03:03,0
16:03:04,0
16:03:05,0
16:03:06,0
16:03:07,0
16:03:08,0
16:03:09,0
16:03:10,0
16:03:11,0
16:03:12,0
16:03:13,0
16:03:14,0
16:03:15,0
16:03:16,0
16:03:17,0
16:03:18,0
16:03:19,0
16:03:20,0
16:03:21,0
16:03:22,0
16:03:23,0
16:03:24,0
16:03:25,0
16:03:26,0
16:03:27,0
16:03:28,0
16:03:29,0
16:03:30,1
16:03:31,0
16:03:32,1
16:03:33,1
16:03:34,2
16:03:35,0
16:03:36,1
16:03:37,1
16:03:38,1
16:03:39,0
16:03:40,0
16:03:41,0
16:03:42,0
16:03:43,0
16:03:44,0
16:03:45,0
16:03:46,0
16:03:47,0
16:03:48,0
16:03:49,0
16:03:50,0
16:03:51,0
16:03:52,0
16:03:53,0
16:03:54,0
16:03:55,0
16:03:56,0
16:03:57,0
16:03:58,0
16:03:59,0
16:04:00,0
16:04:01,0
16:04:02,0
16:04:03,0
16:04:04,0
16:04:05,0
16:04:06,0
16:04:07,0
16:04:08,0
16:04:09,0
16:04:10,0
16:04:11,0
16:04:12,0
16:04:13,0
16:04:14,0
16:04:15,0
16:04:16,0
16:04:17,0
16:04:18,0
16:04:19,0
16:04:20,0
16:04:21,0
16:04:22,0
16:04:23,0
16:04:24,0
16:04:25,0
16:04:26,0
16:04:27,0
16:04:28,0
16:04:29,0
16:04:30,0
16:04:31,0
16:04:32,0
16:04:33,0
16:04:34,0
16:04:35,0
16:04:36,0
16:04:37,0
16:04:38,0
16:04:39,0
16:04:40,0
16:04:41,0
16:04:42,0
16:04:43,0
16:04:44,0
16:04:45,0
16:04:46,0
16:04:47,0
16:04:48,0
16:04:49,0
16:04:50,0
16:04:51,0
16:04:52,0
16:04:53,0
16:04:54,0
16:04:55,0
16:04:56,1
16:04:57,0
16:04:58,1
16:04:59,0
16:05:00,0
16:05:01,0
16:05:02,1
16:05:03,1
16:05:04,0
16:05:05,1
16:05:06,0
16:05:07,0
16:05:08,0
16:05:09,0
16:05:10,0
16:05:11,0
16:05:12,1
16:05:13,0
16:05:14,2
16:05:15,0
16:05:16,1
16:05:17,1
16:05:18,0
16:05:19,0
16:05:20,0
16:05:21,0
16:05:22,0
16:05:23,0
16:05:24,0
16:05:25,0
16:05:26,0
16:05:27,0
16:05:28,0
16:05:29,0
16:05:30,0
16:05:31,0
16:05:32,0
16:05:33,0
16:05:34,0
16:05:35,1
16:05:36,1
16:05:37,1
16:05:38,0
16:05:39,1
16:05:40,1
16:05:41,1
16:05:42,0
16:05:43,1
16:05:44,1
16:05:45,1
16:05:46,0
16:05:47,1
16:05:48,1
16:05:49,0
16:05:50,1
16:05:51,0
16:05:52,0
16:05:53,1
16:05:54,0
16:05:55,1
16:05:56,1
16:05:57,1
16:05:58,1
16:05:59,0
16:06:00,0
16:06:01,2
16:06:02,0
16:06:03,1
16:06:04,0
16:06:05,0
16:06:06,0
16:06:07,1
16:06:08,1
16:06:09,0
16:06:10,1
16:06:11,1
16:06:12,0
16:06:13,1
16:06:14,0
16:06:15,0
16:06:16,0
16:06:17,0
16:06:18,0
16:06:19,0
16:06:20,0
16:06:21,0
16:06:22,0
16:06:23,0
16:06:24,1
16:06:25,0
16:06:26,0
16:06:27,0
16:06:28,1
16:06:29,0
16:06:30,0
16:06:31,0
16:06:32,0
16:06:33,0
16:06:34,0
16:06:35,0
16:06:36,1
16:06:37,0
16:06:38,0
16:06:39,0
16:06:40,0
16:06:41,0
16:06:42,1
16:06:43,1
16:06:44,1
16:06:45,1
16:06:46,0
16:06:47,1
16:06:48,0
16:06:49,1
16:06:50,1
16:06:51,1
16:06:52,1
16:06:53,0
16:06:54,1
16:06:55,1
16:06:56,0
16:06:57,1
16:06:58,0
16:06:59,2
16:07:00,0
16:07:01,0
16:07:02,2
16:07:03,0
16:07:04,0
16:07:05,1
16:07:06,0
16:07:07,1
16:07:08,1
16:07:09,0
16:07:10,1
16:07:11,1
16:07:12,0
16:07:13,1
16:07:14,1
16:07:15,1
16:07:16,0
16:07:17,1
16:07:18,1
16:07:19,0
16:07:20,1
16:07:21,1
16:07:22,1
16:07:23,0
16:07:24,1
16:07:25,1
16:07:26,0
16:07:27,0
16:07:28,0
16:07:29,0
16:07:30,0
16:07:31,1
16:07:32,0
16:07:33,0
16:07:34,1
16:07:35,0
16:07:36,0
16:07:37,1
16:07:38,0
16:07:39,1
16:07:40,0
16:07:41,1
16:07:42,0
16:07:43,0
16:07:44,0
16:07:45,1
16:07:46,0
16:07:47,0
16:07:48,1
16:07:49,0
16:07:50,0
16:07:51,0
16:07:52,1
16:07:53,0
16:07:54,0
16:07:55,0
16:07:56,0
16:07:57,0
16:07:58,0
16:07:59,0
16:08:00,0
16:08:01,0
16:08:02,0
16:08:03,0
16:08:04,0
16:08:05,0
16:08:06,0
16:08:07,0
16:08:08,0
16:08:09,0
16:08:10,0
16:08:11,0
16:08:12,0
16:08:13,0
16:08:14,0
16:08:15,0
16:08:16,0
16:08:17,0
16:08:18,0
16:08:19,1
16:08:20,0
16:08:21,0
16:08:22,0
16:08:23,1
16:08:24,1
16:08:25,0
16:08:26,2
16:08:27,0
16:08:28,0
16:08:29,0
16:08:30,0
16:08:31,1
16:08:32,0
16:08:33,1
16:08:34,0
16:08:35,0
16:08:36,1
16:08:37,1
16:08:38,0
16:08:39,1
16:08:40,1
16:08:41,0
16:08:42,1
16:08:43,0
16:08:44,1
16:08:45,1
16:08:46,0
16:08:47,0
16:08:48,1
16:08:49,1
16:08:50,0
16:08:51,1
16:08:52,0
16:08:53,0
16:08:54,0
16:08:55,0
16:08:56,0
16:08:57,0
16:08:58,0
16:08:59,0
16:09:00,0
16:09:01,0
16:09:02,0
16:09:03,0
16:09:04,0
16:09:05,0
16:09:06,0
16:09:07,0
16:09:08,0
16:09:09,0
16:09:10,0
16:09:11,0
16:09:12,0
16:09:13,0
16:09:14,0
16:09:15,0
16:09:16,0
16:09:17,0
16:09:18,0
16:09:19,0
16:09:20,0
16:09:21,0
16:09:22,0
16:09:23,0
16:09:24,0
16:09:25,0
16:09:26,0
16:09:27,0
16:09:28,1
16:09:29,0
16:09:30,1
16:09:31,0
16:09:32,0
16:09:33,0
16:09:34,0
16:09:35,1
16:09:36,0
16:09:37,1
16:09:38,1
16:09:39,1
16:09:40,0
16:09:41,1
16:09:42,1
16:09:43,0
16:09:44,1
16:09:45,1
16:09:46,0
16:09:47,0
16:09:48,0
16:09:49,0
16:09:50,0
16:09:51,1
16:09:52,0
16:09:53,0
16:09:54,0
16:09:55,0
16:09:56,0
16:09:57,0
16:09:58,0
16:09:59,1
16:10:00,0
16:10:01,1
16:10:02,0
16:10:03,1
16:10:04,0
16:10:05,2
16:10:06,0
16:10:07,1
16:10:08,0
16:10:09,0
16:10:10,0
16:10:11,1
16:10:12,0
16:10:13,0
16:10:14,1
16:10:15,1
16:10:16,0
16:10:17,1
16:10:18,1
16:10:19,0
16:10:20,1
16:10:21,1
16:10:22,1
16:10:23,1
16:10:24,0
16:10:25,1
16:10:26,1
16:10:27,1
16:10:28,0
16:10:29,1
16:10:30,1
16:10:31,0
16:10:32,1
16:10:33,0
16:10:34,0
16:10:35,1
16:10:36,1
16:10:37,0
16:10:38,1
16:10:39,0
16:10:40,0
16:10:41,0
16:10:42,0
16:10:43,0
16:10:44,0
16:10:45,0
16:10:46,0
16:10:47,0
16:10:48,0
16:10:49,0
16:10:50,0
16:10:51,0
16:10:52,0
16:10:53,0
16:10:54,0
16:10:55,0
16:10:56,0
16:10:57,0
16:10:58,0
16:10:59,0
16:11:00,0
16:11:01,0
16:11:02,0
16:11:03,0
16:11:04,0
16:11:05,0
16:11:06,0
16:11:07,0
16:11:08,0
16:11:09,0
16:11:10,0
16:11:11,0
16:11:12,0
16:11:13,0
16:11:14,0
16:11:15,0
16:11:16,0
16:11:17,0
16:11:18,0
16:11:19,0
16:11:20,0
16:11:21,0
16:11:22,0
16:11:23,0
16:11:24,0
16:11:25,0
16:11:26,0
16:11:27,0
16:11:28,0
16:11:29,0
16:11:30,0
16:11:31,0
16:11:32,0
16:11:33,0
16:11:34,0
16:11:35,0
16:11:36,0
16:11:37,0
16:11:38,0
16:11:39,0
16:11:40,0
16:11:41,0
16:11:42,0
16:11:43,1
16:11:44,1
16:11:45,0
16:11:46,0
16:11:47,1
16:11:48,1
16:11:49,0
16:11:50,0
16:11:51,0
16:11:52,1
16:11:53,0
16:11:54,1
16:11:55,1
16:11:56,1
16:11:57,1
16:11:58,0
16:11:59,1
16:12:00,1
16:12:01,1
16:12:02,0
16:12:03,1
16:12:04,1
16:12:05,1
16:12:06,1
16:12:07,1
16:12:08,0
16:12:09,1
16:12:10,1
16:12:11,1
16:12:12,0
16:12:13,0
16:12:14,1
16:12:15,1
16:12:16,1
16:12:17,1
16:12:18,0
16:12:19,1
16:12:20,1
16:12:21,1
16:12:22,1
16:12:23,0
16:12:24,1
16:12:25,1
16:12:26,1
16:12:27,1
16:12:28,1
16:12:29,1
16:12:30,1
16:12:31,1
16:12:32,1
16:12:33,1
16:12:34,1
16:12:35,0
16:12:36,1
16:12:37,1
16:12:38,1
16:12:39,1
16:12:40,0
16:12:41,0
16:12:42,0
16:12:43,0
16:12:44,0
16:12:45,0
16:12:46,0
16:12:47,0
16:12:48,0
16:12:49,1
16:12:50,0
16:12:51,0
16:12:52,0
16:12:53,0
16:12:54,0
16:12:55,0
16:12:56,0
16:12:57,0
16:12:58,0
16:12:59,0
16:13:00,0
16:13:01,0
16:13:02,0
16:13:03,0
16:13:04,0
16:13:05,0
16:13:06,0
16:13:07,0
16:13:08,0
16:13:09,0
16:13:10,0
16:13:11,0
16:13:12,0
16:13:13,0
16:13:14,0
16:13:15,0
16:13:16,0
16:13:17,0
16:13:18,0
16:13:19,0
16:13:20,0
16:13:21,0
16:13:22,0
16:13:23,0
16:13:24,0
16:13:25,0
16:13:26,0
16:13:27,0
16:13:28,0
16:13:29,0
16:13:30,0
16:13:31,0
16:13:32,0
16:13:33,0
16:13:34,0
16:13:35,0
16:13:36,0
16:13:37,0
16:13:38,0
16:13:39,0
16:13:40,0
16:13:41,0
16:13:42,0
16:13:43,0
16:13:44,0
16:13:45,0
16:13:46,0
16:13:47,0
16:13:48,1
16:13:49,0
16:13:50,1
16:13:51,0
16:13:52,1
16:13:53,0
16:13:54,0
16:13:55,0
16:13:56,1
16:13:57,1
16:13:58,0
16:13:59,1
16:14:00,0
16:14:01,1
16:14:02,0
16:14:03,0
16:14:04,0
16:14:05,0
16:14:06,0
16:14:07,0
16:14:08,0
16:14:09,0
16:14:10,0
16:14:11,0
16:14:12,0
16:14:13,0
16:14:14,0
16:14:15,0
16:14:16,0
16:14:17,0
16:14:18,0
16:14:19,0
16:14:20,0
16:14:21,0
16:14:22,0
16:14:23,0
16:14:24,0
16:14:25,1
16:14:26,0
16:14:27,0
16:14:28,0
16:14:29,0
16:14:30,0
16:14:31,0
16:14:32,0
16:14:33,0
16:14:34,0
16:14:35,0
16:14:36,0
16:14:37,0
16:14:38,0
16:14:39,0
16:14:40,0
16:14:41,1
16:14:42,0
16:14:43,0
16:14:44,0
16:14:45,0
16:14:46,0
16:14:47,0
16:14:48,0
16:14:49,0
16:14:50,0
16:14:51,0
16:14:52,0
16:14:53,0
16:14:54,0
16:14:55,0
16:14:56,0
16:14:57,1
16:14:58,0
16:14:59,0
16:15:00,0
16:15:01,0
16:15:02,0
16:15:03,0
16:15:04,0
16:15:05,0
16:15:06,0
16:15:07,0
16:15:08,0
16:15:09,0
16:15:10,0
16:15:11,0
16:15:12,0
16:15:13,0
16:15:14,0
16:15:15,0
16:15:16,0
16:15:17,0
16:15:18,0
16:15:19,0
16:15:20,0
16:15:21,0
16:15:22,0
16:15:23,0
16:15:24,0
16:15:25,0
16:15:26,0
16:15:27,0
16:15:28,0
16:15:29,0
16:15:30,0
16:15:31,0
16:15:32,0
16:15:33,0
16:15:34,0
16:15:35,0
16:15:36,0
16:15:37,0
16:15:38,0
16:15:39,0
16:15:40,0
16:15:41,0
16:15:42,0
16:15:43,0
16:15:44,0
16:15:45,0
16:15:46,0
16:15:47,0
16:15:48,0
16:15:49,0
16:15:50,0
16:15:51,0
16:15:52,0
16:15:53,0
16:15:54,0
16:15:55,0
16:15:56,0
16:15:57,0
16:15:58,0
16:15:59,0
16:16:00,0
16:16:01,0
16:16:02,0
16:16:03,0
16:16:04,0
16:16:05,0
16:16:06,0
16:16:07,0
16:16:08,0
16:16:09,1
16:16:10,0
16:16:11,0
16:16:12,0
16:16:13,1
16:16:14,0
16:16:15,0
16:16:16,1
16:16:17,0
16:16:18,0
16:16:19,0
16:16:20,0
16:16:21,0
16:16:22,1
16:16:23,0
16:16:24,0
16:16:25,0
16:16:26,0
16:16:27,0
16:16:28,0
16:16:29,0
16:16:30,0
16:16:31,0
16:16:32,1
16:16:33,0
16:16:34,0
16:16:35,0
16:16:36,0
16:16:37,0
16:16:38,0
16:16:39,0
16:16:40,0
16:16:41,0
16:16:42,0
16:16:43,0
16:16:44,0
16:16:45,1
16:16:46,1
16:16:47,1
16:16:48,1
16:16:49,1
16:16:50,1
16:16:51,0
16:16:52,1
16:16:53,1
16:16:54,0
16:16:55,1
16:16:56,0
16:16:57,0
16:16:58,1
16:16:59,1
16:17:00,0
16:17:01,0
16:17:02,0
16:17:03,0
16:17:04,0
16:17:05,0
16:17:06,0
16:17:07,1
16:17:08,0
16:17:09,2
16:17:10,0
16:17:11,1
16:17:12,1
16:17:13,1
16:17:14,1
16:17:15,0
16:17:16,1
16:17:17,1
16:17:18,1
16:17:19,1
16:17:20,1
16:17:21,0
16:17:22,1
16:17:23,0
16:17:24,0
16:17:25,1
16:17:26,0
16:17:27,1
16:17:28,1
16:17:29,0
16:17:30,1
16:17:31,0
16:17:32,1
16:17:33,0
16:17:34,0
16:17:35,0
16:17:36,0
16:17:37,0
16:17:38,0
16:17:39,0
16:17:40,0
16:17:41,0
16:17:42,0
16:17:43,1
16:17:44,1
16:17:45,0
16:17:46,0
16:17:47,0
16:17:48,0
16:17:49,0
16:17:50,0
16:17:51,0
16:17:52,0
16:17:53,0
16:17:54,0
16:17:55,0
16:17:56,0
16:17:57,1
16:17:58,1
16:17:59,0
16:18:00,0
16:18:01,0
16:18:02,0
16:18:03,0
16:18:04,0
16:18:05,0
16:18:06,0
16:18:07,1
16:18:08,1
16:18:09,0
16:18:10,1
16:18:11,0
16:18:12,1
16:18:13,0
16:18:14,0
16:18:15,0
16:18:16,0
16:18:17,0
16:18:18,0
16:18:19,0
16:18:20,0
16:18:21,0
16:18:22,0
16:18:23,1
16:18:24,0
16:18:25,0
16:18:26,1
16:18:27,0
16:18:28,0
16:18:29,0
16:18:30,0
16:18:31,1
16:18:32,0
16:18:33,0
16:18:34,0
16:18:35,1
16:18:36,1
16:18:37,1
16:18:38,1
16:18:39,1
16:18:40,1
16:18:41,1
16:18:42,1
16:18:43,1
16:18:44,2
16:18:45,2
16:18:46,1
16:18:47,1
16:18:48,1
16:18:49,2
16:18:50,1
16:18:51,1
16:18:52,2
16:18:53,1
16:18:54,2
16:18:55,2
16:18:56,2
16:18:57,0
16:18:58,2
16:18:59,1
16:19:00,1
16:19:01,2
16:19:02,1
16:19:03,2
16:19:04,2
16:19:05,2
16:19:06,1
16:19:07,2
16:19:08,1
16:19:09,2
16:19:10,1
16:19:11,2
16:19:12,0
16:19:13,2
16:19:14,2
16:19:15,2
16:19:16,1
16:19:17,2
16:19:18,2
16:19:19,1
16:19:20,1
16:19:21,1
16:19:22,2
16:19:23,1
16:19:24,1
16:19:25,1
16:19:26,1
16:19:27,1
16:19:28,1
16:19:29,1
16:19:30,1
16:19:31,1
16:19:32,1
16:19:33,1
16:19:34,1
16:19:35,2
16:19:36,0
16:19:37,2
16:19:38,1
16:19:39,1
16:19:40,1
16:19:41,1
16:19:42,1
16:19:43,1
16:19:44,1
16:19:45,1
16:19:46,1
16:19:47,0
16:19:48,1
16:19:49,1
16:19:50,1
16:19:51,1
16:19:52,0
16:19:53,1
16:19:54,1
16:19:55,0
16:19:56,0
16:19:57,0
16:19:58,0
16:19:59,0
16:20:00,0
16:20:01,0
16:20:02,0
16:20:03,0
16:20:04,0
16:20:05,1
16:20:06,0
16:20:07,1
16:20:08,0
16:20:09,0
16:20:10,1
16:20:11,0
16:20:12,1
16:20:13,1
16:20:14,1
16:20:15,1
16:20:16,1
16:20:17,1
16:20:18,1
16:20:19,1
16:20:20,0
16:20:21,1
16:20:22,2
16:20:23,1
16:20:24,1
16:20:25,1
16:20:26,1
16:20:27,1
16:20:28,0
16:20:29,1
16:20:30,1
16:20:31,1
16:20:32,1
16:20:33,1
16:20:34,0
16:20:35,2
16:20:36,2
16:20:37,2
16:20:38,1
16:20:39,2
16:20:40,2
16:20:41,1
16:20:42,2
16:20:43,1
16:20:44,1
16:20:45,2
16:20:46,2
16:20:47,1
16:20:48,2
16:20:49,1
16:20:50,2
16:20:51,1
16:20:52,2
16:20:53,1
16:20:54,0
16:20:55,1
16:20:56,0
16:20:57,1
16:20:58,0
16:20:59,0
16:21:00,0
16:21:01,0
16:21:02,0
16:21:03,0
16:21:04,0
16:21:05,0
16:21:06,1
16:21:07,0
16:21:08,2
16:21:09,2
16:21:10,1
16:21:11,1
16:21:12,1
16:21:13,2
16:21:14,2
16:21:15,1
16:21:16,1
16:21:17,2
16:21:18,1
16:21:19,2
16:21:20,1
16:21:21,1
16:21:22,2
16:21:23,1
16:21:24,1
16:21:25,2
16:21:26,1
16:21:27,0
16:21:28,1
16:21:29,1
16:21:30,1
16:21:31,1
16:21:32,1
16:21:33,1
16:21:34,1
16:21:35,1
16:21:36,0
16:21:37,1
16:21:38,1
16:21:39,2
16:21:40,1
16:21:41,1
16:21:42,1
16:21:43,0
16:21:44,1
16:21:45,1
16:21:46,2
16:21:47,1
16:21:48,1
16:21:49,2
16:21:50,2
16:21:51,1
16:21:52,1
16:21:53,1
16:21:54,1
16:21:55,1
16:21:56,1
16:21:57,2
16:21:58,1
16:21:59,2
16:22:00,1
16:22:01,1
16:22:02,1
16:22:03,1
16:22:04,0
16:22:05,2
16:22:06,0
16:22:07,1
16:22:08,1
16:22:09,1
16:22:10,1
16:22:11,1
16:22:12,1
16:22:13,0
16:22:14,1
16:22:15,1
16:22:16,2
16:22:17,1
16:22:18,1
16:22:19,1
16:22:20,0
16:22:21,1
16:22:22,1
16:22:23,1
16:22:24,1
16:22:25,1
16:22:26,1
16:22:27,0
16:22:28,1
16:22:29,1
16:22:30,1
16:22:31,1
16:22:32,1
16:22:33,1
16:22:34,0
16:22:35,1
16:22:36,1
16:22:37,1
16:22:38,1
16:22:39,0
16:22:40,1
16:22:41,1
16:22:42,0
16:22:43,0
16:22:44,0
16:22:45,0
16:22:46,0
16:22:47,0
16:22:48,0
16:22:49,0
16:22:50,0
16:22:51,2
16:22:52,0
16:22:53,1
16:22:54,1
16:22:55,1
16:22:56,1
16:22:57,1
16:22:58,0
16:22:59,1
16:23:00,1
16:23:01,1
16:23:02,1
16:23:03,1
16:23:04,1
16:23:05,0
16:23:06,1
16:23:07,1
16:23:08,1
16:23:09,1
16:23:10,1
16:23:11,0
16:23:12,1
16:23:13,1
16:23:14,1
16:23:15,0
16:23:16,2
16:23:17,0
16:23:18,1
16:23:19,1
16:23:20,1
16:23:21,1
16:23:22,1
16:23:23,0
16:23:24,1
16:23:25,1
16:23:26,1
16:23:27,0
16:23:28,1
16:23:29,0
16:23:30,0
16:23:31,0
16:23:32,0
16:23:33,1
16:23:34,1
16:23:35,1
16:23:36,0
16:23:37,0
16:23:38,0
16:23:39,0
16:23:40,0
16:23:41,0
16:23:42,1
16:23:43,0
16:23:44,0
16:23:45,0
16:23:46,1
16:23:47,1
16:23:48,0
16:23:49,1
16:23:50,1
16:23:51,1
16:23:52,1
16:23:53,1
16:23:54,1
16:23:55,1
16:23:56,1
16:23:57,1
16:23:58,1
16:23:59,1
16:24:00,1
16:24:01,1
16:24:02,0
16:24:03,1
16:24:04,1
16:24:05,1
16:24:06,1
16:24:07,0
16:24:08,0
16:24:09,0
16:24:10,0
16:24:11,0
16:24:12,0
16:24:13,0
16:24:14,0
16:24:15,0
16:24:16,0
16:24:17,0
16:24:18,0
16:24:19,0
16:24:20,0
16:24:21,0
16:24:22,0
16:24:23,0
16:24:24,0
16:24:25,0
16:24:26,0
16:24:27,0
16:24:28,0
16:24:29,0
16:24:30,0
16:24:31,0
16:24:32,0
16:24:33,0
16:24:34,0
16:24:35,0
16:24:36,0
16:24:37,0
16:24:38,0
16:24:39,0
16:24:40,0
16:24:41,0
16:24:42,0
16:24:43,0
16:24:44,0
16:24:45,0
16:24:46,0
16:24:47,0
16:24:48,0
16:24:49,0
16:24:50,0
16:24:51,0
16:24:52,0
16:24:53,0
16:24:54,0
16:24:55,0
16:24:56,0
16:24:57,0
16:24:58,0
16:24:59,0
16:25:00,0
16:25:01,0
16:25:02,0
16:25:03,0
16:25:04,0
16:25:05,0
16:25:06,0
16:25:07,0
16:25:08,1
16:25:09,0
16:25:10,0
16:25:11,0
16:25:12,0
16:25:13,0
16:25:14,0
16:25:15,0
16:25:16,0
16:25:17,0
16:25:18,0
16:25:19,0
16:25:20,0
16:25:21,0
16:25:22,0
16:25:23,0
16:25:24,0
16:25:25,0
16:25:26,0
16:25:27,0
16:25:28,0
16:25:29,0
16:25:30,0
16:25:31,1
16:25:32,0
16:25:33,0
16:25:34,0
16:25:35,0
16:25:36,0
16:25:37,0
16:25:38,0
16:25:39,0
16:25:40,0
16:25:41,0
16:25:42,0
16:25:43,0
16:25:44,0
16:25:45,0
16:25:46,0
16:25:47,0
16:25:48,0
16:25:49,0
16:25:50,0
16:25:51,0
16:25:52,0
16:25:53,0
16:25:54,0
16:25:55,0
16:25:56,0
16:25:57,0
16:25:58,0
16:25:59,0
16:26:00,0
16:26:01,1
16:26:02,0
16:26:03,0
16:26:04,0
16:26:05,0
16:26:06,1
16:26:07,0
16:26:08,0
16:26:09,1
16:26:10,0
16:26:11,0
16:26:12,0
16:26:13,0
16:26:14,0
16:26:15,0
16:26:16,0
16:26:17,0
16:26:18,0
16:26:19,0
16:26:20,0
16:26:21,0
16:26:22,0
16:26:23,0
16:26:24,1
16:26:25,0
16:26:26,0
16:26:27,0
16:26:28,0
16:26:29,0
16:26:30,0
16:26:31,0
16:26:32,0
16:26:33,0
16:26:34,0
16:26:35,0
16:26:36,1
16:26:37,0
16:26:38,0
16:26:39,1
16:26:40,0
16:26:41,1
16:26:42,1
16:26:43,0
16:26:44,1
16:26:45,0
16:26:46,0
16:26:47,0
16:26:48,0
16:26:49,0
16:26:50,0
16:26:51,0
16:26:52,0
16:26:53,0
16:26:54,0
16:26:55,0
16:26:56,0
16:26:57,1
16:26:58,0
16:26:59,0
16:27:00,0
16:27:01,0
16:27:02,1
16:27:03,0
16:27:04,1
16:27:05,0
16:27:06,0
16:27:07,0
16:27:08,0
16:27:09,0
16:27:10,0
16:27:11,0
16:27:12,0
16:27:13,1
16:27:14,0
16:27:15,0
16:27:16,0
16:27:17,0
16:27:18,0
16:27:19,0
16:27:20,0
16:27:21,0
16:27:22,0
16:27:23,0
16:27:24,0
16:27:25,0
16:27:26,0
16:27:27,0
16:27:28,0
16:27:29,1
16:27:30,0
16:27:31,1
16:27:32,0
16:27:33,0
16:27:34,0
16:27:35,0
16:27:36,1
16:27:37,1
16:27:38,0
16:27:39,0
16:27:40,0
16:27:41,0
16:27:42,0
16:27:43,1
16:27:44,0
16:27:45,0
16:27:46,0
16:27:47,0
16:27:48,0
16:27:49,0
16:27:50,0
16:27:51,0
16:27:52,0
16:27:53,0
16:27:54,0
16:27:55,1
16:27:56,0
16:27:57,0
16:27:58,0
16:27:59,0
16:28:00,0
16:28:01,0
16:28:02,0
16:28:03,0
16:28:04,0
16:28:05,0
16:28:06,1
16:28:07,1
16:28:08,0
16:28:09,0
16:28:10,0
16:28:11,0
16:28:12,0
16:28:13,0
16:28:14,0
16:28:15,0
16:28:16,0
16:28:17,0
16:28:18,0
16:28:19,0
16:28:20,1
16:28:21,0
16:28:22,0
16:28:23,0
16:28:24,0
16:28:25,0
16:28:26,0
16:28:27,0
16:28:28,0
16:28:29,0
16:28:30,0
16:28:31,0
16:28:32,0
16:28:33,0
16:28:34,0
16:28:35,0
16:28:36,0
16:28:37,0
16:28:38,0
16:28:39,0
16:28:40,0
16:28:41,0
16:28:42,0
16:28:43,0
16:28:44,0
16:28:45,0
16:28:46,0
16:28:47,0
16:28:48,0
16:28:49,0
16:28:50,0
16:28:51,0
16:28:52,0
16:28:53,0
16:28:54,0
16:28:55,0
16:28:56,0
16:28:57,0
16:28:58,0
16:28:59,0
16:29:00,0
16:29:01,1
16:29:02,0
16:29:03,0
16:29:04,1
16:29:05,0
16:29:06,0
16:29:07,0
16:29:08,0
16:29:09,0
16:29:10,0
16:29:11,0
16:29:12,0
16:29:13,0
16:29:14,0
16:29:15,0
16:29:16,0
16:29:17,0
16:29:18,0
16:29:19,0
16:29:20,0
16:29:21,0
16:29:22,1
16:29:23,0
16:29:24,0
16:29:25,0
16:29:26,0
16:29:27,0
16:29:28,0
16:29:29,0
16:29:30,0
16:29:31,0
16:29:32,0
16:29:33,0
16:29:34,0
16:29:35,0
16:29:36,0
16:29:37,0
16:29:38,0
16:29:39,0
16:29:40,0
16:29:41,0
16:29:42,0
16:29:43,1
16:29:44,0
16:29:45,0
16:29:46,0
16:29:47,0
16:29:48,0
16:29:49,0
16:29:50,0
16:29:51,0
16:29:52,0
16:29:53,0
16:29:54,0
16:29:55,0
16:29:56,0
16:29:57,0
16:29:58,0
16:29:59,0
16:30:00,0
16:30:01,0
16:30:02,0
16:30:03,0
16:30:04,0
16:30:05,0
16:30:06,1
16:30:07,0
16:30:08,0
16:30:09,0
16:30:10,0
16:30:11,1
16:30:12,0
16:30:13,1
16:30:14,0
16:30:15,1
16:30:16,0
16:30:17,0
16:30:18,0
16:30:19,1
16:30:20,0
16:30:21,0
16:30:22,0
16:30:23,0
16:30:24,0
16:30:25,0
16:30:26,0
16:30:27,0
16:30:28,0
16:30:29,0
16:30:30,0
16:30:31,0
16:30:32,0
16:30:33,0
16:30:34,0
16:30:35,0
16:30:36,0
16:30:37,0
16:30:38,0
16:30:39,0
16:30:40,0
16:30:41,0
16:30:42,0
16:30:43,0
16:30:44,0
16:30:45,0
16:30:46,0
16:30:47,0
16:30:48,0
16:30:49,0
16:30:50,0
16:30:51,0
16:30:52,0
16:30:53,0
16:30:54,0
16:30:55,1
16:30:56,0
16:30:57,0
16:30:58,0
16:30:59,1
16:31:00,0
16:31:01,0
16:31:02,0
16:31:03,0
16:31:04,0
16:31:05,0
16:31:06,0
16:31:07,0
16:31:08,0
16:31:09,1
16:31:10,0
16:31:11,0
16:31:12,0
16:31:13,0
16:31:14,0
16:31:15,0
16:31:16,0
16:31:17,0
16:31:18,0
16:31:19,0
16:31:20,0
16:31:21,1
16:31:22,0
16:31:23,0
16:31:24,0
16:31:25,0
16:31:26,0
16:31:27,0
16:31:28,0
16:31:29,0
16:31:30,0
16:31:31,0
16:31:32,0
16:31:33,0
16:31:34,0
16:31:35,0
16:31:36,0
16:31:37,0
16:31:38,1
16:31:39,0
16:31:40,1
16:31:41,0
16:31:42,0
16:31:43,0
16:31:44,1
16:31:45,0
16:31:46,0
16:31:47,0
16:31:48,0
16:31:49,0
16:31:50,0
16:31:51,0
16:31:52,0
16:31:53,0
16:31:54,0
16:31:55,0
16:31:56,0
16:31:57,1
16:31:58,1
16:31:59,1
16:32:00,1
16:32:01,0
16:32:02,2
16:32:03,0
16:32:04,2
16:32:05,2
16:32:06,1
16:32:07,1
16:32:08,1
16:32:09,1
16:32:10,0
16:32:11,2
16:32:12,2
16:32:13,2
16:32:14,2
16:32:15,1
16:32:16,1
16:32:17,2
16:32:18,1
16:32:19,1
16:32:20,1
16:32:21,2
16:32:22,2
16:32:23,2
16:32:24,1
16:32:25,2
16:32:26,0
16:32:27,1
16:32:28,1
16:32:29,1
16:32:30,1
16:32:31,2
16:32:32,1
16:32:33,1
16:32:34,1
16:32:35,1
16:32:36,1
16:32:37,0
16:32:38,2
16:32:39,1
16:32:40,1
16:32:41,1
16:32:42,1
16:32:43,1
16:32:44,1
16:32:45,1
16:32:46,1
16:32:47,0
16:32:48,1
16:32:49,1
16:32:50,1
16:32:51,1
16:32:52,1
16:32:53,1
16:32:54,1
16:32:55,1
16:32:56,0
16:32:57,1
16:32:58,1
16:32:59,1
16:33:00,1
16:33:01,1
16:33:02,1
16:33:03,1
16:33:04,1
16:33:05,1
16:33:06,0
16:33:07,1
16:33:08,1
16:33:09,1
16:33:10,1
16:33:11,1
16:33:12,1
16:33:13,1
16:33:14,0
16:33:15,1
16:33:16,1
16:33:17,1
16:33:18,1
16:33:19,1
16:33:20,1
16:33:21,1
16:33:22,1
16:33:23,0
16:33:24,1
16:33:25,1
16:33:26,1
16:33:27,2
16:33:28,1
16:33:29,1
16:33:30,1
16:33:31,1
16:33:32,0
16:33:33,1
16:33:34,1
16:33:35,1
16:33:36,1
16:33:37,1
16:33:38,1
16:33:39,0
16:33:40,1
16:33:41,1
16:33:42,1
16:33:43,1
16:33:44,1
16:33:45,0
16:33:46,1
16:33:47,1
16:33:48,1
16:33:49,1
16:33:50,0
16:33:51,1
16:33:52,1
16:33:53,1
16:33:54,1
16:33:55,1
16:33:56,0
16:33:57,1
16:33:58,1
16:33:59,1
16:34:00,0
16:34:01,1
16:34:02,1
16:34:03,1
16:34:04,1
16:34:05,0
16:34:06,0
16:34:07,0
16:34:08,0
16:34:09,0
16:34:10,0
16:34:11,0
16:34:12,0
16:34:13,0
16:34:14,0
16:34:15,1
16:34:16,0
16:34:17,0
16:34:18,0
16:34:19,0
16:34:20,0
16:34:21,0
16:34:22,0
16:34:23,0
16:34:24,0
16:34:25,0
16:34:26,0
16:34:27,0
16:34:28,1
16:34:29,0
16:34:30,0
16:34:31,0
16:34:32,0
16:34:33,1
16:34:34,0
16:34:35,0
16:34:36,0
16:34:37,1
16:34:38,0
16:34:39,0
16:34:40,0
16:34:41,0
16:34:42,0
16:34:43,0
16:34:44,0
16:34:45,0
16:34:46,0
16:34:47,0
16:34:48,0
16:34:49,0
16:34:50,0
16:34:51,1
16:34:52,1
16:34:53,0
16:34:54,0
16:34:55,0
16:34:56,0
16:34:57,0
16:34:58,0
16:34:59,0
16:35:00,0
16:35:01,1
16:35:02,0
16:35:03,0
16:35:04,1
16:35:05,0
16:35:06,0
16:35:07,1
16:35:08,0
16:35:09,1
16:35:10,0
16:35:11,0
16:35:12,1
16:35:13,0
16:35:14,0
16:35:15,0
16:35:16,0
16:35:17,0
16:35:18,1
16:35:19,1
16:35:20,0
16:35:21,1
16:35:22,0
16:35:23,1
16:35:24,1
16:35:25,0
16:35:26,0
16:35:27,0
16:35:28,1
16:35:29,0
16:35:30,0
16:35:31,0
16:35:32,0
16:35:33,0
16:35:34,1
16:35:35,0
16:35:36,1
16:35:37,0
16:35:38,0
16:35:39,0
16:35:40,1
16:35:41,0
16:35:42,0
16:35:43,0
16:35:44,0
16:35:45,0
16:35:46,1
16:35:47,1
16:35:48,0
16:35:49,0
16:35:50,0
16:35:51,0
16:35:52,0
16:35:53,0
16:35:54,0
16:35:55,0
16:35:56,0
16:35:57,1
16:35:58,0
16:35:59,0
16:36:00,0
16:36:01,0
16:36:02,0
16:36:03,0
16:36:04,0
16:36:05,0
16:36:06,0
16:36:07,0
16:36:08,1
16:36:09,0
16:36:10,0
16:36:11,0
16:36:12,0
16:36:13,0
16:36:14,0
16:36:15,0
16:36:16,0
16:36:17,0
16:36:18,1
16:36:19,0
16:36:20,0
16:36:21,0
16:36:22,0
16:36:23,0
16:36:24,0
16:36:25,1
16:36:26,0
16:36:27,0
16:36:28,0
16:36:29,0
16:36:30,0
16:36:31,0
16:36:32,0
16:36:33,0
16:36:34,0
16:36:35,0
16:36:36,0
16:36:37,0
16:36:38,0
16:36:39,0
16:36:40,0
16:36:41,0
16:36:42,0
16:36:43,0
16:36:44,0
16:36:45,0
16:36:46,0
16:36:47,0
16:36:48,0
16:36:49,0
16:36:50,0
16:36:51,0
16:36:52,0
16:36:53,0
16:36:54,0
16:36:55,0
16:36:56,0
16:36:57,0
16:36:58,1
16:36:59,0
16:37:00,0
16:37:01,1
16:37:02,1
16:37:03,0
16:37:04,0
16:37:05,1
16:37:06,0
16:37:07,1
16:37:08,0
16:37:09,0
16:37:10,0
16:37:11,1
16:37:12,0
16:37:13,0
16:37:14,0
16:37:15,0
16:37:16,0
16:37:17,0
16:37:18,0
16:37:19,0
16:37:20,0
16:37:21,0
16:37:22,0
16:37:23,0
16:37:24,0
16:37:25,1
16:37:26,0
16:37:27,0
16:37:28,0
16:37:29,0
16:37:30,0
16:37:31,1
16:37:32,0
16:37:33,1
16:37:34,0
16:37:35,0
16:37:36,1
16:37:37,0
16:37:38,0
16:37:39,0
16:37:40,1
16:37:41,0
16:37:42,0
16:37:43,0
16:37:44,0
16:37:45,0
16:37:46,0
16:37:47,0
16:37:48,0
16:37:49,0
16:37:50,0
16:37:51,0
16:37:52,0
16:37:53,1
16:37:54,0
16:37:55,0
16:37:56,1
16:37:57,0
16:37:58,0
16:37:59,0
16:38:00,0
16:38:01,1
16:38:02,0
16:38:03,1
16:38:04,0
16:38:05,0
16:38:06,0
16:38:07,0
16:38:08,0
16:38:09,0
16:38:10,0
16:38:11,0
16:38:12,0
16:38:13,0
16:38:14,0
16:38:15,0
16:38:16,0
16:38:17,0
16:38:18,1
16:38:19,0
16:38:20,0
16:38:21,0
16:38:22,0
16:38:23,0
16:38:24,0
16:38:25,0
16:38:26,0
16:38:27,1
16:38:28,1
16:38:29,0
16:38:30,1
16:38:31,0
16:38:32,0
16:38:33,0
16:38:34,0
16:38:35,0
16:38:36,0
16:38:37,0
16:38:38,1
16:38:39,0
16:38:40,0
16:38:41,0
16:38:42,0
16:38:43,0
16:38:44,0
16:38:45,0
16:38:46,0
16:38:47,1
16:38:48,1
16:38:49,0
16:38:50,1
16:38:51,0
16:38:52,0
16:38:53,0
16:38:54,0
16:38:55,0
16:38:56,0
16:38:57,0
16:38:58,0
16:38:59,0
16:39:00,0
16:39:01,1
16:39:02,0
16:39:03,1
16:39:04,0
16:39:05,0
16:39:06,0
16:39:07,0
16:39:08,0
16:39:09,0
16:39:10,0
16:39:11,0
16:39:12,0
16:39:13,0
16:39:14,1
16:39:15,0
16:39:16,1
16:39:17,0
16:39:18,0
16:39:19,1
16:39:20,1
16:39:21,0
16:39:22,0
16:39:23,0
16:39:24,0
16:39:25,0
16:39:26,1
16:39:27,0
16:39:28,0
16:39:29,0
16:39:30,0
16:39:31,0
16:39:32,0
16:39:33,0
16:39:34,0
16:39:35,0
16:39:36,0
16:39:37,0
16:39:38,0
16:39:39,0
16:39:40,0
16:39:41,0
16:39:42,0
16:39:43,0
16:39:44,0
16:39:45,0
16:39:46,0
16:39:47,0
16:39:48,0
16:39:49,0
16:39:50,0
16:39:51,1
16:39:52,1
16:39:53,0
16:39:54,0
16:39:55,0
16:39:56,0
16:39:57,0
16:39:58,0
16:39:59,0
16:40:00,0
16:40:01,0
16:40:02,0
16:40:03,1
16:40:04,1
16:40:05,0
16:40:06,0
16:40:07,0
16:40:08,0
16:40:09,0
16:40:10,0
16:40:11,0
16:40:12,0
16:40:13,0
16:40:14,0
16:40:15,0
16:40:16,1
16:40:17,0
16:40:18,0
16:40:19,0
16:40:20,0
16:40:21,1
16:40:22,0
16:40:23,0
16:40:24,0
16:40:25,0
16:40:26,0
16:40:27,1
16:40:28,0
16:40:29,0
16:40:30,0
16:40:31,0
16:40:32,0
16:40:33,0
16:40:34,1
16:40:35,0
16:40:36,0
16:40:37,0
16:40:38,0
16:40:39,0
16:40:40,0
16:40:41,0
16:40:42,0
16:40:43,0
16:40:44,0
16:40:45,0
16:40:46,0
16:40:47,0
16:40:48,0
16:40:49,0
16:40:50,0
16:40:51,0
16:40:52,0
16:40:53,0
16:40:54,0
16:40:55,0
16:40:56,0
16:40:57,0
16:40:58,0
16:40:59,0
16:41:00,0
16:41:01,0
16:41:02,0
16:41:03,1
16:41:04,0
16:41:05,1
16:41:06,0
16:41:07,1
16:41:08,0
16:41:09,1
16:41:10,0
16:41:11,0
16:41:12,1
16:41:13,0
16:41:14,0
16:41:15,0
16:41:16,0
16:41:17,0
16:41:18,0
16:41:19,0
16:41:20,0
16:41:21,1
16:41:22,0
16:41:23,1
16:41:24,0
16:41:25,0
16:41:26,1
16:41:27,0
16:41:28,0
16:41:29,1
16:41:30,0
16:41:31,0
16:41:32,1
16:41:33,0
16:41:34,2
16:41:35,0
16:41:36,1
16:41:37,1
16:41:38,1
16:41:39,0
16:41:40,1
16:41:41,1
16:41:42,1
16:41:43,0
16:41:44,1
16:41:45,1
16:41:46,0
16:41:47,1
16:41:48,1
16:41:49,1
16:41:50,0
16:41:51,1
16:41:52,1
16:41:53,0
16:41:54,1
16:41:55,1
16:41:56,1
16:41:57,1
16:41:58,0
16:41:59,1
16:42:00,1
16:42:01,1
16:42:02,1
16:42:03,0
16:42:04,1
16:42:05,1
16:42:06,1
16:42:07,0
16:42:08,1
16:42:09,1
16:42:10,1
16:42:11,0
16:42:12,1
16:42:13,0
16:42:14,2
16:42:15,0
16:42:16,1
16:42:17,1
16:42:18,0
16:42:19,1
16:42:20,1
16:42:21,1
16:42:22,1
16:42:23,1
16:42:24,0
16:42:25,1
16:42:26,1
16:42:27,1
16:42:28,1
16:42:29,1
16:42:30,1
16:42:31,1
16:42:32,0
16:42:33,1
16:42:34,1
16:42:35,1
16:42:36,0
16:42:37,1
16:42:38,1
16:42:39,1
16:42:40,0
16:42:41,1
16:42:42,1
16:42:43,0
16:42:44,0
16:42:45,0
16:42:46,0
16:42:47,0
16:42:48,0
16:42:49,1
16:42:50,0
16:42:51,0
16:42:52,0
16:42:53,0
16:42:54,0
16:42:55,1
16:42:56,0
16:42:57,1
16:42:58,0
16:42:59,0
16:43:00,1
16:43:01,0
16:43:02,0
16:43:03,0
16:43:04,0
16:43:05,0
16:43:06,0
16:43:07,0
16:43:08,0
16:43:09,0
16:43:10,0
16:43:11,1
16:43:12,0
16:43:13,0
16:43:14,0
16:43:15,0
16:43:16,0
16:43:17,0
16:43:18,0
16:43:19,1
16:43:20,0
16:43:21,2
16:43:22,0
16:43:23,0
16:43:24,0
16:43:25,0
16:43:26,0
16:43:27,0
16:43:28,0
16:43:29,0
16:43:30,1
16:43:31,0
16:43:32,1
16:43:33,1
16:43:34,1
16:43:35,0
16:43:36,0
16:43:37,1
16:43:38,0
16:43:39,1
16:43:40,1
16:43:41,0
16:43:42,0
16:43:43,0
16:43:44,1
16:43:45,0
16:43:46,0
16:43:47,0
16:43:48,0
16:43:49,0
16:43:50,0
16:43:51,0
16:43:52,0
16:43:53,0
16:43:54,0
16:43:55,0
16:43:56,0
16:43:57,0
16:43:58,1
16:43:59,0
16:44:00,0
16:44:01,0
16:44:02,0
16:44:03,0
16:44:04,1
16:44:05,0
16:44:06,0
16:44:07,0
16:44:08,0
16:44:09,0
16:44:10,0
16:44:11,0
16:44:12,0
16:44:13,0
16:44:14,0
16:44:15,0
16:44:16,0
16:44:17,0
16:44:18,0
16:44:19,0
16:44:20,0
16:44:21,1
16:44:22,1
16:44:23,0
16:44:24,1
16:44:25,0
16:44:26,0
16:44:27,0
16:44:28,0
16:44:29,0
16:44:30,0
16:44:31,0
16:44:32,1
16:44:33,0
16:44:34,1
16:44:35,0
16:44:36,0
16:44:37,0
16:44:38,1
16:44:39,0
16:44:40,1
16:44:41,1
16:44:42,0
16:44:43,1
16:44:44,1
16:44:45,0
16:44:46,1
16:44:47,1
16:44:48,0
16:44:49,1
16:44:50,0
16:44:51,1
16:44:52,0
16:44:53,0
16:44:54,1
16:44:55,1
16:44:56,1
16:44:57,0
16:44:58,1
16:44:59,0
16:45:00,1
16:45:01,1
16:45:02,0
16:45:03,0
16:45:04,0
16:45:05,1
16:45:06,0
16:45:07,1
16:45:08,0
16:45:09,1
16:45:10,0
16:45:11,1
16:45:12,1
16:45:13,0
16:45:14,0
16:45:15,0
16:45:16,0
16:45:17,0
16:45:18,0
16:45:19,0
16:45:20,0
16:45:21,0
16:45:22,0
16:45:23,0
16:45:24,1
16:45:25,0
16:45:26,1
16:45:27,0
16:45:28,1
16:45:29,0
16:45:30,1
16:45:31,0
16:45:32,0
16:45:33,0
16:45:34,0
16:45:35,1
16:45:36,0
16:45:37,1
16:45:38,0
16:45:39,1
16:45:40,0
16:45:41,0
16:45:42,1
16:45:43,1
16:45:44,0
16:45:45,0
16:45:46,0
16:45:47,0
16:45:48,0
16:45:49,0
16:45:50,0
16:45:51,0
16:45:52,0
16:45:53,0
16:45:54,0
16:45:55,0
16:45:56,0
16:45:57,0
16:45:58,0
16:45:59,0
16:46:00,0
16:46:01,1
16:46:02,0
16:46:03,0
16:46:04,0
16:46:05,0
16:46:06,0
16:46:07,0
16:46:08,0
16:46:09,1
16:46:10,0
16:46:11,1
16:46:12,1
16:46:13,1
16:46:14,0
16:46:15,1
16:46:16,0
16:46:17,1
16:46:18,1
16:46:19,0
16:46:20,0
16:46:21,0
16:46:22,0
16:46:23,0
16:46:24,0
16:46:25,0
16:46:26,0
16:46:27,0
16:46:28,0
16:46:29,0
16:46:30,0
16:46:31,1
16:46:32,1
16:46:33,0
16:46:34,1
16:46:35,0
16:46:36,0
16:46:37,0
16:46:38,0
16:46:39,0
16:46:40,0
16:46:41,1
16:46:42,0
16:46:43,2
16:46:44,0
16:46:45,1
16:46:46,1
16:46:47,0
16:46:48,1
16:46:49,1
16:46:50,0
16:46:51,0
16:46:52,0
16:46:53,0
16:46:54,0
16:46:55,0
16:46:56,1
16:46:57,0
16:46:58,0
16:46:59,0
16:47:00,0
16:47:01,0
16:47:02,0
16:47:03,0
16:47:04,0
16:47:05,0
16:47:06,0
16:47:07,0
16:47:08,0
16:47:09,0
16:47:10,0
16:47:11,0
16:47:12,1
16:47:13,1
16:47:14,0
16:47:15,1
16:47:16,1
16:47:17,0
16:47:18,0
16:47:19,1
16:47:20,0
16:47:21,0
16:47:22,1
16:47:23,0
16:47:24,0
16:47:25,0
16:47:26,0
16:47:27,0
16:47:28,0
16:47:29,0
16:47:30,0
16:47:31,0
16:47:32,0
16:47:33,0
16:47:34,0
16:47:35,0
16:47:36,0
16:47:37,1
16:47:38,0
16:47:39,0
16:47:40,0
16:47:41,0
16:47:42,0
16:47:43,0
16:47:44,0
16:47:45,0
16:47:46,0
16:47:47,0
16:47:48,0
16:47:49,0
16:47:50,0
16:47:51,0
16:47:52,1
16:47:53,0
16:47:54,0
16:47:55,1
16:47:56,0
16:47:57,0
16:47:58,0
16:47:59,1
16:48:00,1
16:48:01,0
16:48:02,0
16:48:03,1
16:48:04,1
16:48:05,0
16:48:06,0
16:48:07,1
16:48:08,1
16:48:09,0
16:48:10,0
16:48:11,0
16:48:12,0
16:48:13,0
16:48:14,0
16:48:15,0
16:48:16,0
16:48:17,0
16:48:18,0
16:48:19,0
16:48:20,0
16:48:21,0
16:48:22,1
16:48:23,0
16:48:24,0
16:48:25,0
16:48:26,0
16:48:27,0
16:48:28,0
16:48:29,0
16:48:30,0
16:48:31,1
16:48:32,0
16:48:33,0
16:48:34,1
16:48:35,0
16:48:36,2
16:48:37,1
16:48:38,0
16:48:39,0
16:48:40,1
16:48:41,0
16:48:42,0
16:48:43,0
16:48:44,0
16:48:45,0
16:48:46,0
16:48:47,1
16:48:48,0
16:48:49,0
16:48:50,0
16:48:51,0
16:48:52,0
16:48:53,0
16:48:54,0
16:48:55,0
16:48:56,1
16:48:57,0
16:48:58,0
16:48:59,0
16:49:00,1
16:49:01,0
16:49:02,0
16:49:03,0
16:49:04,0
16:49:05,1
16:49:06,0
16:49:07,0
16:49:08,0
16:49:09,0
16:49:10,0
16:49:11,0
16:49:12,0
16:49:13,0
16:49:14,0
16:49:15,0
16:49:16,1
16:49:17,0
16:49:18,1
16:49:19,0
16:49:20,0
16:49:21,0
16:49:22,0
16:49:23,0
16:49:24,0
16:49:25,0
16:49:26,0
16:49:27,0
16:49:28,0
16:49:29,1
16:49:30,0
16:49:31,0
16:49:32,0
16:49:33,0
16:49:34,0
16:49:35,0
16:49:36,0
16:49:37,0
16:49:38,0
16:49:39,0
16:49:40,0
16:49:41,0
16:49:42,0
16:49:43,0
16:49:44,0
16:49:45,0
16:49:46,0
16:49:47,0
16:49:48,1
16:49:49,0
16:49:50,0
16:49:51,1
16:49:52,0
16:49:53,1
16:49:54,1
16:49:55,1
16:49:56,0
16:49:57,1
16:49:58,1
16:49:59,0
16:50:00,0
16:50:01,0
16:50:02,0
16:50:03,0
16:50:04,0
16:50:05,0
16:50:06,0
16:50:07,0
16:50:08,1
16:50:09,1
16:50:10,1
16:50:11,1
16:50:12,1
16:50:13,1
16:50:14,0
16:50:15,1
16:50:16,0
16:50:17,0
16:50:18,0
16:50:19,0
16:50:20,0
16:50:21,0
16:50:22,1
16:50:23,0
16:50:24,0
16:50:25,0
16:50:26,0
16:50:27,0
16:50:28,0
16:50:29,0
16:50:30,0
16:50:31,0
16:50:32,0
16:50:33,0
16:50:34,0
16:50:35,0
16:50:36,0
16:50:37,0
16:50:38,0
16:50:39,0
16:50:40,0
16:50:41,0
16:50:42,0
16:50:43,1
16:50:44,0
16:50:45,0
16:50:46,0
16:50:47,0
16:50:48,0
16:50:49,0
16:50:50,0
16:50:51,0
16:50:52,0
16:50:53,0
16:50:54,0
16:50:55,0
16:50:56,0
16:50:57,0
16:50:58,0
16:50:59,1
16:51:00,0
16:51:01,0
16:51:02,1
16:51:03,0
16:51:04,1
16:51:05,2
16:51:06,0
16:51:07,1
16:51:08,1
16:51:09,1
16:51:10,0
16:51:11,0
16:51:12,1
16:51:13,0
16:51:14,0
16:51:15,0
16:51:16,0
16:51:17,0
16:51:18,1
16:51:19,0
16:51:20,0
16:51:21,1
16:51:22,0
16:51:23,0
16:51:24,0
16:51:25,0
16:51:26,0
16:51:27,0
16:51:28,0
16:51:29,1
16:51:30,0
16:51:31,0
16:51:32,1
16:51:33,0
16:51:34,0
16:51:35,0
16:51:36,0
16:51:37,0
16:51:38,0
16:51:39,0
16:51:40,0
16:51:41,0
16:51:42,0
16:51:43,0
16:51:44,0
16:51:45,0
16:51:46,0
16:51:47,0
16:51:48,0
16:51:49,0
16:51:50,0
16:51:51,0
16:51:52,0
16:51:53,0
16:51:54,0
16:51:55,0
16:51:56,0
16:51:57,0
16:51:58,0
16:51:59,0
16:52:00,0
16:52:01,0
16:52:02,0
16:52:03,0
16:52:04,0
16:52:05,0
16:52:06,0
16:52:07,0
16:52:08,0
16:52:09,0
16:52:10,0
16:52:11,0
16:52:12,0
16:52:13,0
16:52:14,0
16:52:15,0
16:52:16,0
16:52:17,0
16:52:18,0
16:52:19,0
16:52:20,0
16:52:21,0
16:52:22,0
16:52:23,0
16:52:24,0
16:52:25,0
16:52:26,0
16:52:27,0
16:52:28,0
16:52:29,0
16:52:30,0
16:52:31,0
16:52:32,0
16:52:33,0
16:52:34,0
16:52:35,0
16:52:36,0
16:52:37,0
16:52:38,0
16:52:39,0
16:52:40,0
16:52:41,0
16:52:42,0
16:52:43,0
16:52:44,0
16:52:45,0
16:52:46,0
16:52:47,0
16:52:48,0
16:52:49,0
16:52:50,0
16:52:51,0
16:52:52,0
16:52:53,0
16:52:54,0
16:52:55,0
16:52:56,0
16:52:57,0
16:52:58,0
16:52:59,0
16:53:00,0
16:53:01,0
16:53:02,0
16:53:03,0
16:53:04,0
16:53:05,0
16:53:06,0
16:53:07,0
16:53:08,0
16:53:09,0
16:53:10,0
16:53:11,0
16:53:12,0
16:53:13,0
16:53:14,0
16:53:15,0
16:53:16,0
16:53:17,0
16:53:18,0
16:53:19,0
16:53:20,0
16:53:21,0
16:53:22,0
16:53:23,0
16:53:24,0
16:53:25,0
16:53:26,0
16:53:27,0
16:53:28,0
16:53:29,0
16:53:30,0
16:53:31,0
16:53:32,0
16:53:33,0
16:53:34,0
16:53:35,0
16:53:36,0
16:53:37,0
16:53:38,0
16:53:39,0
16:53:40,0
16:53:41,0
16:53:42,0
16:53:43,0
16:53:44,0
16:53:45,0
16:53:46,0
16:53:47,0
16:53:48,0
16:53:49,0
16:53:50,0
16:53:51,0
16:53:52,0
16:53:53,0
16:53:54,0
16:53:55,0
16:53:56,0
16:53:57,0
16:53:58,0
16:53:59,0
16:54:00,0
16:54:01,0
16:54:02,0
16:54:03,0
16:54:04,0
16:54:05,0
16:54:06,0
16:54:07,0
16:54:08,0
16:54:09,0
16:54:10,0
16:54:11,0
16:54:12,0
16:54:13,0
16:54:14,0
16:54:15,0
16:54:16,0
16:54:17,0
16:54:18,0
16:54:19,0
16:54:20,0
16:54:21,0
16:54:22,0
16:54:23,0
16:54:24,0
16:54:25,0
16:54:26,0
16:54:27,0
16:54:28,0
16:54:29,0
16:54:30,0
16:54:31,0
16:54:32,0
16:54:33,0
16:54:34,0
16:54:35,0
16:54:36,0
16:54:37,0
16:54:38,0
16:54:39,0
16:54:40,0
16:54:41,0
16:54:42,0
16:54:43,0
16:54:44,0
16:54:45,0
16:54:46,0
16:54:47,0
16:54:48,0
16:54:49,0
16:54:50,0
16:54:51,0
16:54:52,0
16:54:53,0
16:54:54,0
16:54:55,0
16:54:56,0
16:54:57,0
16:54:58,0
16:54:59,0
16:55:00,0
16:55:01,0
16:55:02,0
16:55:03,0
16:55:04,0
16:55:05,0
16:55:06,0
16:55:07,0
16:55:08,0
16:55:09,0
16:55:10,0
16:55:11,0
16:55:12,0
16:55:13,0
16:55:14,0
16:55:15,0
16:55:16,0
16:55:17,0
16:55:18,0
16:55:19,0
16:55:20,0
16:55:21,0
16:55:22,0
16:55:23,0
16:55:24,0
16:55:25,0
16:55:26,0
16:55:27,0
16:55:28,0
16:55:29,0
16:55:30,0
16:55:31,0
16:55:32,0
16:55:33,0
16:55:34,0
16:55:35,0
16:55:36,0
16:55:37,0
16:55:38,0
16:55:39,0
16:55:40,0
16:55:41,0
16:55:42,0
16:55:43,0
16:55:44,0
16:55:45,0
16:55:46,0
16:55:47,0
16:55:48,0
16:55:49,0
16:55:50,0
16:55:51,0
16:55:52,0
16:55:53,0
16:55:54,0
16:55:55,0
16:55:56,0
16:55:57,0
16:55:58,0
16:55:59,0
16:56:00,0
16:56:01,0
16:56:02,0
16:56:03,0
16:56:04,0
16:56:05,0
16:56:06,0
16:56:07,0
16:56:08,0
16:56:09,0
16:56:10,0
16:56:11,0
16:56:12,0
16:56:13,0
16:56:14,0
16:56:15,0
16:56:16,0
16:56:17,0
16:56:18,0
16:56:19,0
16:56:20,0
16:56:21,0
16:56:22,0
16:56:23,0
16:56:24,0
16:56:25,0
16:56:26,0
16:56:27,0
16:56:28,0
16:56:29,0
16:56:30,0
16:56:31,0
16:56:32,0
16:56:33,0
16:56:34,0
16:56:35,0
16:56:36,0
16:56:37,0
16:56:38,0
16:56:39,0
16:56:40,0
16:56:41,0
16:56:42,0
16:56:43,0
16:56:44,0
16:56:45,0
16:56:46,0
16:56:47,0
16:56:48,0
16:56:49,0
16:56:50,0
16:56:51,0
16:56:52,0
16:56:53,0
16:56:54,0
16:56:55,0
16:56:56,0
16:56:57,0
16:56:58,0
16:56:59,0
16:57:00,0
16:57:01,0
16:57:02,0
16:57:03,0
16:57:04,0
16:57:05,0
16:57:06,0
16:57:07,0
16:57:08,0
16:57:09,0
16:57:10,0
16:57:11,0
16:57:12,0
16:57:13,0
16:57:14,0
16:57:15,0
16:57:16,0
16:57:17,0
16:57:18,1
16:57:19,0
16:57:20,0
16:57:21,0
16:57:22,0
16:57:23,0
16:57:24,0
16:57:25,0
16:57:26,0
16:57:27,0
16:57:28,0
16:57:29,0
16:57:30,0
16:57:31,0
16:57:32,0
16:57:33,0
16:57:34,0
16:57:35,0
16:57:36,0
16:57:37,0
16:57:38,0
16:57:39,0
16:57:40,0
16:57:41,0
16:57:42,0
16:57:43,0
16:57:44,0
16:57:45,0
16:57:46,0
16:57:47,0
16:57:48,0
16:57:49,0
16:57:50,0
16:57:51,0
16:57:52,0
16:57:53,0
16:57:54,0
16:57:55,0
16:57:56,0
16:57:57,0
16:57:58,0
16:57:59,0
16:58:00,0
16:58:01,0
16:58:02,0
16:58:03,0
16:58:04,0
16:58:05,0
16:58:06,0
16:58:07,0
16:58:08,0
16:58:09,0
16:58:10,0
16:58:11,0
16:58:12,0
16:58:13,0
16:58:14,0
16:58:15,0
16:58:16,0
16:58:17,0
16:58:18,0
16:58:19,0
16:58:20,0
16:58:21,0
16:58:22,0
16:58:23,0
16:58:24,0
16:58:25,0
16:58:26,0
16:58:27,0
16:58:28,0
16:58:29,0
16:58:30,0
16:58:31,0
16:58:32,0
16:58:33,0
16:58:34,0
16:58:35,0
16:58:36,0
16:58:37,0
16:58:38,0
16:58:39,0
16:58:40,0
16:58:41,0
16:58:42,0
16:58:43,0
16:58:44,0
16:58:45,0
16:58:46,0
16:58:47,0
16:58:48,0
16:58:49,0
16:58:50,0
16:58:51,0
16:58:52,0
16:58:53,0
16:58:54,0
16:58:55,0
16:58:56,0
16:58:57,0
16:58:58,0
16:58:59,0
16:59:00,0
16:59:01,0
16:59:02,0
16:59:03,0
16:59:04,0
16:59:05,0
16:59:06,0
16:59:07,0
16:59:08,0
16:59:09,0
16:59:10,0
16:59:11,0
16:59:12,0
16:59:13,0
16:59:14,0
16:59:15,0
16:59:16,0
16:59:17,0
16:59:18,0
16:59:19,0
16:59:20,0
16:59:21,0
16:59:22,0
16:59:23,0
16:59:24,0
16:59:25,0
16:59:26,0
16:59:27,0
16:59:28,0
16:59:29,0
16:59:30,0
16:59:31,0
16:59:32,0
16:59:33,0
16:59:34,0
16:59:35,0
16:59:36,0
16:59:37,0
16:59:38,0
16:59:39,0
16:59:40,0
16:59:41,0
16:59:42,0
16:59:43,0
16:59:44,0
16:59:45,0
16:59:46,0
16:59:47,0
16:59:48,0
16:59:49,0
16:59:50,0
16:59:51,0
16:59:52,0
16:59:53,0
16:59:54,0
16:59:55,0
16:59:56,0
16:59:57,0
16:59:58,0
16:59:59,0
17:00:00,0
17:00:01,0
17:00:02,0
17:00:03,0
17:00:04,0
17:00:05,0
17:00:06,0
17:00:07,0
17:00:08,0
17:00:09,0
17:00:10,0
17:00:11,0
17:00:12,0
17:00:13,0
17:00:14,0
17:00:15,0
17:00:16,0
17:00:17,0
17:00:18,0
17:00:19,0
17:00:20,0
17:00:21,0
17:00:22,0
17:00:23,0
17:00:24,0
17:00:25,0
17:00:26,0
17:00:27,0
17:00:28,0
17:00:29,0
17:00:30,0
17:00:31,0
17:00:32,0
17:00:33,0
17:00:34,0
17:00:35,0
17:00:36,0
17:00:37,0
17:00:38,0
17:00:39,0
17:00:40,0
17:00:41,0
17:00:42,0
17:00:43,0
17:00:44,0
17:00:45,0
17:00:46,0
17:00:47,0
17:00:48,0
17:00:49,0
17:00:50,0
17:00:51,0
17:00:52,0
17:00:53,0
17:00:54,0
17:00:55,0
17:00:56,0
17:00:57,0
17:00:58,0
17:00:59,0
17:01:00,0
17:01:01,0
17:01:02,0
17:01:03,0
17:01:04,0
17:01:05,0
17:01:06,0
17:01:07,0
17:01:08,0
17:01:09,0
17:01:10,0
17:01:11,0
17:01:12,0
17:01:13,0
17:01:14,0
17:01:15,0
17:01:16,0
17:01:17,0
17:01:18,0
17:01:19,0
17:01:20,0
17:01:21,0
17:01:22,0
17:01:23,0
17:01:24,0
17:01:25,0
17:01:26,0
17:01:27,0
17:01:28,0
17:01:29,0
17:01:30,0
17:01:31,0
17:01:32,0
17:01:33,0
17:01:34,0
17:01:35,0
17:01:36,0
17:01:37,0
17:01:38,0
17:01:39,0
17:01:40,0
17:01:41,0
17:01:42,0
17:01:43,0
17:01:44,0
17:01:45,0
17:01:46,0
17:01:47,0
17:01:48,0
17:01:49,0
17:01:50,0
17:01:51,0
17:01:52,0
17:01:53,0
17:01:54,0
17:01:55,0
17:01:56,0
17:01:57,0
17:01:58,0
17:01:59,0
17:02:00,0
17:02:01,0
17:02:02,0
17:02:03,0
17:02:04,0
17:02:05,0
17:02:06,0
17:02:07,0
17:02:08,0
17:02:09,0
17:02:10,0
17:02:11,0
17:02:12,0
17:02:13,0
17:02:14,0
17:02:15,0
17:02:16,0
17:02:17,0
17:02:18,0
17:02:19,0
17:02:20,0
17:02:21,0
17:02:22,0
17:02:23,0
17:02:24,0
17:02:25,0
17:02:26,0
17:02:27,0
17:02:28,0
17:02:29,0
17:02:30,0
17:02:31,0
17:02:32,0
17:02:33,0
17:02:34,0
17:02:35,0
17:02:36,0
17:02:37,0
17:02:38,0
17:02:39,0
17:02:40,0
17:02:41,0
17:02:42,0
17:02:43,0
17:02:44,0
17:02:45,0
17:02:46,0
17:02:47,0
17:02:48,0
17:02:49,0
17:02:50,0
17:02:51,0
17:02:52,0
17:02:53,0
17:02:54,0
17:02:55,0
17:02:56,0
17:02:57,0
17:02:58,0
17:02:59,0
17:03:00,0
17:03:01,0
17:03:02,0
17:03:03,0
17:03:04,0
17:03:05,0
17:03:06,0
17:03:07,0
17:03:08,0
17:03:09,0
17:03:10,0
17:03:11,0
17:03:12,0
17:03:13,0
17:03:14,0
17:03:15,0
17:03:16,0
17:03:17,0
17:03:18,0
17:03:19,0
17:03:20,0
17:03:21,0
17:03:22,0
17:03:23,0
17:03:24,0
17:03:25,0
17:03:26,0
17:03:27,0
17:03:28,0
17:03:29,0
17:03:30,0
17:03:31,0
17:03:32,0
17:03:33,0
17:03:34,0
17:03:35,0
17:03:36,0
17:03:37,0
17:03:38,0
17:03:39,0
17:03:40,0
17:03:41,0
17:03:42,0
17:03:43,0
17:03:44,0
17:03:45,0
17:03:46,0
17:03:47,0
17:03:48,0
17:03:49,0
17:03:50,0
17:03:51,0
17:03:52,0
17:03:53,0
17:03:54,0
17:03:55,0
17:03:56,0
17:03:57,0
17:03:58,0
17:03:59,0
17:04:00,0
17:04:01,0
17:04:02,0
17:04:03,0
17:04:04,0
17:04:05,0
17:04:06,0
17:04:07,0
17:04:08,0
17:04:09,0
17:04:10,0
17:04:11,0
17:04:12,0
17:04:13,0
17:04:14,0
17:04:15,0
17:04:16,0
17:04:17,0
17:04:18,0
17:04:19,0
17:04:20,0
17:04:21,0
17:04:22,0
17:04:23,0
17:04:24,0
17:04:25,0
17:04:26,0
17:04:27,0
17:04:28,0
17:04:29,0
17:04:30,0
17:04:31,0
17:04:32,0
17:04:33,0
17:04:34,0
17:04:35,0
17:04:36,0
17:04:37,0
17:04:38,0
17:04:39,0
17:04:40,0
17:04:41,0
17:04:42,0
17:04:43,0
17:04:44,0
17:04:45,0
17:04:46,0
17:04:47,0
17:04:48,0
17:04:49,0
17:04:50,0
17:04:51,0
17:04:52,0
17:04:53,0
17:04:54,0
17:04:55,0
17:04:56,0
17:04:57,0
17:04:58,0
17:04:59,0
17:05:00,0
17:05:01,0
17:05:02,0
17:05:03,0
17:05:04,0
17:05:05,0
17:05:06,0
17:05:07,0
17:05:08,0
17:05:09,0
17:05:10,0
17:05:11,0
17:05:12,0
17:05:13,0
17:05:14,0
17:05:15,0
17:05:16,0
17:05:17,0
17:05:18,0
17:05:19,0
17:05:20,0
17:05:21,0
17:05:22,0
17:05:23,0
17:05:24,0
17:05:25,0
17:05:26,0
17:05:27,0
17:05:28,0
17:05:29,0
17:05:30,0
17:05:31,0
17:05:32,0
17:05:33,0
17:05:34,0
17:05:35,0
17:05:36,0
17:05:37,0
17:05:38,0
17:05:39,0
17:05:40,0
17:05:41,0
17:05:42,0
17:05:43,0
17:05:44,0
17:05:45,0
17:05:46,0
17:05:47,0
17:05:48,0
17:05:49,0
17:05:50,0
17:05:51,0
17:05:52,0
17:05:53,0
17:05:54,0
17:05:55,0
17:05:56,0
17:05:57,0
17:05:58,0
17:05:59,0
17:06:00,0
17:06:01,0
17:06:02,0
17:06:03,0
17:06:04,0
17:06:05,0
17:06:06,0
17:06:07,0
17:06:08,0
17:06:09,0
17:06:10,0
17:06:11,0
17:06:12,0
17:06:13,0
17:06:14,0
17:06:15,0
17:06:16,0
17:06:17,0
17:06:18,0
17:06:19,0
17:06:20,0
17:06:21,0
17:06:22,0
17:06:23,0
17:06:24,0
17:06:25,0
17:06:26,0
17:06:27,0
17:06:28,0
17:06:29,0
17:06:30,0
17:06:31,0
17:06:32,0
17:06:33,0
17:06:34,0
17:06:35,0
17:06:36,0
17:06:37,0
17:06:38,0
17:06:39,0
17:06:40,0
17:06:41,0
17:06:42,0
17:06:43,0
17:06:44,0
17:06:45,0
17:06:46,0
17:06:47,0
17:06:48,0
17:06:49,0
17:06:50,0
17:06:51,0
17:06:52,0
17:06:53,0
17:06:54,0
17:06:55,0
17:06:56,0
17:06:57,0
17:06:58,0
17:06:59,0
17:07:00,0
17:07:01,0
17:07:02,0
17:07:03,0
17:07:04,0
17:07:05,0
17:07:06,0
17:07:07,0
17:07:08,0
17:07:09,0
17:07:10,0
17:07:11,0
17:07:12,0
17:07:13,0
17:07:14,0
17:07:15,0
17:07:16,0
17:07:17,0
17:07:18,0
17:07:19,0
17:07:20,0
17:07:21,0
17:07:22,0
17:07:23,0
17:07:24,0
17:07:25,0
17:07:26,0
17:07:27,0
17:07:28,0
17:07:29,0
17:07:30,0
17:07:31,0
17:07:32,0
17:07:33,0
17:07:34,0
17:07:35,0
17:07:36,0
17:07:37,0
17:07:38,0
17:07:39,0
17:07:40,0
17:07:41,0
17:07:42,0
17:07:43,0
17:07:44,0
17:07:45,0
17:07:46,0
17:07:47,0
17:07:48,0
17:07:49,0
17:07:50,0
17:07:51,0
17:07:52,0
17:07:53,0
17:07:54,0
17:07:55,0
17:07:56,0
17:07:57,0
17:07:58,0
17:07:59,0
17:08:00,0
17:08:01,0
17:08:02,0
17:08:03,0
17:08:04,0
17:08:05,0
17:08:06,0
17:08:07,0
17:08:08,0
17:08:09,0
17:08:10,0
17:08:11,0
17:08:12,0
17:08:13,0
17:08:14,0
17:08:15,0
17:08:16,0
17:08:17,0
17:08:18,0
17:08:19,0
17:08:20,0
17:08:21,0
17:08:22,0
17:08:23,0
17:08:24,0
17:08:25,0
17:08:26,0
17:08:27,0
17:08:28,0
17:08:29,0
17:08:30,0
17:08:31,0
17:08:32,0
17:08:33,0
17:08:34,0
17:08:35,0
17:08:36,0
17:08:37,0
17:08:38,0
17:08:39,0
17:08:40,0
17:08:41,0
17:08:42,0
17:08:43,0
17:08:44,0
17:08:45,0
17:08:46,0
17:08:47,0
17:08:48,0
17:08:49,0
17:08:50,0
17:08:51,0
17:08:52,0
17:08:53,0
17:08:54,0
17:08:55,0
17:08:56,0
17:08:57,0
17:08:58,0
17:08:59,0
17:09:00,0
17:09:01,0
17:09:02,0
17:09:03,0
17:09:04,0
17:09:05,0
17:09:06,0
17:09:07,0
17:09:08,0
17:09:09,0
17:09:10,0
17:09:11,0
17:09:12,0
17:09:13,0
17:09:14,0
17:09:15,0
17:09:16,0
17:09:17,0
17:09:18,0
17:09:19,0
17:09:20,0
17:09:21,0
17:09:22,0
17:09:23,0
17:09:24,0
17:09:25,0
17:09:26,0
17:09:27,0
17:09:28,0
17:09:29,0
17:09:30,0
17:09:31,0
17:09:32,0
17:09:33,0
17:09:34,0
17:09:35,0
17:09:36,1
17:09:37,0
17:09:38,0
17:09:39,0
17:09:40,0
17:09:41,0
17:09:42,0
17:09:43,0
17:09:44,0
17:09:45,0
17:09:46,0
17:09:47,0
17:09:48,0
17:09:49,0
17:09:50,0
17:09:51,0
17:09:52,0
17:09:53,0
17:09:54,0
17:09:55,0
17:09:56,0
17:09:57,0
17:09:58,0
17:09:59,0
17:10:00,0
17:10:01,0
17:10:02,0
17:10:03,0
17:10:04,0
17:10:05,0
17:10:06,0
17:10:07,0
17:10:08,0
17:10:09,0
17:10:10,0
17:10:11,0
17:10:12,0
17:10:13,0
17:10:14,0
17:10:15,0
17:10:16,0
17:10:17,0
17:10:18,0
17:10:19,0
17:10:20,0
17:10:21,0
17:10:22,0
17:10:23,0
17:10:24,0
17:10:25,0
17:10:26,0
17:10:27,0
17:10:28,0
17:10:29,0
17:10:30,0
17:10:31,0
17:10:32,0
17:10:33,0
17:10:34,0
17:10:35,0
17:10:36,0
17:10:37,0
17:10:38,0
17:10:39,0
17:10:40,0
17:10:41,0
17:10:42,0
17:10:43,0
17:10:44,0
17:10:45,0
17:10:46,0
17:10:47,0
17:10:48,0
17:10:49,0
17:10:50,0
17:10:51,0
17:10:52,0
17:10:53,0
17:10:54,0
17:10:55,0
17:10:56,0
17:10:57,0
17:10:58,0
17:10:59,0
17:11:00,0
17:11:01,0
17:11:02,0
17:11:03,0
17:11:04,0
17:11:05,0
17:11:06,0
17:11:07,0
17:11:08,0
17:11:09,0
17:11:10,0
17:11:11,0
17:11:12,0
17:11:13,0
17:11:14,0
17:11:15,0
17:11:16,0
17:11:17,0
17:11:18,0
17:11:19,0
17:11:20,0
17:11:21,0
17:11:22,0
17:11:23,0
17:11:24,0
17:11:25,0
17:11:26,0
17:11:27,0
17:11:28,0
17:11:29,0
17:11:30,0
17:11:31,0
17:11:32,0
17:11:33,0
17:11:34,0
17:11:35,0
17:11:36,0
17:11:37,0
17:11:38,0
17:11:39,0
17:11:40,0
17:11:41,0
17:11:42,0
17:11:43,0
17:11:44,0
17:11:45,0
17:11:46,0
17:11:47,0
17:11:48,0
17:11:49,0
17:11:50,0
17:11:51,0
17:11:52,0
17:11:53,0
17:11:54,0
17:11:55,0
17:11:56,0
17:11:57,0
17:11:58,0
17:11:59,0
17:12:00,0
17:12:01,0
17:12:02,0
17:12:03,0
17:12:04,0
17:12:05,0
17:12:06,0
17:12:07,0
17:12:08,0
17:12:09,0
17:12:10,0
17:12:11,0
17:12:12,0
17:12:13,0
17:12:14,0
17:12:15,0
17:12:16,0
17:12:17,0
17:12:18,0
17:12:19,0
17:12:20,0
17:12:21,0
17:12:22,0
17:12:23,0
17:12:24,0
17:12:25,0
17:12:26,0
17:12:27,0
17:12:28,0
17:12:29,0
17:12:30,0
17:12:31,0
17:12:32,0
17:12:33,0
17:12:34,0
17:12:35,0
17:12:36,0
17:12:37,0
17:12:38,0
17:12:39,0
17:12:40,0
17:12:41,0
17:12:42,0
17:12:43,0
17:12:44,0
17:12:45,0
17:12:46,0
17:12:47,0
17:12:48,0
17:12:49,0
17:12:50,0
17:12:51,0
17:12:52,0
17:12:53,0
17:12:54,0
17:12:55,0
17:12:56,0
17:12:57,0
17:12:58,0
17:12:59,0
17:13:00,0
17:13:01,0
17:13:02,0
17:13:03,0
17:13:04,0
17:13:05,0
17:13:06,0
17:13:07,0
17:13:08,0
17:13:09,0
17:13:10,0
17:13:11,0
17:13:12,0
17:13:13,0
17:13:14,0
17:13:15,0
17:13:16,0
17:13:17,0
17:13:18,0
17:13:19,0
17:13:20,0
17:13:21,0
17:13:22,0
17:13:23,0
17:13:24,0
17:13:25,0
17:13:26,0
17:13:27,0
17:13:28,0
17:13:29,0
17:13:30,0
17:13:31,0
17:13:32,0
17:13:33,0
17:13:34,0
17:13:35,0
17:13:36,0
17:13:37,0
17:13:38,0
17:13:39,0
17:13:40,0
17:13:41,0
17:13:42,0
17:13:43,0
17:13:44,0
17:13:45,0
17:13:46,0
17:13:47,0
17:13:48,0
17:13:49,0
17:13:50,0
17:13:51,0
17:13:52,0
17:13:53,0
17:13:54,0
17:13:55,0
17:13:56,0
17:13:57,0
17:13:58,0
17:13:59,0
17:14:00,0
17:14:01,0
17:14:02,0
17:14:03,0
17:14:04,0
17:14:05,0
17:14:06,0
17:14:07,0
17:14:08,0
17:14:09,0
17:14:10,0
17:14:11,0
17:14:12,0
17:14:13,0
17:14:14,0
17:14:15,0
17:14:16,0
17:14:17,0
17:14:18,0
17:14:19,0
17:14:20,0
17:14:21,0
17:14:22,0
17:14:23,0
17:14:24,0
17:14:25,0
17:14:26,0
17:14:27,0
17:14:28,0
17:14:29,0
17:14:30,0
17:14:31,0
17:14:32,0
17:14:33,0
17:14:34,0
17:14:35,0
17:14:36,0
17:14:37,0
17:14:38,0
17:14:39,0
17:14:40,0
17:14:41,0
17:14:42,0
17:14:43,0
17:14:44,0
17:14:45,0
17:14:46,0
17:14:47,0
17:14:48,0
17:14:49,0
17:14:50,0
17:14:51,0
17:14:52,0
17:14:53,0
17:14:54,0
17:14:55,0
17:14:56,0
17:14:57,0
17:14:58,0
17:14:59,0
17:15:00,0
17:15:01,0
17:15:02,0
17:15:03,0
17:15:04,0
17:15:05,0
17:15:06,0
17:15:07,0
17:15:08,0
17:15:09,0
17:15:10,0
17:15:11,0
17:15:12,0
17:15:13,0
17:15:14,0
17:15:15,0
17:15:16,0
17:15:17,0
17:15:18,0
17:15:19,0
17:15:20,0
17:15:21,0
17:15:22,0
17:15:23,0
17:15:24,0
17:15:25,0
17:15:26,0
17:15:27,0
17:15:28,0
17:15:29,0
17:15:30,0
17:15:31,0
17:15:32,0
17:15:33,0
17:15:34,0
17:15:35,0
17:15:36,0
17:15:37,0
17:15:38,0
17:15:39,0
17:15:40,0
17:15:41,0
17:15:42,0
17:15:43,0
17:15:44,0
17:15:45,0
17:15:46,0
17:15:47,0
17:15:48,0
17:15:49,0
17:15:50,0
17:15:51,0
17:15:52,0
17:15:53,0
17:15:54,0
17:15:55,0
17:15:56,0
17:15:57,0
17:15:58,0
17:15:59,0
17:16:00,0
17:16:01,0
17:16:02,0
17:16:03,0
17:16:04,0
17:16:05,0
17:16:06,0
17:16:07,0
17:16:08,0
17:16:09,0
17:16:10,0
17:16:11,0
17:16:12,0
17:16:13,0
17:16:14,0
17:16:15,0
17:16:16,0
17:16:17,0
17:16:18,0
17:16:19,0
17:16:20,0
17:16:21,0
17:16:22,0
17:16:23,0
17:16:24,0
17:16:25,0
17:16:26,0
17:16:27,0
17:16:28,0
17:16:29,0
17:16:30,0
17:16:31,0
17:16:32,0
17:16:33,0
17:16:34,0
17:16:35,0
17:16:36,0
17:16:37,0
17:16:38,0
17:16:39,0
17:16:40,0
17:16:41,0
17:16:42,0
17:16:43,0
17:16:44,0
17:16:45,0
17:16:46,0
17:16:47,0
17:16:48,0
17:16:49,0
17:16:50,0
17:16:51,0
17:16:52,0
17:16:53,0
17:16:54,0
17:16:55,0
17:16:56,0
17:16:57,0
17:16:58,0
17:16:59,0
17:17:00,0
17:17:01,0
17:17:02,0
17:17:03,0
17:17:04,0
17:17:05,0
17:17:06,0
17:17:07,0
17:17:08,0
17:17:09,0
17:17:10,0
17:17:11,0
17:17:12,0
17:17:13,0
17:17:14,0
17:17:15,0
17:17:16,0
17:17:17,0
17:17:18,0
17:17:19,0
17:17:20,0
17:17:21,0
17:17:22,0
17:17:23,0
17:17:24,0
17:17:25,0
17:17:26,0
17:17:27,0
17:17:28,0
17:17:29,0
17:17:30,0
17:17:31,0
17:17:32,0
17:17:33,0
17:17:34,0
17:17:35,0
17:17:36,0
17:17:37,0
17:17:38,0
17:17:39,0
17:17:40,0
17:17:41,0
17:17:42,0
17:17:43,0
17:17:44,0
17:17:45,0
17:17:46,0
17:17:47,0
17:17:48,0
17:17:49,0
17:17:50,0
17:17:51,0
17:17:52,0
17:17:53,0
17:17:54,0
17:17:55,0
17:17:56,0
17:17:57,0
17:17:58,0
17:17:59,0
17:18:00,0
17:18:01,0
17:18:02,0
17:18:03,0
17:18:04,0
17:18:05,0
17:18:06,0
17:18:07,0
17:18:08,0
17:18:09,0
17:18:10,0
17:18:11,0
17:18:12,0
17:18:13,0
17:18:14,0
17:18:15,0
17:18:16,0
17:18:17,0
17:18:18,0
17:18:19,0
17:18:20,0
17:18:21,0
17:18:22,0
17:18:23,0
17:18:24,0
17:18:25,0
17:18:26,0
17:18:27,0
17:18:28,0
17:18:29,0
17:18:30,0
17:18:31,0
17:18:32,0
17:18:33,0
17:18:34,0
17:18:35,0
17:18:36,0
17:18:37,0
17:18:38,0
17:18:39,0
17:18:40,0
17:18:41,0
17:18:42,0
17:18:43,0
17:18:44,0
17:18:45,0
17:18:46,0
17:18:47,0
17:18:48,0
17:18:49,0
17:18:50,0
17:18:51,0
17:18:52,0
17:18:53,0
17:18:54,0
17:18:55,0
17:18:56,0
17:18:57,0
17:18:58,0
17:18:59,0
17:19:00,0
17:19:01,0
17:19:02,0
17:19:03,0
17:19:04,0
17:19:05,0
17:19:06,0
17:19:07,0
17:19:08,0
17:19:09,0
17:19:10,0
17:19:11,0
17:19:12,0
17:19:13,0
17:19:14,0
17:19:15,0
17:19:16,0
17:19:17,0
17:19:18,0
17:19:19,0
17:19:20,0
17:19:21,0
17:19:22,0
17:19:23,0
17:19:24,0
17:19:25,0
17:19:26,0
17:19:27,0
17:19:28,0
17:19:29,0
17:19:30,0
17:19:31,0
17:19:32,0
17:19:33,0
17:19:34,0
17:19:35,0
17:19:36,0
17:19:37,0
17:19:38,0
17:19:39,0
17:19:40,0
17:19:41,0
17:19:42,0
17:19:43,0
17:19:44,0
17:19:45,0
17:19:46,0
17:19:47,0
17:19:48,0
17:19:49,0
17:19:50,0
17:19:51,0
17:19:52,0
17:19:53,0
17:19:54,0
17:19:55,0
17:19:56,0
17:19:57,0
17:19:58,0
17:19:59,0
17:20:00,0
17:20:01,0
17:20:02,0
17:20:03,0
17:20:04,0
17:20:05,0
17:20:06,0
17:20:07,0
17:20:08,0
17:20:09,0
17:20:10,0
17:20:11,0
17:20:12,0
17:20:13,0
17:20:14,0
17:20:15,0
17:20:16,0
17:20:17,0
17:20:18,0
17:20:19,0
17:20:20,0
17:20:21,0
17:20:22,0
17:20:23,0
17:20:24,0
17:20:25,0
17:20:26,0
17:20:27,0
17:20:28,0
17:20:29,0
17:20:30,0
17:20:31,0
17:20:32,0
17:20:33,0
17:20:34,0
17:20:35,0
17:20:36,0
17:20:37,0
17:20:38,0
17:20:39,0
17:20:40,0
17:20:41,0
17:20:42,0
17:20:43,0
17:20:44,0
17:20:45,0
17:20:46,0
17:20:47,0
17:20:48,0
17:20:49,0
17:20:50,0
17:20:51,0
17:20:52,0
17:20:53,0
17:20:54,0
17:20:55,0
17:20:56,0
17:20:57,0
17:20:58,0
17:20:59,0
17:21:00,0
17:21:01,0
17:21:02,0
17:21:03,0
17:21:04,0
17:21:05,0
17:21:06,0
17:21:07,0
17:21:08,0
17:21:09,0
17:21:10,0
17:21:11,0
17:21:12,0
17:21:13,0
17:21:14,0
17:21:15,0
17:21:16,0
17:21:17,0
17:21:18,0
17:21:19,0
17:21:20,0
17:21:21,0
17:21:22,0
17:21:23,0
17:21:24,0
17:21:25,0
17:21:26,0
17:21:27,0
17:21:28,0
17:21:29,0
17:21:30,0
17:21:31,0
17:21:32,0
17:21:33,0
17:21:34,0
17:21:35,0
17:21:36,0
17:21:37,0
17:21:38,0
17:21:39,0
17:21:40,1
17:21:41,0
17:21:42,0
17:21:43,0
17:21:44,1
17:21:45,0
17:21:46,0
17:21:47,1
17:21:48,1
17:21:49,1
17:21:50,1
17:21:51,1
17:21:52,0
17:21:53,0
17:21:54,0
17:21:55,1
17:21:56,0
17:21:57,0
17:21:58,0
17:21:59,0
17:22:00,1
17:22:01,1
17:22:02,0
17:22:03,0
17:22:04,0
17:22:05,0
17:22:06,0
17:22:07,0
17:22:08,0
17:22:09,0
17:22:10,0
17:22:11,0
17:22:12,0
17:22:13,0
17:22:14,1
17:22:15,0
17:22:16,0
17:22:17,0
17:22:18,0
17:22:19,1
17:22:20,1
17:22:21,0
17:22:22,0
17:22:23,0
17:22:24,1
17:22:25,0
17:22:26,0
17:22:27,0
17:22:28,0
17:22:29,0
17:22:30,0
17:22:31,0
17:22:32,1
17:22:33,0
17:22:34,1
17:22:35,0
17:22:36,0
17:22:37,0
17:22:38,1
17:22:39,1
17:22:40,0
17:22:41,1
17:22:42,1
17:22:43,0
17:22:44,0
17:22:45,1
17:22:46,0
17:22:47,0
17:22:48,0
17:22:49,0
17:22:50,0
17:22:51,0
17:22:52,0
17:22:53,0
17:22:54,0
17:22:55,0
17:22:56,0
17:22:57,0
17:22:58,0
17:22:59,0
17:23:00,0
17:23:01,0
17:23:02,0
17:23:03,0
17:23:04,0
17:23:05,0
17:23:06,0
17:23:07,0
17:23:08,0
17:23:09,0
17:23:10,0
17:23:11,0
17:23:12,0
17:23:13,1
17:23:14,0
17:23:15,0
17:23:16,0
17:23:17,0
17:23:18,0
17:23:19,0
17:23:20,1
17:23:21,0
17:23:22,0
17:23:23,0
17:23:24,0
17:23:25,0
17:23:26,0
17:23:27,0
17:23:28,1
17:23:29,0
17:23:30,0
17:23:31,0
17:23:32,0
17:23:33,1
17:23:34,0
17:23:35,1
17:23:36,0
17:23:37,0
17:23:38,0
17:23:39,0
17:23:40,0
17:23:41,0
17:23:42,0
17:23:43,0
17:23:44,0
17:23:45,0
17:23:46,0
17:23:47,0
17:23:48,0
17:23:49,0
17:23:50,0
17:23:51,0
17:23:52,0
17:23:53,0
17:23:54,0
17:23:55,0
17:23:56,0
17:23:57,0
17:23:58,0
17:23:59,0
17:24:00,0
17:24:01,0
17:24:02,0
17:24:03,0
17:24:04,0
17:24:05,0
17:24:06,0
17:24:07,0
17:24:08,0
17:24:09,0
17:24:10,0
17:24:11,0
17:24:12,0
17:24:13,0
17:24:14,0
17:24:15,0
17:24:16,0
17:24:17,0
17:24:18,0
17:24:19,0
17:24:20,0
17:24:21,0
17:24:22,0
17:24:23,0
17:24:24,0
17:24:25,0
17:24:26,0
17:24:27,0
17:24:28,0
17:24:29,1
17:24:30,0
17:24:31,0
17:24:32,0
17:24:33,0
17:24:34,0
17:24:35,0
17:24:36,0
17:24:37,0
17:24:38,0
17:24:39,0
17:24:40,0
17:24:41,0
17:24:42,0
17:24:43,0
17:24:44,0
17:24:45,0
17:24:46,0
17:24:47,0
17:24:48,0
17:24:49,0
17:24:50,0
17:24:51,0
17:24:52,0
17:24:53,1
17:24:54,0
17:24:55,0
17:24:56,0
17:24:57,1
17:24:58,1
17:24:59,1
17:25:00,0
17:25:01,1
17:25:02,1
17:25:03,1
17:25:04,1
17:25:05,0
17:25:06,0
17:25:07,0
17:25:08,1
17:25:09,0
17:25:10,0
17:25:11,1
17:25:12,0
17:25:13,0
17:25:14,0
17:25:15,1
17:25:16,0
17:25:17,1
17:25:18,1
17:25:19,0
17:25:20,0
17:25:21,2
17:25:22,0
17:25:23,0
17:25:24,0
17:25:25,0
17:25:26,1
17:25:27,0
17:25:28,0
17:25:29,0
17:25:30,0
17:25:31,0
17:25:32,0
17:25:33,1
17:25:34,0
17:25:35,0
17:25:36,1
17:25:37,0
17:25:38,0
17:25:39,0
17:25:40,0
17:25:41,0
17:25:42,0
17:25:43,0
17:25:44,0
17:25:45,0
17:25:46,0
17:25:47,0
17:25:48,0
17:25:49,0
17:25:50,0
17:25:51,0
17:25:52,0
17:25:53,0
17:25:54,0
17:25:55,1
17:25:56,0
17:25:57,0
17:25:58,0
17:25:59,1
17:26:00,0
17:26:01,0
17:26:02,0
17:26:03,0
17:26:04,0
17:26:05,0
17:26:06,0
17:26:07,0
17:26:08,0
17:26:09,0
17:26:10,0
17:26:11,0
17:26:12,0
17:26:13,0
17:26:14,0
17:26:15,0
17:26:16,0
17:26:17,0
17:26:18,0
17:26:19,0
17:26:20,0
17:26:21,0
17:26:22,0
17:26:23,0
17:26:24,0
17:26:25,0
17:26:26,0
17:26:27,0
17:26:28,0
17:26:29,0
17:26:30,0
17:26:31,0
17:26:32,0
17:26:33,0
17:26:34,0
17:26:35,0
17:26:36,0
17:26:37,0
17:26:38,0
17:26:39,0
17:26:40,0
17:26:41,0
17:26:42,0
17:26:43,0
17:26:44,0
17:26:45,0
17:26:46,0
17:26:47,0
17:26:48,0
17:26:49,0
17:26:50,1
17:26:51,0
17:26:52,0
17:26:53,0
17:26:54,0
17:26:55,0
17:26:56,0
17:26:57,0
17:26:58,0
17:26:59,0
17:27:00,0
17:27:01,0
17:27:02,0
17:27:03,0
17:27:04,0
17:27:05,0
17:27:06,0
17:27:07,0
17:27:08,1
17:27:09,0
17:27:10,0
17:27:11,0
17:27:12,0
17:27:13,0
17:27:14,0
17:27:15,0
17:27:16,0
17:27:17,0
17:27:18,2
17:27:19,0
17:27:20,0
17:27:21,0
17:27:22,0
17:27:23,0
17:27:24,1
17:27:25,0
17:27:26,0
17:27:27,0
17:27:28,0
17:27:29,0
17:27:30,0
17:27:31,0
17:27:32,0
17:27:33,0
17:27:34,0
17:27:35,0
17:27:36,1
17:27:37,0
17:27:38,0
17:27:39,0
17:27:40,1
17:27:41,0
17:27:42,0
17:27:43,1
17:27:44,1
17:27:45,1
17:27:46,0
17:27:47,1
17:27:48,1
17:27:49,1
17:27:50,1
17:27:51,0
17:27:52,0
17:27:53,0
17:27:54,0
17:27:55,1
17:27:56,0
17:27:57,0
17:27:58,0
17:27:59,1
17:28:00,0
17:28:01,1
17:28:02,0
17:28:03,1
17:28:04,0
17:28:05,0
17:28:06,0
17:28:07,1
17:28:08,0
17:28:09,0
17:28:10,0
17:28:11,0
17:28:12,0
17:28:13,0
17:28:14,0
17:28:15,0
17:28:16,0
17:28:17,0
17:28:18,0
17:28:19,0
17:28:20,0
17:28:21,0
17:28:22,0
17:28:23,0
17:28:24,0
17:28:25,0
17:28:26,0
17:28:27,0
17:28:28,0
17:28:29,0
17:28:30,0
17:28:31,0
17:28:32,0
17:28:33,0
17:28:34,0
17:28:35,0
17:28:36,0
17:28:37,0
17:28:38,0
17:28:39,0
17:28:40,0
17:28:41,0
17:28:42,0
17:28:43,0
17:28:44,0
17:28:45,0
17:28:46,0
17:28:47,0
17:28:48,0
17:28:49,1
17:28:50,0
17:28:51,0
17:28:52,0
17:28:53,0
17:28:54,0
17:28:55,0
17:28:56,0
17:28:57,0
17:28:58,0
17:28:59,0
17:29:00,0
17:29:01,0
17:29:02,0
17:29:03,0
17:29:04,0
17:29:05,0
17:29:06,0
17:29:07,1
17:29:08,0
17:29:09,0
17:29:10,0
17:29:11,0
17:29:12,1
17:29:13,0
17:29:14,0
17:29:15,0
17:29:16,0
17:29:17,0
17:29:18,0
17:29:19,0
17:29:20,0
17:29:21,0
17:29:22,0
17:29:23,0
17:29:24,0
17:29:25,1
17:29:26,0
17:29:27,1
17:29:28,1
17:29:29,1
17:29:30,1
17:29:31,0
17:29:32,0
17:29:33,1
17:29:34,0
17:29:35,0
17:29:36,1
17:29:37,0
17:29:38,0
17:29:39,0
17:29:40,0
17:29:41,0
17:29:42,1
17:29:43,0
17:29:44,1
17:29:45,0
17:29:46,0
17:29:47,0
17:29:48,0
17:29:49,0
17:29:50,0
17:29:51,0
17:29:52,1
17:29:53,1
17:29:54,0
17:29:55,0
17:29:56,0
17:29:57,0
17:29:58,0
17:29:59,0
17:30:00,0
17:30:01,0
17:30:02,1
17:30:03,0
17:30:04,0
17:30:05,0
17:30:06,0
17:30:07,1
17:30:08,0
17:30:09,0
17:30:10,0
17:30:11,2
17:30:12,0
17:30:13,0
17:30:14,0
17:30:15,0
17:30:16,0
17:30:17,1
17:30:18,1
17:30:19,0
17:30:20,0
17:30:21,1
17:30:22,1
17:30:23,1
17:30:24,1
17:30:25,0
17:30:26,1
17:30:27,1
17:30:28,1
17:30:29,0
17:30:30,1
17:30:31,1
17:30:32,0
17:30:33,1
17:30:34,0
17:30:35,1
17:30:36,0
17:30:37,0
17:30:38,0
17:30:39,0
17:30:40,0
17:30:41,1
17:30:42,0
17:30:43,1
17:30:44,0
17:30:45,0
17:30:46,0
17:30:47,0
17:30:48,0
17:30:49,0
17:30:50,0
17:30:51,0
17:30:52,0
17:30:53,1
17:30:54,0
17:30:55,1
17:30:56,0
17:30:57,0
17:30:58,0
17:30:59,1
17:31:00,1
17:31:01,0
17:31:02,0
17:31:03,1
17:31:04,0
17:31:05,0
17:31:06,0
17:31:07,0
17:31:08,0
17:31:09,0
17:31:10,1
17:31:11,0
17:31:12,0
17:31:13,0
17:31:14,0
17:31:15,1
17:31:16,0
17:31:17,0
17:31:18,0
17:31:19,1
17:31:20,0
17:31:21,0
17:31:22,0
17:31:23,0
17:31:24,0
17:31:25,1
17:31:26,0
17:31:27,0
17:31:28,0
17:31:29,0
17:31:30,0
17:31:31,0
17:31:32,0
17:31:33,0
17:31:34,0
17:31:35,0
17:31:36,0
17:31:37,0
17:31:38,0
17:31:39,0
17:31:40,0
17:31:41,0
17:31:42,0
17:31:43,0
17:31:44,0
17:31:45,0
17:31:46,0
17:31:47,0
17:31:48,0
17:31:49,0
17:31:50,0
17:31:51,0
17:31:52,0
17:31:53,0
17:31:54,0
17:31:55,0
17:31:56,0
17:31:57,0
17:31:58,0
17:31:59,1
17:32:00,0
17:32:01,0
17:32:02,0
17:32:03,0
17:32:04,0
17:32:05,0
17:32:06,0
17:32:07,0
17:32:08,1
17:32:09,0
17:32:10,1
17:32:11,0
17:32:12,0
17:32:13,0
17:32:14,0
17:32:15,0
17:32:16,0
17:32:17,0
17:32:18,0
17:32:19,0
17:32:20,0
17:32:21,0
17:32:22,0
17:32:23,0
17:32:24,0
17:32:25,0
17:32:26,0
17:32:27,0
17:32:28,0
17:32:29,0
17:32:30,0
17:32:31,1
17:32:32,0
17:32:33,1
17:32:34,0
17:32:35,0
17:32:36,0
17:32:37,0
17:32:38,0
17:32:39,0
17:32:40,0
17:32:41,0
17:32:42,0
17:32:43,0
17:32:44,0
17:32:45,0
17:32:46,0
17:32:47,0
17:32:48,0
17:32:49,0
17:32:50,1
17:32:51,0
17:32:52,0
17:32:53,0
17:32:54,0
17:32:55,0
17:32:56,0
17:32:57,0
17:32:58,0
17:32:59,0
17:33:00,0
17:33:01,0
17:33:02,0
17:33:03,0
17:33:04,0
17:33:05,0
17:33:06,0
17:33:07,0
17:33:08,0
17:33:09,0
17:33:10,0
17:33:11,0
17:33:12,0
17:33:13,0
17:33:14,0
17:33:15,0
17:33:16,0
17:33:17,0
17:33:18,0
17:33:19,0
17:33:20,0
17:33:21,0
17:33:22,0
17:33:23,0
17:33:24,0
17:33:25,0
17:33:26,0
17:33:27,0
17:33:28,0
17:33:29,0
17:33:30,0
17:33:31,0
17:33:32,0
17:33:33,0
17:33:34,0
17:33:35,0
17:33:36,0
17:33:37,0
17:33:38,0
17:33:39,0
17:33:40,0
17:33:41,0
17:33:42,0
17:33:43,0
17:33:44,0
17:33:45,0
17:33:46,0
17:33:47,0
17:33:48,0
17:33:49,0
17:33:50,0
17:33:51,0
17:33:52,0
17:33:53,0
17:33:54,0
17:33:55,0
17:33:56,0
17:33:57,0
17:33:58,0
17:33:59,0
17:34:00,0
17:34:01,0
17:34:02,0
17:34:03,0
17:34:04,0
17:34:05,0
17:34:06,0
17:34:07,0
17:34:08,0
17:34:09,0
17:34:10,0
17:34:11,1
17:34:12,1
17:34:13,1
17:34:14,0
17:34:15,0
17:34:16,1
17:34:17,0
17:34:18,0
17:34:19,0
17:34:20,1
17:34:21,0
17:34:22,0
17:34:23,0
17:34:24,0
17:34:25,0
17:34:26,0
17:34:27,0
17:34:28,0
17:34:29,0
17:34:30,0
17:34:31,0
17:34:32,0
17:34:33,0
17:34:34,0
17:34:35,0
17:34:36,0
17:34:37,0
17:34:38,0
17:34:39,0
17:34:40,0
17:34:41,0
17:34:42,0
17:34:43,0
17:34:44,0
17:34:45,0
17:34:46,0
17:34:47,0
17:34:48,0
17:34:49,0
17:34:50,0
17:34:51,0
17:34:52,0
17:34:53,1
17:34:54,0
17:34:55,0
17:34:56,0
17:34:57,0
17:34:58,0
17:34:59,0
17:35:00,0
17:35:01,0
17:35:02,0
17:35:03,1
17:35:04,1
17:35:05,0
17:35:06,0
17:35:07,0
17:35:08,1
17:35:09,1
17:35:10,0
17:35:11,0
17:35:12,0
17:35:13,0
17:35:14,0
17:35:15,0
17:35:16,0
17:35:17,1
17:35:18,0
17:35:19,0
17:35:20,0
17:35:21,0
17:35:22,0
17:35:23,0
17:35:24,0
17:35:25,0
17:35:26,0
17:35:27,0
17:35:28,0
17:35:29,0
17:35:30,0
17:35:31,0
17:35:32,0
17:35:33,0
17:35:34,0
17:35:35,0
17:35:36,0
17:35:37,0
17:35:38,0
17:35:39,0
17:35:40,0
17:35:41,0
17:35:42,0
17:35:43,0
17:35:44,0
17:35:45,0
17:35:46,0
17:35:47,0
17:35:48,0
17:35:49,0
17:35:50,0
17:35:51,0
17:35:52,0
17:35:53,0
17:35:54,0
17:35:55,0
17:35:56,0
17:35:57,0
17:35:58,0
17:35:59,0
17:36:00,0
17:36:01,0
17:36:02,1
17:36:03,0
17:36:04,0
17:36:05,1
17:36:06,0
17:36:07,0
17:36:08,0
17:36:09,1
17:36:10,0
17:36:11,0
17:36:12,0
17:36:13,0
17:36:14,0
17:36:15,0
17:36:16,0
17:36:17,1
17:36:18,1
17:36:19,0
17:36:20,0
17:36:21,0
17:36:22,0
17:36:23,0
17:36:24,1
17:36:25,0
17:36:26,0
17:36:27,0
17:36:28,0
17:36:29,0
17:36:30,0
17:36:31,0
17:36:32,0
17:36:33,1
17:36:34,0
17:36:35,0
17:36:36,0
17:36:37,0
17:36:38,0
17:36:39,0
17:36:40,0
17:36:41,0
17:36:42,0
17:36:43,0
17:36:44,0
17:36:45,0
17:36:46,0
17:36:47,0
17:36:48,0
17:36:49,1
17:36:50,0
17:36:51,0
17:36:52,0
17:36:53,0
17:36:54,0
17:36:55,0
17:36:56,0
17:36:57,0
17:36:58,0
17:36:59,0
17:37:00,0
17:37:01,0
17:37:02,0
17:37:03,0
17:37:04,0
17:37:05,0
17:37:06,0
17:37:07,0
17:37:08,0
17:37:09,0
17:37:10,0
17:37:11,0
17:37:12,0
17:37:13,0
17:37:14,0
17:37:15,0
17:37:16,1
17:37:17,0
17:37:18,0
17:37:19,0
17:37:20,1
17:37:21,0
17:37:22,0
17:37:23,0
17:37:24,0
17:37:25,1
17:37:26,0
17:37:27,0
17:37:28,0
17:37:29,0
17:37:30,1
17:37:31,0
17:37:32,0
17:37:33,0
17:37:34,0
17:37:35,0
17:37:36,1
17:37:37,0
17:37:38,0
17:37:39,0
17:37:40,0
17:37:41,0
17:37:42,0
17:37:43,0
17:37:44,0
17:37:45,0
17:37:46,0
17:37:47,1
17:37:48,0
17:37:49,0
17:37:50,0
17:37:51,1
17:37:52,0
17:37:53,0
17:37:54,0
17:37:55,0
17:37:56,0
17:37:57,0
17:37:58,0
17:37:59,0
17:38:00,0
17:38:01,0
17:38:02,0
17:38:03,0
17:38:04,0
17:38:05,0
17:38:06,0
17:38:07,0
17:38:08,0
17:38:09,0
17:38:10,0
17:38:11,0
17:38:12,0
17:38:13,0
17:38:14,0
17:38:15,0
17:38:16,0
17:38:17,0
17:38:18,0
17:38:19,0
17:38:20,0
17:38:21,0
17:38:22,0
17:38:23,0
17:38:24,0
17:38:25,1
17:38:26,0
17:38:27,0
17:38:28,0
17:38:29,1
17:38:30,0
17:38:31,0
17:38:32,0
17:38:33,0
17:38:34,0
17:38:35,1
17:38:36,0
17:38:37,0
17:38:38,0
17:38:39,0
17:38:40,0
17:38:41,1
17:38:42,0
17:38:43,0
17:38:44,0
17:38:45,0
17:38:46,0
17:38:47,0
17:38:48,0
17:38:49,0
17:38:50,0
17:38:51,0
17:38:52,0
17:38:53,0
17:38:54,0
17:38:55,1
17:38:56,0
17:38:57,0
17:38:58,0
17:38:59,0
17:39:00,0
17:39:01,0
17:39:02,0
17:39:03,0
17:39:04,0
17:39:05,0
17:39:06,0
17:39:07,0
17:39:08,0
17:39:09,0
17:39:10,0
17:39:11,0
17:39:12,0
17:39:13,0
17:39:14,0
17:39:15,0
17:39:16,0
17:39:17,0
17:39:18,0
17:39:19,0
17:39:20,0
17:39:21,0
17:39:22,0
17:39:23,0
17:39:24,0
17:39:25,1
17:39:26,0
17:39:27,0
17:39:28,1
17:39:29,0
17:39:30,0
17:39:31,1
17:39:32,0
17:39:33,0
17:39:34,1
17:39:35,0
17:39:36,0
17:39:37,0
17:39:38,1
17:39:39,0
17:39:40,0
17:39:41,0
17:39:42,1
17:39:43,0
17:39:44,0
17:39:45,1
17:39:46,0
17:39:47,0
17:39:48,0
17:39:49,0
17:39:50,0
17:39:51,0
17:39:52,0
17:39:53,0
17:39:54,0
17:39:55,0
17:39:56,0
17:39:57,0
17:39:58,0
17:39:59,0
17:40:00,0
17:40:01,0
17:40:02,0
17:40:03,0
17:40:04,0
17:40:05,0
17:40:06,0
17:40:07,0
17:40:08,0
17:40:09,0
17:40:10,0
17:40:11,0
17:40:12,0
17:40:13,0
17:40:14,0
17:40:15,1
17:40:16,0
17:40:17,1
17:40:18,1
17:40:19,1
17:40:20,1
17:40:21,1
17:40:22,1
17:40:23,0
17:40:24,1
17:40:25,1
17:40:26,0
17:40:27,1
17:40:28,0
17:40:29,0
17:40:30,0
17:40:31,0
17:40:32,1
17:40:33,0
17:40:34,1
17:40:35,0
17:40:36,0
17:40:37,0
17:40:38,0
17:40:39,0
17:40:40,0
17:40:41,0
17:40:42,0
17:40:43,0
17:40:44,0
17:40:45,0
17:40:46,0
17:40:47,0
17:40:48,0
17:40:49,0
17:40:50,0
17:40:51,0
17:40:52,0
17:40:53,0
17:40:54,0
17:40:55,0
17:40:56,0
17:40:57,0
17:40:58,0
17:40:59,0
17:41:00,0
17:41:01,0
17:41:02,0
17:41:03,0
17:41:04,0
17:41:05,0
17:41:06,0
17:41:07,0
17:41:08,0
17:41:09,0
17:41:10,0
17:41:11,0
17:41:12,0
17:41:13,0
17:41:14,0
17:41:15,0
17:41:16,0
17:41:17,0
17:41:18,0
17:41:19,0
17:41:20,0
17:41:21,0
17:41:22,0
17:41:23,0
17:41:24,0
17:41:25,0
17:41:26,0
17:41:27,0
17:41:28,0
17:41:29,0
17:41:30,0
17:41:31,0
17:41:32,0
17:41:33,0
17:41:34,0
17:41:35,0
17:41:36,0
17:41:37,0
17:41:38,0
17:41:39,0
17:41:40,0
17:41:41,0
17:41:42,0
17:41:43,0
17:41:44,0
17:41:45,0
17:41:46,0
17:41:47,0
17:41:48,0
17:41:49,0
17:41:50,0
17:41:51,0
17:41:52,0
17:41:53,0
17:41:54,0
17:41:55,0
17:41:56,0
17:41:57,0
17:41:58,0
17:41:59,0
17:42:00,0
17:42:01,0
17:42:02,0
17:42:03,0
17:42:04,0
17:42:05,0
17:42:06,0
17:42:07,0
17:42:08,0
17:42:09,0
17:42:10,0
17:42:11,0
17:42:12,0
17:42:13,0
17:42:14,0
17:42:15,0
17:42:16,0
17:42:17,0
17:42:18,0
17:42:19,0
17:42:20,0
17:42:21,0
17:42:22,0
17:42:23,0
17:42:24,0
17:42:25,0
17:42:26,0
17:42:27,0
17:42:28,0
17:42:29,0
17:42:30,0
17:42:31,0
17:42:32,0
17:42:33,0
17:42:34,0
17:42:35,0
17:42:36,0
17:42:37,0
17:42:38,0
17:42:39,0
17:42:40,0
17:42:41,0
17:42:42,0
17:42:43,0
17:42:44,0
17:42:45,0
17:42:46,0
17:42:47,0
17:42:48,0
17:42:49,0
17:42:50,0
17:42:51,0
17:42:52,0
17:42:53,0
17:42:54,0
17:42:55,0
17:42:56,0
17:42:57,0
17:42:58,0
17:42:59,0
17:43:00,0
17:43:01,0
17:43:02,0
17:43:03,0
17:43:04,0
17:43:05,0
17:43:06,0
17:43:07,0
17:43:08,0
17:43:09,0
17:43:10,0
17:43:11,0
17:43:12,0
17:43:13,0
17:43:14,0
17:43:15,0
17:43:16,0
17:43:17,0
17:43:18,0
17:43:19,0
17:43:20,0
17:43:21,0
17:43:22,0
17:43:23,0
17:43:24,0
17:43:25,0
17:43:26,0
17:43:27,0
17:43:28,0
17:43:29,0
17:43:30,0
17:43:31,0
17:43:32,0
17:43:33,0
17:43:34,0
17:43:35,0
17:43:36,0
17:43:37,0
17:43:38,0
17:43:39,0
17:43:40,0
17:43:41,0
17:43:42,0
17:43:43,0
17:43:44,0
17:43:45,0
17:43:46,0
17:43:47,0
17:43:48,0
17:43:49,0
17:43:50,0
17:43:51,0
17:43:52,0
17:43:53,0
17:43:54,0
17:43:55,0
17:43:56,0
17:43:57,0
17:43:58,0
17:43:59,0
17:44:00,0
17:44:01,0
17:44:02,0
17:44:03,0
17:44:04,0
17:44:05,0
17:44:06,0
17:44:07,0
17:44:08,0
17:44:09,0
17:44:10,0
17:44:11,0
17:44:12,0
17:44:13,0
17:44:14,0
17:44:15,0
17:44:16,0
17:44:17,0
17:44:18,0
17:44:19,0
17:44:20,0
17:44:21,0
17:44:22,0
17:44:23,0
17:44:24,0
17:44:25,0
17:44:26,0
17:44:27,0
17:44:28,0
17:44:29,0
17:44:30,0
17:44:31,1
17:44:32,0
17:44:33,0
17:44:34,0
17:44:35,0
17:44:36,0
17:44:37,0
17:44:38,0
17:44:39,0
17:44:40,0
17:44:41,0
17:44:42,0
17:44:43,0
17:44:44,0
17:44:45,0
17:44:46,0
17:44:47,0
17:44:48,0
17:44:49,0
17:44:50,0
17:44:51,0
17:44:52,0
17:44:53,0
17:44:54,0
17:44:55,0
17:44:56,0
17:44:57,0
17:44:58,0
17:44:59,0
17:45:00,0
17:45:01,0
17:45:02,0
17:45:03,0
17:45:04,0
17:45:05,0
17:45:06,0
17:45:07,0
17:45:08,0
17:45:09,0
17:45:10,0
17:45:11,0
17:45:12,0
17:45:13,0
17:45:14,0
17:45:15,0
17:45:16,0
17:45:17,0
17:45:18,0
17:45:19,0
17:45:20,0
17:45:21,0
17:45:22,0
17:45:23,0
17:45:24,0
17:45:25,0
17:45:26,0
17:45:27,0
17:45:28,0
17:45:29,0
17:45:30,0
17:45:31,0
17:45:32,0
17:45:33,0
17:45:34,0
17:45:35,0
17:45:36,0
17:45:37,0
17:45:38,0
17:45:39,0
17:45:40,0
17:45:41,0
17:45:42,0
17:45:43,0
17:45:44,0
17:45:45,0
17:45:46,0
17:45:47,0
17:45:48,0
17:45:49,0
17:45:50,0
17:45:51,0
17:45:52,0
17:45:53,0
17:45:54,0
17:45:55,0
17:45:56,0
17:45:57,0
17:45:58,0
17:45:59,0
17:46:00,0
17:46:01,0
17:46:02,0
17:46:03,0
17:46:04,0
17:46:05,0
17:46:06,0
17:46:07,0
17:46:08,0
17:46:09,0
17:46:10,0
17:46:11,0
17:46:12,0
17:46:13,0
17:46:14,0
17:46:15,0
17:46:16,0
17:46:17,0
17:46:18,0
17:46:19,0
17:46:20,0
17:46:21,0
17:46:22,0
17:46:23,0
17:46:24,0
17:46:25,0
17:46:26,0
17:46:27,0
17:46:28,0
17:46:29,0
17:46:30,0
17:46:31,0
17:46:32,0
17:46:33,0
17:46:34,0
17:46:35,0
17:46:36,0
17:46:37,0
17:46:38,0
17:46:39,0
17:46:40,0
17:46:41,0
17:46:42,0
17:46:43,0
17:46:44,0
17:46:45,0
17:46:46,0
17:46:47,0
17:46:48,0
17:46:49,0
17:46:50,0
17:46:51,0
17:46:52,0
17:46:53,0
17:46:54,0
17:46:55,0
17:46:56,0
17:46:57,0
17:46:58,0
17:46:59,0
17:47:00,0
17:47:01,1
17:47:02,0
17:47:03,0
17:47:04,0
17:47:05,0
17:47:06,0
17:47:07,0
17:47:08,0
17:47:09,0
17:47:10,0
17:47:11,0
17:47:12,0
17:47:13,0
17:47:14,1
17:47:15,0
17:47:16,1
17:47:17,0
17:47:18,0
17:47:19,0
17:47:20,0
17:47:21,1
17:47:22,0
17:47:23,1
17:47:24,0
17:47:25,1
17:47:26,0
17:47:27,1
17:47:28,0
17:47:29,0
17:47:30,0
17:47:31,0
17:47:32,0
17:47:33,0
17:47:34,0
17:47:35,0
17:47:36,0
17:47:37,0
17:47:38,0
17:47:39,0
17:47:40,0
17:47:41,0
17:47:42,0
17:47:43,0
17:47:44,0
17:47:45,0
17:47:46,0
17:47:47,0
17:47:48,0
17:47:49,0
17:47:50,0
17:47:51,0
17:47:52,0
17:47:53,0
17:47:54,0
17:47:55,0
17:47:56,0
17:47:57,0
17:47:58,0
17:47:59,0
17:48:00,0
17:48:01,0
17:48:02,0
17:48:03,0
17:48:04,0
17:48:05,0
17:48:06,0
17:48:07,0
17:48:08,0
17:48:09,0
17:48:10,0
17:48:11,0
17:48:12,0
17:48:13,0
17:48:14,0
17:48:15,0
17:48:16,0
17:48:17,0
17:48:18,0
17:48:19,0
17:48:20,0
17:48:21,0
17:48:22,0
17:48:23,0
17:48:24,0
17:48:25,0
17:48:26,0
17:48:27,0
17:48:28,0
17:48:29,0
17:48:30,0
17:48:31,0
17:48:32,0
17:48:33,0
17:48:34,0
17:48:35,0
17:48:36,0
17:48:37,0
17:48:38,0
17:48:39,0
17:48:40,0
17:48:41,0
17:48:42,0
17:48:43,0
17:48:44,0
17:48:45,0
17:48:46,0
17:48:47,0
17:48:48,0
17:48:49,0
17:48:50,0
17:48:51,0
17:48:52,0
17:48:53,0
17:48:54,0
17:48:55,0
17:48:56,0
17:48:57,0
17:48:58,0
17:48:59,0
17:49:00,0
17:49:01,0
17:49:02,0
17:49:03,0
17:49:04,0
17:49:05,0
17:49:06,0
17:49:07,0
17:49:08,0
17:49:09,0
17:49:10,0
17:49:11,0
17:49:12,0
17:49:13,0
17:49:14,0
17:49:15,0
17:49:16,0
17:49:17,0
17:49:18,0
17:49:19,0
17:49:20,0
17:49:21,0
17:49:22,0
17:49:23,0
17:49:24,0
17:49:25,0
17:49:26,0
17:49:27,0
17:49:28,0
17:49:29,0
17:49:30,0
17:49:31,0
17:49:32,0
17:49:33,0
17:49:34,0
17:49:35,0
17:49:36,0
17:49:37,0
17:49:38,0
17:49:39,0
17:49:40,0
17:49:41,0
17:49:42,0
17:49:43,0
17:49:44,0
17:49:45,0
17:49:46,0
17:49:47,0
17:49:48,0
17:49:49,0
17:49:50,0
17:49:51,0
17:49:52,0
17:49:53,0
17:49:54,0
17:49:55,0
17:49:56,0
17:49:57,0
17:49:58,0
17:49:59,0
17:50:00,0
17:50:01,0
17:50:02,0
17:50:03,0
17:50:04,0
17:50:05,0
17:50:06,0
17:50:07,0
17:50:08,0
17:50:09,0
17:50:10,0
17:50:11,0
17:50:12,0
17:50:13,0
17:50:14,0
17:50:15,0
17:50:16,0
17:50:17,0
17:50:18,0
17:50:19,0
17:50:20,0
17:50:21,0
17:50:22,0
17:50:23,0
17:50:24,0
17:50:25,0
17:50:26,0
17:50:27,1
17:50:28,0
17:50:29,0
17:50:30,0
17:50:31,0
17:50:32,0
17:50:33,0
17:50:34,0
17:50:35,0
17:50:36,0
17:50:37,0
17:50:38,0
17:50:39,0
17:50:40,0
17:50:41,0
17:50:42,0
17:50:43,0
17:50:44,0
17:50:45,0
17:50:46,0
17:50:47,0
17:50:48,0
17:50:49,0
17:50:50,0
17:50:51,0
17:50:52,0
17:50:53,0
17:50:54,0
17:50:55,0
17:50:56,0
17:50:57,0
17:50:58,0
17:50:59,0
17:51:00,0
17:51:01,0
17:51:02,1
17:51:03,0
17:51:04,0
17:51:05,0
17:51:06,1
17:51:07,0
17:51:08,1
17:51:09,1
17:51:10,1
17:51:11,1
17:51:12,0
17:51:13,1
17:51:14,0
17:51:15,1
17:51:16,0
17:51:17,1
17:51:18,0
17:51:19,0
17:51:20,1
17:51:21,0
17:51:22,1
17:51:23,0
17:51:24,0
17:51:25,0
17:51:26,0
17:51:27,0
17:51:28,1
17:51:29,0
17:51:30,0
17:51:31,0
17:51:32,0
17:51:33,1
17:51:34,0
17:51:35,0
17:51:36,0
17:51:37,0
17:51:38,0
17:51:39,0
17:51:40,0
17:51:41,1
17:51:42,0
17:51:43,0
17:51:44,0
17:51:45,0
17:51:46,1
17:51:47,0
17:51:48,0
17:51:49,0
17:51:50,0
17:51:51,0
17:51:52,0
17:51:53,0
17:51:54,0
17:51:55,0
17:51:56,0
17:51:57,0
17:51:58,0
17:51:59,0
17:52:00,0
17:52:01,0
17:52:02,1
17:52:03,0
17:52:04,1
17:52:05,0
17:52:06,0
17:52:07,1
17:52:08,0
17:52:09,0
17:52:10,0
17:52:11,0
17:52:12,0
17:52:13,0
17:52:14,0
17:52:15,0
17:52:16,0
17:52:17,0
17:52:18,0
17:52:19,0
17:52:20,0
17:52:21,0
17:52:22,0
17:52:23,0
17:52:24,0
17:52:25,1
17:52:26,0
17:52:27,0
17:52:28,0
17:52:29,0
17:52:30,1
17:52:31,1
17:52:32,0
17:52:33,0
17:52:34,1
17:52:35,0
17:52:36,0
17:52:37,0
17:52:38,0
17:52:39,0
17:52:40,0
17:52:41,0
17:52:42,0
17:52:43,0
17:52:44,0
17:52:45,0
17:52:46,0
17:52:47,0
17:52:48,0
17:52:49,0
17:52:50,0
17:52:51,0
17:52:52,0
17:52:53,1
17:52:54,0
17:52:55,0
17:52:56,0
17:52:57,0
17:52:58,0
17:52:59,0
17:53:00,0
17:53:01,0
17:53:02,0
17:53:03,0
17:53:04,0
17:53:05,0
17:53:06,0
17:53:07,0
17:53:08,0
17:53:09,0
17:53:10,0
17:53:11,0
17:53:12,0
17:53:13,0
17:53:14,0
17:53:15,0
17:53:16,0
17:53:17,0
17:53:18,1
17:53:19,0
17:53:20,0
17:53:21,0
17:53:22,1
17:53:23,0
17:53:24,1
17:53:25,1
17:53:26,0
17:53:27,2
17:53:28,0
17:53:29,1
17:53:30,1
17:53:31,1
17:53:32,0
17:53:33,1
17:53:34,0
17:53:35,0
17:53:36,1
17:53:37,0
17:53:38,0
17:53:39,1
17:53:40,0
17:53:41,0
17:53:42,0
17:53:43,0
17:53:44,0
17:53:45,0
17:53:46,0
17:53:47,0
17:53:48,0
17:53:49,0
17:53:50,0
17:53:51,0
17:53:52,0
17:53:53,0
17:53:54,0
17:53:55,0
17:53:56,0
17:53:57,0
17:53:58,0
17:53:59,0
17:54:00,0
17:54:01,0
17:54:02,0
17:54:03,0
17:54:04,0
17:54:05,0
17:54:06,0
17:54:07,0
17:54:08,0
17:54:09,0
17:54:10,0
17:54:11,0
17:54:12,0
17:54:13,0
17:54:14,0
17:54:15,0
17:54:16,0
17:54:17,0
17:54:18,0
17:54:19,0
17:54:20,0
17:54:21,0
17:54:22,0
17:54:23,0
17:54:24,0
17:54:25,0
17:54:26,0
17:54:27,0
17:54:28,0
17:54:29,0
17:54:30,0
17:54:31,0
17:54:32,0
17:54:33,0
17:54:34,0
17:54:35,0
17:54:36,0
17:54:37,0
17:54:38,0
17:54:39,0
17:54:40,0
17:54:41,0
17:54:42,0
17:54:43,0
17:54:44,0
17:54:45,0
17:54:46,0
17:54:47,0
17:54:48,0
17:54:49,0
17:54:50,0
17:54:51,0
17:54:52,0
17:54:53,0
17:54:54,0
17:54:55,0
17:54:56,0
17:54:57,0
17:54:58,0
17:54:59,0
17:55:00,0
17:55:01,0
17:55:02,0
17:55:03,0
17:55:04,0
17:55:05,0
17:55:06,0
17:55:07,0
17:55:08,0
17:55:09,0
17:55:10,0
17:55:11,0
17:55:12,0
17:55:13,0
17:55:14,0
17:55:15,0
17:55:16,0
17:55:17,0
17:55:18,0
17:55:19,0
17:55:20,0
17:55:21,0
17:55:22,0
17:55:23,0
17:55:24,0
17:55:25,0
17:55:26,0
17:55:27,0
17:55:28,0
17:55:29,0
17:55:30,0
17:55:31,0
17:55:32,0
17:55:33,0
17:55:34,0
17:55:35,0
17:55:36,0
17:55:37,0
17:55:38,1
17:55:39,0
17:55:40,0
17:55:41,0
17:55:42,0
17:55:43,0
17:55:44,0
17:55:45,0
17:55:46,0
17:55:47,0
17:55:48,0
17:55:49,0
17:55:50,0
17:55:51,0
17:55:52,0
17:55:53,0
17:55:54,0
17:55:55,0
17:55:56,0
17:55:57,0
17:55:58,0
17:55:59,0
17:56:00,0
17:56:01,0
17:56:02,0
17:56:03,0
17:56:04,0
17:56:05,0
17:56:06,0
17:56:07,0
17:56:08,0
17:56:09,0
17:56:10,0
17:56:11,0
17:56:12,0
17:56:13,0
17:56:14,0
17:56:15,0
17:56:16,0
17:56:17,0
17:56:18,0
17:56:19,0
17:56:20,0
17:56:21,0
17:56:22,0
17:56:23,0
17:56:24,0
17:56:25,0
17:56:26,0
17:56:27,0
17:56:28,0
17:56:29,0
17:56:30,0
17:56:31,0
17:56:32,0
17:56:33,0
17:56:34,0
17:56:35,0
17:56:36,0
17:56:37,0
17:56:38,0
17:56:39,0
17:56:40,0
17:56:41,0
17:56:42,0
17:56:43,0
17:56:44,0
17:56:45,0
17:56:46,0
17:56:47,0
17:56:48,0
17:56:49,0
17:56:50,0
17:56:51,0
17:56:52,0
17:56:53,0
17:56:54,0
17:56:55,0
17:56:56,0
17:56:57,0
17:56:58,0
17:56:59,0
17:57:00,0
17:57:01,0
17:57:02,0
17:57:03,0
17:57:04,0
17:57:05,0
17:57:06,0
17:57:07,0
17:57:08,0
17:57:09,0
17:57:10,0
17:57:11,0
17:57:12,0
17:57:13,0
17:57:14,0
17:57:15,0
17:57:16,0
17:57:17,0
17:57:18,0
17:57:19,0
17:57:20,0
17:57:21,0
17:57:22,0
17:57:23,0
17:57:24,0
17:57:25,0
17:57:26,0
17:57:27,0
17:57:28,0
17:57:29,0
17:57:30,1
17:57:31,0
17:57:32,0
17:57:33,0
17:57:34,0
17:57:35,0
17:57:36,0
17:57:37,0
17:57:38,0
17:57:39,0
17:57:40,0
17:57:41,0
17:57:42,0
17:57:43,0
17:57:44,0
17:57:45,0
17:57:46,0
17:57:47,0
17:57:48,0
17:57:49,0
17:57:50,0
17:57:51,0
17:57:52,0
17:57:53,0
17:57:54,0
17:57:55,0
17:57:56,0
17:57:57,0
17:57:58,0
17:57:59,0
17:58:00,0
17:58:01,0
17:58:02,0
17:58:03,0
17:58:04,0
17:58:05,1
17:58:06,0
17:58:07,0
17:58:08,0
17:58:09,0
17:58:10,0
17:58:11,0
17:58:12,0
17:58:13,0
17:58:14,0
17:58:15,0
17:58:16,0
17:58:17,0
17:58:18,1
17:58:19,0
17:58:20,0
17:58:21,0
17:58:22,0
17:58:23,0
17:58:24,0
17:58:25,0
17:58:26,0
17:58:27,0
17:58:28,0
17:58:29,0
17:58:30,0
17:58:31,0
17:58:32,1
17:58:33,0
17:58:34,0
17:58:35,0
17:58:36,0
17:58:37,0
17:58:38,0
17:58:39,0
17:58:40,0
17:58:41,0
17:58:42,0
17:58:43,0
17:58:44,0
17:58:45,0
17:58:46,0
17:58:47,0
17:58:48,0
17:58:49,0
17:58:50,0
17:58:51,0
17:58:52,0
17:58:53,0
17:58:54,0
17:58:55,0
17:58:56,0
17:58:57,0
17:58:58,0
17:58:59,0
17:59:00,0
17:59:01,0
17:59:02,0
17:59:03,0
17:59:04,0
17:59:05,0
17:59:06,0
17:59:07,0
17:59:08,0
17:59:09,0
17:59:10,0
17:59:11,0
17:59:12,0
17:59:13,0
17:59:14,0
17:59:15,0
17:59:16,0
17:59:17,0
17:59:18,0
17:59:19,0
17:59:20,0
17:59:21,0
17:59:22,0
17:59:23,0
17:59:24,0
17:59:25,0
17:59:26,0
17:59:27,0
17:59:28,0
17:59:29,0
17:59:30,0
17:59:31,0
17:59:32,0
17:59:33,0
17:59:34,0
17:59:35,0
17:59:36,0
17:59:37,0
17:59:38,0
17:59:39,0
17:59:40,0
17:59:41,0
17:59:42,0
17:59:43,0
17:59:44,0
17:59:45,1
17:59:46,0
17:59:47,0
17:59:48,0
17:59:49,0
17:59:50,0
17:59:51,0
17:59:52,0
17:59:53,0
17:59:54,0
17:59:55,0
17:59:56,0
17:59:57,0
17:59:58,0
17:59:59,0
18:00:00,0
18:00:01,0
18:00:02,0
18:00:03,0
18:00:04,0
18:00:05,0
18:00:06,0
18:00:07,0
18:00:08,0
18:00:09,0
18:00:10,0
18:00:11,0
18:00:12,0
18:00:13,0
18:00:14,0
18:00:15,0
18:00:16,0
18:00:17,0
18:00:18,0
18:00:19,0
18:00:20,0
18:00:21,0
18:00:22,0
18:00:23,0
18:00:24,0
18:00:25,0
18:00:26,0
18:00:27,0
18:00:28,0
18:00:29,0
18:00:30,0
18:00:31,0
18:00:32,0
18:00:33,0
18:00:34,0
18:00:35,0
18:00:36,0
18:00:37,0
18:00:38,0
18:00:39,0
18:00:40,1
18:00:41,0
18:00:42,0
18:00:43,0
18:00:44,0
18:00:45,0
18:00:46,0
18:00:47,0
18:00:48,0
18:00:49,0
18:00:50,0
18:00:51,0
18:00:52,0
18:00:53,0
18:00:54,0
18:00:55,0
18:00:56,0
18:00:57,0
18:00:58,0
18:00:59,0
18:01:00,0
18:01:01,0
18:01:02,0
18:01:03,0
18:01:04,0
18:01:05,0
18:01:06,0
18:01:07,0
18:01:08,0
18:01:09,0
18:01:10,0
18:01:11,0
18:01:12,0
18:01:13,0
18:01:14,0
18:01:15,0
18:01:16,0
18:01:17,0
18:01:18,0
18:01:19,0
18:01:20,0
18:01:21,0
18:01:22,0
18:01:23,0
18:01:24,0
18:01:25,0
18:01:26,0
18:01:27,0
18:01:28,0
18:01:29,0
18:01:30,0
18:01:31,0
18:01:32,0
18:01:33,0
18:01:34,0
18:01:35,0
18:01:36,0
18:01:37,0
18:01:38,0
18:01:39,0
18:01:40,0
18:01:41,0
18:01:42,0
18:01:43,0
18:01:44,0
18:01:45,0
18:01:46,0
18:01:47,0
18:01:48,0
18:01:49,0
18:01:50,0
18:01:51,0
18:01:52,0
18:01:53,0
18:01:54,0
18:01:55,0
18:01:56,0
18:01:57,0
18:01:58,0
18:01:59,0
18:02:00,0
18:02:01,0
18:02:02,0
18:02:03,0
18:02:04,0
18:02:05,0
18:02:06,0
18:02:07,0
18:02:08,0
18:02:09,0
18:02:10,0
18:02:11,0
18:02:12,0
18:02:13,0
18:02:14,0
18:02:15,0
18:02:16,0
18:02:17,0
18:02:18,0
18:02:19,0
18:02:20,0
18:02:21,0
18:02:22,0
18:02:23,0
18:02:24,0
18:02:25,0
18:02:26,0
18:02:27,0
18:02:28,0
18:02:29,0
18:02:30,0
18:02:31,0
18:02:32,0
18:02:33,0
18:02:34,0
18:02:35,0
18:02:36,0
18:02:37,0
18:02:38,0
18:02:39,0
18:02:40,0
18:02:41,0
18:02:42,0
18:02:43,0
18:02:44,0
18:02:45,0
18:02:46,0
18:02:47,0
18:02:48,0
18:02:49,0
18:02:50,0
18:02:51,0
18:02:52,0
18:02:53,0
18:02:54,0
18:02:55,0
18:02:56,0
18:02:57,0
18:02:58,0
18:02:59,0
18:03:00,0
18:03:01,0
18:03:02,0
18:03:03,0
18:03:04,0
18:03:05,0
18:03:06,0
18:03:07,0
18:03:08,0
18:03:09,0
18:03:10,0
18:03:11,0
18:03:12,0
18:03:13,0
18:03:14,0
18:03:15,0
18:03:16,0
18:03:17,0
18:03:18,0
18:03:19,0
18:03:20,0
18:03:21,0
18:03:22,0
18:03:23,0
18:03:24,0
18:03:25,0
18:03:26,0
18:03:27,0
18:03:28,0
18:03:29,0
18:03:30,0
18:03:31,0
18:03:32,0
18:03:33,0
18:03:34,0
18:03:35,0
18:03:36,0
18:03:37,0
18:03:38,0
18:03:39,0
18:03:40,0
18:03:41,0
18:03:42,0
18:03:43,0
18:03:44,0
18:03:45,0
18:03:46,1
18:03:47,0
18:03:48,0
18:03:49,0
18:03:50,0
18:03:51,0
18:03:52,0
18:03:53,0
18:03:54,0
18:03:55,0
18:03:56,0
18:03:57,0
18:03:58,0
18:03:59,0
18:04:00,0
18:04:01,0
18:04:02,0
18:04:03,0
18:04:04,0
18:04:05,0
18:04:06,0
18:04:07,0
18:04:08,0
18:04:09,0
18:04:10,0
18:04:11,0
18:04:12,0
18:04:13,0
18:04:14,0
18:04:15,0
18:04:16,0
18:04:17,0
18:04:18,0
18:04:19,0
18:04:20,0
18:04:21,0
18:04:22,0
18:04:23,0
18:04:24,0
18:04:25,0
18:04:26,0
18:04:27,0
18:04:28,0
18:04:29,0
18:04:30,0
18:04:31,0
18:04:32,0
18:04:33,0
18:04:34,0
18:04:35,0
18:04:36,0
18:04:37,0
18:04:38,0
18:04:39,0
18:04:40,0
18:04:41,0
18:04:42,0
18:04:43,0
18:04:44,0
18:04:45,0
18:04:46,0
18:04:47,0
18:04:48,0
18:04:49,0
18:04:50,0
18:04:51,0
18:04:52,0
18:04:53,0
18:04:54,0
18:04:55,0
18:04:56,0
18:04:57,0
18:04:58,0
18:04:59,0
18:05:00,0
18:05:01,0
18:05:02,0
18:05:03,0
18:05:04,0
18:05:05,0
18:05:06,0
18:05:07,0
18:05:08,0
18:05:09,0
18:05:10,0
18:05:11,0
18:05:12,0
18:05:13,0
18:05:14,0
18:05:15,0
18:05:16,0
18:05:17,0
18:05:18,0
18:05:19,0
18:05:20,0
18:05:21,0
18:05:22,0
18:05:23,0
18:05:24,0
18:05:25,0
18:05:26,0
18:05:27,0
18:05:28,0
18:05:29,0
18:05:30,0
18:05:31,0
18:05:32,0
18:05:33,0
18:05:34,0
18:05:35,0
18:05:36,0
18:05:37,0
18:05:38,0
18:05:39,0
18:05:40,0
18:05:41,0
18:05:42,0
18:05:43,0
18:05:44,0
18:05:45,0
18:05:46,0
18:05:47,0
18:05:48,0
18:05:49,0
18:05:50,0
18:05:51,0
18:05:52,0
18:05:53,0
18:05:54,0
18:05:55,0
18:05:56,0
18:05:57,0
18:05:58,0
18:05:59,0
18:06:00,0
18:06:01,0
18:06:02,0
18:06:03,0
18:06:04,0
18:06:05,0
18:06:06,0
18:06:07,0
18:06:08,0
18:06:09,0
18:06:10,0
18:06:11,0
18:06:12,0
18:06:13,0
18:06:14,0
18:06:15,0
18:06:16,0
18:06:17,0
18:06:18,0
18:06:19,0
18:06:20,0
18:06:21,0
18:06:22,0
18:06:23,0
18:06:24,0
18:06:25,0
18:06:26,0
18:06:27,0
18:06:28,0
18:06:29,0
18:06:30,0
18:06:31,0
18:06:32,0
18:06:33,0
18:06:34,0
18:06:35,0
18:06:36,0
18:06:37,0
18:06:38,0
18:06:39,0
18:06:40,0
18:06:41,0
18:06:42,0
18:06:43,0
18:06:44,0
18:06:45,0
18:06:46,0
18:06:47,0
18:06:48,0
18:06:49,0
18:06:50,0
18:06:51,0
18:06:52,0
18:06:53,0
18:06:54,0
18:06:55,0
18:06:56,0
18:06:57,0
18:06:58,0
18:06:59,0
18:07:00,0
18:07:01,0
18:07:02,0
18:07:03,0
18:07:04,0
18:07:05,0
18:07:06,0
18:07:07,0
18:07:08,0
18:07:09,0
18:07:10,0
18:07:11,0
18:07:12,0
18:07:13,0
18:07:14,0
18:07:15,0
18:07:16,0
18:07:17,0
18:07:18,0
18:07:19,0
18:07:20,0
18:07:21,0
18:07:22,0
18:07:23,0
18:07:24,0
18:07:25,0
18:07:26,0
18:07:27,0
18:07:28,0
18:07:29,0
18:07:30,0
18:07:31,0
18:07:32,0
18:07:33,0
18:07:34,0
18:07:35,0
18:07:36,0
18:07:37,0
18:07:38,0
18:07:39,0
18:07:40,0
18:07:41,0
18:07:42,0
18:07:43,0
18:07:44,0
18:07:45,0
18:07:46,0
18:07:47,0
18:07:48,0
18:07:49,0
18:07:50,0
18:07:51,0
18:07:52,0
18:07:53,0
18:07:54,0
18:07:55,0
18:07:56,0
18:07:57,0
18:07:58,0
18:07:59,0
18:08:00,0
18:08:01,0
18:08:02,0
18:08:03,0
18:08:04,0
18:08:05,0
18:08:06,0
18:08:07,0
18:08:08,0
18:08:09,0
18:08:10,0
18:08:11,0
18:08:12,0
18:08:13,0
18:08:14,0
18:08:15,0
18:08:16,0
18:08:17,0
18:08:18,0
18:08:19,0
18:08:20,0
18:08:21,0
18:08:22,0
18:08:23,0
18:08:24,0
18:08:25,0
18:08:26,0
18:08:27,0
18:08:28,0
18:08:29,0
18:08:30,0
18:08:31,0
18:08:32,0
18:08:33,0
18:08:34,0
18:08:35,0
18:08:36,0
18:08:37,0
18:08:38,0
18:08:39,0
18:08:40,0
18:08:41,0
18:08:42,0
18:08:43,0
18:08:44,0
18:08:45,0
18:08:46,0
18:08:47,0
18:08:48,0
18:08:49,0
18:08:50,0
18:08:51,0
18:08:52,0
18:08:53,0
18:08:54,0
18:08:55,0
18:08:56,0
18:08:57,0
18:08:58,0
18:08:59,0
18:09:00,0
18:09:01,0
18:09:02,0
18:09:03,0
18:09:04,0
18:09:05,0
18:09:06,0
18:09:07,0
18:09:08,0
18:09:09,0
18:09:10,0
18:09:11,0
18:09:12,0
18:09:13,0
18:09:14,0
18:09:15,0
18:09:16,0
18:09:17,0
18:09:18,0
18:09:19,0
18:09:20,0
18:09:21,0
18:09:22,0
18:09:23,0
18:09:24,0
18:09:25,0
18:09:26,0
18:09:27,0
18:09:28,0
18:09:29,0
18:09:30,0
18:09:31,0
18:09:32,0
18:09:33,0
18:09:34,0
18:09:35,0
18:09:36,0
18:09:37,0
18:09:38,0
18:09:39,0
18:09:40,0
18:09:41,0
18:09:42,0
18:09:43,0
18:09:44,0
18:09:45,0
18:09:46,0
18:09:47,0
18:09:48,0
18:09:49,0
18:09:50,0
18:09:51,0
18:09:52,0
18:09:53,0
18:09:54,0
18:09:55,0
18:09:56,0
18:09:57,0
18:09:58,0
18:09:59,0
18:10:00,0
18:10:01,0
18:10:02,0
18:10:03,0
18:10:04,0
18:10:05,0
18:10:06,0
18:10:07,0
18:10:08,0
18:10:09,0
18:10:10,0
18:10:11,0
18:10:12,0
18:10:13,0
18:10:14,0
18:10:15,0
18:10:16,0
18:10:17,0
18:10:18,0
18:10:19,0
18:10:20,0
18:10:21,0
18:10:22,0
18:10:23,0
18:10:24,0
18:10:25,0
18:10:26,0
18:10:27,0
18:10:28,0
18:10:29,0
18:10:30,0
18:10:31,0
18:10:32,0
18:10:33,0
18:10:34,0
18:10:35,0
18:10:36,0
18:10:37,0
18:10:38,0
18:10:39,0
18:10:40,0
18:10:41,0
18:10:42,0
18:10:43,0
18:10:44,0
18:10:45,0
18:10:46,0
18:10:47,0
18:10:48,0
18:10:49,0
18:10:50,0
18:10:51,0
18:10:52,0
18:10:53,0
18:10:54,0
18:10:55,0
18:10:56,0
18:10:57,0
18:10:58,0
18:10:59,0
18:11:00,0
18:11:01,0
18:11:02,0
18:11:03,0
18:11:04,0
18:11:05,0
18:11:06,0
18:11:07,0
18:11:08,0
18:11:09,0
18:11:10,0
18:11:11,0
18:11:12,0
18:11:13,0
18:11:14,0
18:11:15,0
18:11:16,0
18:11:17,0
18:11:18,0
18:11:19,0
18:11:20,0
18:11:21,0
18:11:22,0
18:11:23,0
18:11:24,0
18:11:25,0
18:11:26,0
18:11:27,0
18:11:28,0
18:11:29,0
18:11:30,0
18:11:31,0
18:11:32,0
18:11:33,0
18:11:34,0
18:11:35,0
18:11:36,0
18:11:37,0
18:11:38,0
18:11:39,0
18:11:40,0
18:11:41,0
18:11:42,0
18:11:43,0
18:11:44,0
18:11:45,0
18:11:46,0
18:11:47,0
18:11:48,0
18:11:49,0
18:11:50,0
18:11:51,0
18:11:52,0
18:11:53,0
18:11:54,0
18:11:55,0
18:11:56,0
18:11:57,0
18:11:58,0
18:11:59,0
18:12:00,0
18:12:01,0
18:12:02,0
18:12:03,0
18:12:04,0
18:12:05,0
18:12:06,0
18:12:07,0
18:12:08,0
18:12:09,0
18:12:10,0
18:12:11,0
18:12:12,0
18:12:13,0
18:12:14,0
18:12:15,0
18:12:16,0
18:12:17,0
18:12:18,0
18:12:19,0
18:12:20,0
18:12:21,0
18:12:22,0
18:12:23,0
18:12:24,0
18:12:25,0
18:12:26,0
18:12:27,0
18:12:28,0
18:12:29,0
18:12:30,0
18:12:31,0
18:12:32,0
18:12:33,0
18:12:34,0
18:12:35,0
18:12:36,0
18:12:37,0
18:12:38,0
18:12:39,0
18:12:40,0
18:12:41,0
18:12:42,0
18:12:43,0
18:12:44,0
18:12:45,0
18:12:46,0
18:12:47,0
18:12:48,0
18:12:49,0
18:12:50,0
18:12:51,0
18:12:52,0
18:12:53,0
18:12:54,0
18:12:55,0
18:12:56,0
18:12:57,0
18:12:58,0
18:12:59,0
18:13:00,0
18:13:01,0
18:13:02,0
18:13:03,0
18:13:04,0
18:13:05,0
18:13:06,0
18:13:07,0
18:13:08,0
18:13:09,0
18:13:10,0
18:13:11,0
18:13:12,0
18:13:13,0
18:13:14,0
18:13:15,0
18:13:16,0
18:13:17,1
18:13:18,0
18:13:19,0
18:13:20,0
18:13:21,0
18:13:22,0
18:13:23,0
18:13:24,0
18:13:25,0
18:13:26,0
18:13:27,0
18:13:28,0
18:13:29,0
18:13:30,0
18:13:31,0
18:13:32,0
18:13:33,0
18:13:34,0
18:13:35,0
18:13:36,0
18:13:37,0
18:13:38,0
18:13:39,0
18:13:40,0
18:13:41,0
18:13:42,0
18:13:43,0
18:13:44,0
18:13:45,0
18:13:46,0
18:13:47,0
18:13:48,0
18:13:49,0
18:13:50,0
18:13:51,0
18:13:52,0
18:13:53,0
18:13:54,0
18:13:55,0
18:13:56,0
18:13:57,0
18:13:58,0
18:13:59,0
18:14:00,0
18:14:01,0
18:14:02,0
18:14:03,0
18:14:04,0
18:14:05,0
18:14:06,0
18:14:07,0
18:14:08,0
18:14:09,0
18:14:10,0
18:14:11,0
18:14:12,0
18:14:13,0
18:14:14,0
18:14:15,0
18:14:16,0
18:14:17,0
18:14:18,0
18:14:19,0
18:14:20,0
18:14:21,0
18:14:22,0
18:14:23,0
18:14:24,1
18:14:25,0
18:14:26,0
18:14:27,0
18:14:28,0
18:14:29,0
18:14:30,0
18:14:31,0
18:14:32,0
18:14:33,0
18:14:34,0
18:14:35,0
18:14:36,0
18:14:37,0
18:14:38,0
18:14:39,0
18:14:40,0
18:14:41,0
18:14:42,0
18:14:43,0
18:14:44,0
18:14:45,0
18:14:46,0
18:14:47,0
18:14:48,0
18:14:49,0
18:14:50,0
18:14:51,0
18:14:52,0
18:14:53,0
18:14:54,0
18:14:55,0
18:14:56,0
18:14:57,0
18:14:58,0
18:14:59,0
18:15:00,0
18:15:01,0
18:15:02,0
18:15:03,0
18:15:04,0
18:15:05,0
18:15:06,0
18:15:07,0
18:15:08,0
18:15:09,0
18:15:10,0
18:15:11,0
18:15:12,0
18:15:13,0
18:15:14,0
18:15:15,0
18:15:16,0
18:15:17,0
18:15:18,0
18:15:19,0
18:15:20,0
18:15:21,0
18:15:22,0
18:15:23,0
18:15:24,0
18:15:25,0
18:15:26,0
18:15:27,0
18:15:28,0
18:15:29,0
18:15:30,0
18:15:31,0
18:15:32,0
18:15:33,0
18:15:34,0
18:15:35,0
18:15:36,0
18:15:37,0
18:15:38,0
18:15:39,0
18:15:40,0
18:15:41,0
18:15:42,0
18:15:43,0
18:15:44,0
18:15:45,0
18:15:46,0
18:15:47,0
18:15:48,0
18:15:49,0
18:15:50,0
18:15:51,0
18:15:52,0
18:15:53,0
18:15:54,0
18:15:55,0
18:15:56,0
18:15:57,0
18:15:58,0
18:15:59,0
18:16:00,0
18:16:01,0
18:16:02,0
18:16:03,0
18:16:04,0
18:16:05,0
18:16:06,0
18:16:07,0
18:16:08,0
18:16:09,0
18:16:10,0
18:16:11,0
18:16:12,0
18:16:13,0
18:16:14,0
18:16:15,0
18:16:16,0
18:16:17,0
18:16:18,0
18:16:19,1
18:16:20,0
18:16:21,0
18:16:22,0
18:16:23,0
18:16:24,0
18:16:25,0
18:16:26,0
18:16:27,0
18:16:28,0
18:16:29,0
18:16:30,0
18:16:31,0
18:16:32,0
18:16:33,0
18:16:34,0
18:16:35,0
18:16:36,0
18:16:37,0
18:16:38,0
18:16:39,0
18:16:40,0
18:16:41,0
18:16:42,0
18:16:43,0
18:16:44,0
18:16:45,0
18:16:46,0
18:16:47,0
18:16:48,0
18:16:49,0
18:16:50,0
18:16:51,0
18:16:52,0
18:16:53,0
18:16:54,0
18:16:55,0
18:16:56,0
18:16:57,0
18:16:58,0
18:16:59,0
18:17:00,0
18:17:01,0
18:17:02,0
18:17:03,0
18:17:04,0
18:17:05,0
18:17:06,0
18:17:07,0
18:17:08,0
18:17:09,0
18:17:10,0
18:17:11,0
18:17:12,0
18:17:13,0
18:17:14,0
18:17:15,0
18:17:16,0
18:17:17,0
18:17:18,0
18:17:19,0
18:17:20,0
18:17:21,0
18:17:22,0
18:17:23,0
18:17:24,0
18:17:25,0
18:17:26,0
18:17:27,0
18:17:28,0
18:17:29,0
18:17:30,0
18:17:31,0
18:17:32,0
18:17:33,0
18:17:34,0
18:17:35,0
18:17:36,0
18:17:37,0
18:17:38,0
18:17:39,0
18:17:40,0
18:17:41,0
18:17:42,0
18:17:43,0
18:17:44,0
18:17:45,0
18:17:46,0
18:17:47,0
18:17:48,0
18:17:49,0
18:17:50,0
18:17:51,0
18:17:52,0
18:17:53,0
18:17:54,0
18:17:55,0
18:17:56,0
18:17:57,0
18:17:58,0
18:17:59,0
18:18:00,0
18:18:01,0
18:18:02,0
18:18:03,0
18:18:04,0
18:18:05,0
18:18:06,0
18:18:07,0
18:18:08,0
18:18:09,0
18:18:10,0
18:18:11,0
18:18:12,0
18:18:13,0
18:18:14,0
18:18:15,0
18:18:16,0
18:18:17,0
18:18:18,0
18:18:19,0
18:18:20,0
18:18:21,0
18:18:22,0
18:18:23,0
18:18:24,0
18:18:25,0
18:18:26,0
18:18:27,0
18:18:28,0
18:18:29,0
18:18:30,0
18:18:31,0
18:18:32,0
18:18:33,0
18:18:34,0
18:18:35,0
18:18:36,0
18:18:37,0
18:18:38,0
18:18:39,0
18:18:40,0
18:18:41,0
18:18:42,1
18:18:43,0
18:18:44,0
18:18:45,0
18:18:46,0
18:18:47,0
18:18:48,0
18:18:49,0
18:18:50,0
18:18:51,0
18:18:52,0
18:18:53,0
18:18:54,0
18:18:55,0
18:18:56,0
18:18:57,0
18:18:58,0
18:18:59,0
18:19:00,0
18:19:01,0
18:19:02,0
18:19:03,0
18:19:04,0
18:19:05,0
18:19:06,0
18:19:07,0
18:19:08,0
18:19:09,0
18:19:10,0
18:19:11,0
18:19:12,0
18:19:13,0
18:19:14,0
18:19:15,0
18:19:16,0
18:19:17,0
18:19:18,0
18:19:19,0
18:19:20,0
18:19:21,0
18:19:22,0
18:19:23,0
18:19:24,0
18:19:25,0
18:19:26,0
18:19:27,0
18:19:28,0
18:19:29,0
18:19:30,0
18:19:31,0
18:19:32,0
18:19:33,0
18:19:34,0
18:19:35,0
18:19:36,0
18:19:37,1
18:19:38,1
18:19:39,0
18:19:40,0
18:19:41,0
18:19:42,0
18:19:43,0
18:19:44,0
18:19:45,0
18:19:46,0
18:19:47,0
18:19:48,0
18:19:49,0
18:19:50,0
18:19:51,0
18:19:52,0
18:19:53,0
18:19:54,0
18:19:55,0
18:19:56,0
18:19:57,0
18:19:58,0
18:19:59,0
18:20:00,0
18:20:01,0
18:20:02,0
18:20:03,0
18:20:04,0
18:20:05,0
18:20:06,0
18:20:07,0
18:20:08,0
18:20:09,0
18:20:10,0
18:20:11,0
18:20:12,0
18:20:13,0
18:20:14,0
18:20:15,0
18:20:16,0
18:20:17,0
18:20:18,0
18:20:19,0
18:20:20,0
18:20:21,0
18:20:22,0
18:20:23,0
18:20:24,0
18:20:25,0
18:20:26,0
18:20:27,0
18:20:28,0
18:20:29,0
18:20:30,0
18:20:31,0
18:20:32,0
18:20:33,0
18:20:34,0
18:20:35,0
18:20:36,0
18:20:37,0
18:20:38,0
18:20:39,0
18:20:40,0
18:20:41,0
18:20:42,0
18:20:43,0
18:20:44,0
18:20:45,0
18:20:46,0
18:20:47,0
18:20:48,0
18:20:49,0
18:20:50,0
18:20:51,0
18:20:52,0
18:20:53,0
18:20:54,0
18:20:55,0
18:20:56,0
18:20:57,0
18:20:58,0
18:20:59,0
18:21:00,0
18:21:01,0
18:21:02,0
18:21:03,0
18:21:04,0
18:21:05,0
18:21:06,0
18:21:07,0
18:21:08,0
18:21:09,0
18:21:10,0
18:21:11,0
18:21:12,0
18:21:13,0
18:21:14,0
18:21:15,0
18:21:16,0
18:21:17,0
18:21:18,0
18:21:19,0
18:21:20,0
18:21:21,0
18:21:22,0
18:21:23,0
18:21:24,0
18:21:25,0
18:21:26,0
18:21:27,0
18:21:28,0
18:21:29,0
18:21:30,0
18:21:31,0
18:21:32,0
18:21:33,0
18:21:34,0
18:21:35,0
18:21:36,0
18:21:37,0
18:21:38,0
18:21:39,0
18:21:40,0
18:21:41,0
18:21:42,0
18:21:43,0
18:21:44,0
18:21:45,0
18:21:46,0
18:21:47,0
18:21:48,0
18:21:49,0
18:21:50,0
18:21:51,0
18:21:52,0
18:21:53,0
18:21:54,0
18:21:55,0
18:21:56,0
18:21:57,0
18:21:58,0
18:21:59,0
18:22:00,0
18:22:01,0
18:22:02,0
18:22:03,0
18:22:04,0
18:22:05,0
18:22:06,0
18:22:07,0
18:22:08,0
18:22:09,0
18:22:10,0
18:22:11,0
18:22:12,0
18:22:13,0
18:22:14,0
18:22:15,0
18:22:16,0
18:22:17,0
18:22:18,0
18:22:19,0
18:22:20,0
18:22:21,0
18:22:22,0
18:22:23,0
18:22:24,0
18:22:25,0
18:22:26,0
18:22:27,0
18:22:28,0
18:22:29,0
18:22:30,0
18:22:31,0
18:22:32,0
18:22:33,0
18:22:34,0
18:22:35,0
18:22:36,0
18:22:37,0
18:22:38,0
18:22:39,0
18:22:40,0
18:22:41,0
18:22:42,0
18:22:43,0
18:22:44,0
18:22:45,0
18:22:46,0
18:22:47,0
18:22:48,0
18:22:49,0
18:22:50,0
18:22:51,0
18:22:52,0
18:22:53,0
18:22:54,0
18:22:55,0
18:22:56,0
18:22:57,0
18:22:58,0
18:22:59,0
18:23:00,0
18:23:01,0
18:23:02,0
18:23:03,0
18:23:04,0
18:23:05,0
18:23:06,0
18:23:07,0
18:23:08,0
18:23:09,0
18:23:10,0
18:23:11,0
18:23:12,0
18:23:13,0
18:23:14,0
18:23:15,0
18:23:16,0
18:23:17,0
18:23:18,0
18:23:19,0
18:23:20,0
18:23:21,0
18:23:22,0
18:23:23,0
18:23:24,0
18:23:25,0
18:23:26,0
18:23:27,0
18:23:28,0
18:23:29,0
18:23:30,0
18:23:31,0
18:23:32,0
18:23:33,0
18:23:34,0
18:23:35,0
18:23:36,0
18:23:37,0
18:23:38,0
18:23:39,0
18:23:40,0
18:23:41,0
18:23:42,0
18:23:43,0
18:23:44,0
18:23:45,0
18:23:46,0
18:23:47,0
18:23:48,0
18:23:49,0
18:23:50,0
18:23:51,0
18:23:52,0
18:23:53,0
18:23:54,0
18:23:55,0
18:23:56,0
18:23:57,0
18:23:58,0
18:23:59,0
18:24:00,0
18:24:01,0
18:24:02,0
18:24:03,0
18:24:04,0
18:24:05,0
18:24:06,0
18:24:07,0
18:24:08,0
18:24:09,0
18:24:10,0
18:24:11,0
18:24:12,0
18:24:13,0
18:24:14,0
18:24:15,0
18:24:16,0
18:24:17,0
18:24:18,0
18:24:19,0
18:24:20,0
18:24:21,0
18:24:22,0
18:24:23,0
18:24:24,0
18:24:25,0
18:24:26,0
18:24:27,0
18:24:28,0
18:24:29,0
18:24:30,0
18:24:31,0
18:24:32,0
18:24:33,0
18:24:34,0
18:24:35,0
18:24:36,0
18:24:37,0
18:24:38,0
18:24:39,0
18:24:40,0
18:24:41,0
18:24:42,0
18:24:43,0
18:24:44,1
18:24:45,0
18:24:46,0
18:24:47,0
18:24:48,0
18:24:49,0
18:24:50,0
18:24:51,0
18:24:52,0
18:24:53,0
18:24:54,0
18:24:55,0
18:24:56,0
18:24:57,0
18:24:58,0
18:24:59,0
18:25:00,0
18:25:01,0
18:25:02,0
18:25:03,0
18:25:04,0
18:25:05,0
18:25:06,0
18:25:07,0
18:25:08,0
18:25:09,0
18:25:10,0
18:25:11,0
18:25:12,0
18:25:13,0
18:25:14,0
18:25:15,0
18:25:16,0
18:25:17,0
18:25:18,0
18:25:19,0
18:25:20,0
18:25:21,0
18:25:22,0
18:25:23,0
18:25:24,0
18:25:25,0
18:25:26,0
18:25:27,0
18:25:28,0
18:25:29,0
18:25:30,0
18:25:31,0
18:25:32,0
18:25:33,0
18:25:34,0
18:25:35,0
18:25:36,0
18:25:37,0
18:25:38,0
18:25:39,0
18:25:40,0
18:25:41,0
18:25:42,0
18:25:43,0
18:25:44,0
18:25:45,0
18:25:46,0
18:25:47,0
18:25:48,0
18:25:49,0
18:25:50,0
18:25:51,0
18:25:52,0
18:25:53,0
18:25:54,0
18:25:55,0
18:25:56,0
18:25:57,0
18:25:58,0
18:25:59,0
18:26:00,0
18:26:01,0
18:26:02,0
18:26:03,0
18:26:04,0
18:26:05,0
18:26:06,0
18:26:07,0
18:26:08,0
18:26:09,0
18:26:10,0
18:26:11,0
18:26:12,0
18:26:13,0
18:26:14,0
18:26:15,0
18:26:16,0
18:26:17,0
18:26:18,0
18:26:19,0
18:26:20,0
18:26:21,0
18:26:22,0
18:26:23,0
18:26:24,0
18:26:25,0
18:26:26,0
18:26:27,0
18:26:28,0
18:26:29,0
18:26:30,0
18:26:31,0
18:26:32,0
18:26:33,0
18:26:34,0
18:26:35,0
18:26:36,0
18:26:37,0
18:26:38,0
18:26:39,0
18:26:40,0
18:26:41,0
18:26:42,0
18:26:43,0
18:26:44,0
18:26:45,0
18:26:46,0
18:26:47,0
18:26:48,0
18:26:49,0
18:26:50,0
18:26:51,0
18:26:52,0
18:26:53,0
18:26:54,0
18:26:55,0
18:26:56,0
18:26:57,0
18:26:58,0
18:26:59,0
18:27:00,0
18:27:01,0
18:27:02,0
18:27:03,0
18:27:04,0
18:27:05,0
18:27:06,0
18:27:07,0
18:27:08,0
18:27:09,0
18:27:10,0
18:27:11,0
18:27:12,0
18:27:13,0
18:27:14,0
18:27:15,0
18:27:16,0
18:27:17,0
18:27:18,0
18:27:19,0
18:27:20,0
18:27:21,0
18:27:22,0
18:27:23,0
18:27:24,0
18:27:25,0
18:27:26,0
18:27:27,0
18:27:28,0
18:27:29,0
18:27:30,0
18:27:31,0
18:27:32,0
18:27:33,0
18:27:34,0
18:27:35,0
18:27:36,0
18:27:37,0
18:27:38,0
18:27:39,0
18:27:40,0
18:27:41,0
18:27:42,0
18:27:43,0
18:27:44,0
18:27:45,0
18:27:46,0
18:27:47,0
18:27:48,0
18:27:49,0
18:27:50,1
18:27:51,0
18:27:52,1
18:27:53,0
18:27:54,1
18:27:55,0
18:27:56,1
18:27:57,1
18:27:58,1
18:27:59,1
18:28:00,0
18:28:01,1
18:28:02,0
18:28:03,0
18:28:04,0
18:28:05,0
18:28:06,0
18:28:07,1
18:28:08,0
18:28:09,0
18:28:10,0
18:28:11,0
18:28:12,0
18:28:13,0
18:28:14,0
18:28:15,1
18:28:16,1
18:28:17,1
18:28:18,0
18:28:19,1
18:28:20,0
18:28:21,1
18:28:22,0
18:28:23,1
18:28:24,0
18:28:25,0
18:28:26,1
18:28:27,1
18:28:28,0
18:28:29,1
18:28:30,0
18:28:31,0
18:28:32,1
18:28:33,0
18:28:34,0
18:28:35,0
18:28:36,0
18:28:37,0
18:28:38,0
18:28:39,0
18:28:40,0
18:28:41,0
18:28:42,1
18:28:43,0
18:28:44,1
18:28:45,2
18:28:46,0
18:28:47,1
18:28:48,1
18:28:49,1
18:28:50,1
18:28:51,0
18:28:52,1
18:28:53,1
18:28:54,1
18:28:55,1
18:28:56,1
18:28:57,0
18:28:58,1
18:28:59,0
18:29:00,0
18:29:01,0
18:29:02,1
18:29:03,1
18:29:04,1
18:29:05,0
18:29:06,0
18:29:07,1
18:29:08,1
18:29:09,1
18:29:10,0
18:29:11,0
18:29:12,1
18:29:13,0
18:29:14,0
18:29:15,1
18:29:16,0
18:29:17,0
18:29:18,0
18:29:19,1
18:29:20,0
18:29:21,0
18:29:22,0
18:29:23,0
18:29:24,1
18:29:25,0
18:29:26,0
18:29:27,1
18:29:28,0
18:29:29,1
18:29:30,1
18:29:31,0
18:29:32,0
18:29:33,0
18:29:34,0
18:29:35,0
18:29:36,0
18:29:37,0
18:29:38,0
18:29:39,0
18:29:40,0
18:29:41,0
18:29:42,0
18:29:43,1
18:29:44,1
18:29:45,1
18:29:46,1
18:29:47,0
18:29:48,0
18:29:49,1
18:29:50,1
18:29:51,0
18:29:52,0
18:29:53,0
18:29:54,0
18:29:55,0
18:29:56,0
18:29:57,0
18:29:58,1
18:29:59,1
18:30:00,0
18:30:01,0
18:30:02,1
18:30:03,0
18:30:04,0
18:30:05,0
18:30:06,0
18:30:07,0
18:30:08,1
18:30:09,0
18:30:10,0
18:30:11,0
18:30:12,1
18:30:13,0
18:30:14,0
18:30:15,0
18:30:16,0
18:30:17,0
18:30:18,0
18:30:19,1
18:30:20,0
18:30:21,0
18:30:22,0
18:30:23,0
18:30:24,1
18:30:25,0
18:30:26,1
18:30:27,1
18:30:28,1
18:30:29,0
18:30:30,1
18:30:31,1
18:30:32,0
18:30:33,0
18:30:34,1
18:30:35,0
18:30:36,0
18:30:37,0
18:30:38,0
18:30:39,0
18:30:40,0
18:30:41,0
18:30:42,0
18:30:43,0
18:30:44,0
18:30:45,0
18:30:46,0
18:30:47,0
18:30:48,1
18:30:49,0
18:30:50,0
18:30:51,0
18:30:52,0
18:30:53,0
18:30:54,0
18:30:55,0
18:30:56,0
18:30:57,0
18:30:58,0
18:30:59,0
18:31:00,1
18:31:01,1
18:31:02,0
18:31:03,1
18:31:04,1
18:31:05,0
18:31:06,0
18:31:07,0
18:31:08,0
18:31:09,0
18:31:10,1
18:31:11,1
18:31:12,0
18:31:13,1
18:31:14,0
18:31:15,0
18:31:16,0
18:31:17,0
18:31:18,0
18:31:19,1
18:31:20,0
18:31:21,0
18:31:22,1
18:31:23,0
18:31:24,0
18:31:25,0
18:31:26,0
18:31:27,0
18:31:28,0
18:31:29,0
18:31:30,0
18:31:31,0
18:31:32,0
18:31:33,1
18:31:34,0
18:31:35,0
18:31:36,0
18:31:37,0
18:31:38,0
18:31:39,0
18:31:40,0
18:31:41,0
18:31:42,0
18:31:43,0
18:31:44,0
18:31:45,0
18:31:46,0
18:31:47,0
18:31:48,0
18:31:49,0
18:31:50,0
18:31:51,0
18:31:52,0
18:31:53,0
18:31:54,0
18:31:55,0
18:31:56,0
18:31:57,0
18:31:58,0
18:31:59,0
18:32:00,0
18:32:01,0
18:32:02,0
18:32:03,0
18:32:04,0
18:32:05,0
18:32:06,0
18:32:07,0
18:32:08,0
18:32:09,0
18:32:10,0
18:32:11,0
18:32:12,0
18:32:13,0
18:32:14,0
18:32:15,0
18:32:16,0
18:32:17,0
18:32:18,0
18:32:19,0
18:32:20,0
18:32:21,0
18:32:22,0
18:32:23,0
18:32:24,0
18:32:25,0
18:32:26,0
18:32:27,0
18:32:28,0
18:32:29,0
18:32:30,0
18:32:31,0
18:32:32,0
18:32:33,0
18:32:34,0
18:32:35,0
18:32:36,0
18:32:37,0
18:32:38,0
18:32:39,0
18:32:40,0
18:32:41,0
18:32:42,0
18:32:43,0
18:32:44,0
18:32:45,0
18:32:46,0
18:32:47,0
18:32:48,0
18:32:49,0
18:32:50,0
18:32:51,0
18:32:52,0
18:32:53,0
18:32:54,0
18:32:55,0
18:32:56,0
18:32:57,0
18:32:58,0
18:32:59,0
18:33:00,0
18:33:01,0
18:33:02,0
18:33:03,0
18:33:04,0
18:33:05,0
18:33:06,0
18:33:07,0
18:33:08,0
18:33:09,0
18:33:10,0
18:33:11,0
18:33:12,0
18:33:13,0
18:33:14,0
18:33:15,0
18:33:16,0
18:33:17,0
18:33:18,0
18:33:19,0
18:33:20,0
18:33:21,0
18:33:22,0
18:33:23,0
18:33:24,0
18:33:25,0
18:33:26,0
18:33:27,0
18:33:28,0
18:33:29,0
18:33:30,0
18:33:31,0
18:33:32,0
18:33:33,0
18:33:34,0
18:33:35,0
18:33:36,0
18:33:37,0
18:33:38,0
18:33:39,0
18:33:40,0
18:33:41,0
18:33:42,0
18:33:43,1
18:33:44,0
18:33:45,0
18:33:46,0
18:33:47,0
18:33:48,0
18:33:49,0
18:33:50,0
18:33:51,0
18:33:52,0
18:33:53,0
18:33:54,0
18:33:55,0
18:33:56,0
18:33:57,0
18:33:58,0
18:33:59,0
18:34:00,0
18:34:01,0
18:34:02,0
18:34:03,0
18:34:04,0
18:34:05,0
18:34:06,0
18:34:07,0
18:34:08,0
18:34:09,0
18:34:10,0
18:34:11,0
18:34:12,0
18:34:13,0
18:34:14,0
18:34:15,0
18:34:16,0
18:34:17,0
18:34:18,0
18:34:19,0
18:34:20,0
18:34:21,0
18:34:22,0
18:34:23,0
18:34:24,0
18:34:25,1
18:34:26,0
18:34:27,1
18:34:28,0
18:34:29,0
18:34:30,0
18:34:31,0
18:34:32,0
18:34:33,0
18:34:34,0
18:34:35,0
18:34:36,0
18:34:37,0
18:34:38,0
18:34:39,0
18:34:40,0
18:34:41,0
18:34:42,0
18:34:43,0
18:34:44,0
18:34:45,0
18:34:46,0
18:34:47,0
18:34:48,0
18:34:49,0
18:34:50,0
18:34:51,0
18:34:52,0
18:34:53,1
18:34:54,0
18:34:55,0
18:34:56,0
18:34:57,1
18:34:58,0
18:34:59,0
18:35:00,0
18:35:01,0
18:35:02,0
18:35:03,0
18:35:04,0
18:35:05,1
18:35:06,0
18:35:07,0
18:35:08,0
18:35:09,1
18:35:10,0
18:35:11,0
18:35:12,0
18:35:13,0
18:35:14,0
18:35:15,0
18:35:16,0
18:35:17,0
18:35:18,0
18:35:19,0
18:35:20,0
18:35:21,0
18:35:22,0
18:35:23,1
18:35:24,1
18:35:25,0
18:35:26,0
18:35:27,0
18:35:28,0
18:35:29,0
18:35:30,0
18:35:31,0
18:35:32,0
18:35:33,0
18:35:34,0
18:35:35,0
18:35:36,0
18:35:37,0
18:35:38,0
18:35:39,0
18:35:40,0
18:35:41,0
18:35:42,0
18:35:43,0
18:35:44,0
18:35:45,0
18:35:46,0
18:35:47,0
18:35:48,0
18:35:49,0
18:35:50,0
18:35:51,0
18:35:52,0
18:35:53,0
18:35:54,0
18:35:55,0
18:35:56,0
18:35:57,0
18:35:58,0
18:35:59,0
18:36:00,0
18:36:01,0
18:36:02,1
18:36:03,0
18:36:04,1
18:36:05,0
18:36:06,0
18:36:07,0
18:36:08,0
18:36:09,0
18:36:10,0
18:36:11,0
18:36:12,0
18:36:13,0
18:36:14,0
18:36:15,0
18:36:16,0
18:36:17,0
18:36:18,0
18:36:19,0
18:36:20,1
18:36:21,0
18:36:22,0
18:36:23,0
18:36:24,0
18:36:25,0
18:36:26,0
18:36:27,0
18:36:28,0
18:36:29,0
18:36:30,0
18:36:31,0
18:36:32,0
18:36:33,0
18:36:34,0
18:36:35,1
18:36:36,1
18:36:37,0
18:36:38,0
18:36:39,1
18:36:40,0
18:36:41,0
18:36:42,0
18:36:43,0
18:36:44,0
18:36:45,0
18:36:46,0
18:36:47,0
18:36:48,0
18:36:49,0
18:36:50,0
18:36:51,0
18:36:52,0
18:36:53,0
18:36:54,0
18:36:55,0
18:36:56,0
18:36:57,0
18:36:58,0
18:36:59,0
18:37:00,0
18:37:01,0
18:37:02,0
18:37:03,0
18:37:04,0
18:37:05,0
18:37:06,0
18:37:07,0
18:37:08,0
18:37:09,0
18:37:10,0
18:37:11,0
18:37:12,0
18:37:13,0
18:37:14,0
18:37:15,0
18:37:16,0
18:37:17,0
18:37:18,0
18:37:19,0
18:37:20,0
18:37:21,0
18:37:22,0
18:37:23,0
18:37:24,0
18:37:25,0
18:37:26,0
18:37:27,0
18:37:28,0
18:37:29,0
18:37:30,0
18:37:31,0
18:37:32,0
18:37:33,0
18:37:34,0
18:37:35,0
18:37:36,0
18:37:37,0
18:37:38,0
18:37:39,0
18:37:40,0
18:37:41,0
18:37:42,0
18:37:43,0
18:37:44,0
18:37:45,0
18:37:46,0
18:37:47,0
18:37:48,0
18:37:49,0
18:37:50,0
18:37:51,0
18:37:52,0
18:37:53,0
18:37:54,0
18:37:55,0
18:37:56,0
18:37:57,0
18:37:58,0
18:37:59,0
18:38:00,0
18:38:01,0
18:38:02,0
18:38:03,0
18:38:04,0
18:38:05,0
18:38:06,0
18:38:07,0
18:38:08,0
18:38:09,0
18:38:10,0
18:38:11,0
18:38:12,0
18:38:13,0
18:38:14,0
18:38:15,0
18:38:16,0
18:38:17,0
18:38:18,0
18:38:19,1
18:38:20,0
18:38:21,0
18:38:22,0
18:38:23,0
18:38:24,0
18:38:25,0
18:38:26,0
18:38:27,0
18:38:28,0
18:38:29,0
18:38:30,0
18:38:31,1
18:38:32,0
18:38:33,1
18:38:34,2
18:38:35,1
18:38:36,0
18:38:37,0
18:38:38,0
18:38:39,2
18:38:40,0
18:38:41,0
18:38:42,1
18:38:43,0
18:38:44,0
18:38:45,0
18:38:46,0
18:38:47,0
18:38:48,0
18:38:49,0
18:38:50,1
18:38:51,0
18:38:52,1
18:38:53,0
18:38:54,0
18:38:55,0
18:38:56,0
18:38:57,0
18:38:58,0
18:38:59,0
18:39:00,0
18:39:01,0
18:39:02,0
18:39:03,0
18:39:04,0
18:39:05,0
18:39:06,0
18:39:07,0
18:39:08,0
18:39:09,0
18:39:10,0
18:39:11,0
18:39:12,0
18:39:13,0
18:39:14,0
18:39:15,0
18:39:16,2
18:39:17,1
18:39:18,1
18:39:19,0
18:39:20,1
18:39:21,1
18:39:22,1
18:39:23,2
18:39:24,1
18:39:25,1
18:39:26,1
18:39:27,1
18:39:28,1
18:39:29,1
18:39:30,0
18:39:31,0
18:39:32,0
18:39:33,0
18:39:34,0
18:39:35,0
18:39:36,0
18:39:37,0
18:39:38,0
18:39:39,0
18:39:40,0
18:39:41,0
18:39:42,0
18:39:43,0
18:39:44,0
18:39:45,0
18:39:46,0
18:39:47,0
18:39:48,0
18:39:49,0
18:39:50,0
18:39:51,0
18:39:52,0
18:39:53,0
18:39:54,0
18:39:55,0
18:39:56,0
18:39:57,0
18:39:58,0
18:39:59,0
18:40:00,0
18:40:01,0
18:40:02,0
18:40:03,0
18:40:04,0
18:40:05,0
18:40:06,0
18:40:07,0
18:40:08,0
18:40:09,0
18:40:10,0
18:40:11,0
18:40:12,0
18:40:13,0
18:40:14,0
18:40:15,0
18:40:16,0
18:40:17,0
18:40:18,0
18:40:19,0
18:40:20,0
18:40:21,0
18:40:22,0
18:40:23,0
18:40:24,0
18:40:25,0
18:40:26,0
18:40:27,0
18:40:28,0
18:40:29,0
18:40:30,1
18:40:31,1
18:40:32,0
18:40:33,0
18:40:34,0
18:40:35,0
18:40:36,1
18:40:37,0
18:40:38,1
18:40:39,1
18:40:40,1
18:40:41,0
18:40:42,0
18:40:43,1
18:40:44,0
18:40:45,0
18:40:46,0
18:40:47,1
18:40:48,0
18:40:49,0
18:40:50,0
18:40:51,0
18:40:52,2
18:40:53,0
18:40:54,0
18:40:55,0
18:40:56,0
18:40:57,0
18:40:58,0
18:40:59,0
18:41:00,0
18:41:01,0
18:41:02,0
18:41:03,0
18:41:04,0
18:41:05,0
18:41:06,0
18:41:07,0
18:41:08,0
18:41:09,0
18:41:10,1
18:41:11,0
18:41:12,2
18:41:13,0
18:41:14,1
18:41:15,0
18:41:16,0
18:41:17,0
18:41:18,0
18:41:19,0
18:41:20,0
18:41:21,0
18:41:22,0
18:41:23,0
18:41:24,0
18:41:25,0
18:41:26,0
18:41:27,0
18:41:28,0
18:41:29,0
18:41:30,0
18:41:31,0
18:41:32,0
18:41:33,0
18:41:34,0
18:41:35,0
18:41:36,0
18:41:37,0
18:41:38,0
18:41:39,0
18:41:40,0
18:41:41,0
18:41:42,0
18:41:43,0
18:41:44,0
18:41:45,0
18:41:46,0
18:41:47,0
18:41:48,0
18:41:49,0
18:41:50,0
18:41:51,0
18:41:52,0
18:41:53,0
18:41:54,0
18:41:55,0
18:41:56,0
18:41:57,1
18:41:58,0
18:41:59,0
18:42:00,0
18:42:01,0
18:42:02,0
18:42:03,0
18:42:04,0
18:42:05,0
18:42:06,0
18:42:07,0
18:42:08,0
18:42:09,0
18:42:10,0
18:42:11,0
18:42:12,0
18:42:13,0
18:42:14,0
18:42:15,0
18:42:16,0
18:42:17,0
18:42:18,0
18:42:19,0
18:42:20,0
18:42:21,0
18:42:22,0
18:42:23,0
18:42:24,0
18:42:25,0
18:42:26,0
18:42:27,0
18:42:28,0
18:42:29,0
18:42:30,0
18:42:31,0
18:42:32,0
18:42:33,0
18:42:34,0
18:42:35,0
18:42:36,0
18:42:37,0
18:42:38,0
18:42:39,0
18:42:40,0
18:42:41,0
18:42:42,0
18:42:43,0
18:42:44,0
18:42:45,0
18:42:46,0
18:42:47,0
18:42:48,0
18:42:49,0
18:42:50,0
18:42:51,0
18:42:52,0
18:42:53,0
18:42:54,0
18:42:55,0
18:42:56,0
18:42:57,0
18:42:58,0
18:42:59,0
18:43:00,0
18:43:01,0
18:43:02,0
18:43:03,0
18:43:04,0
18:43:05,0
18:43:06,0
18:43:07,0
18:43:08,0
18:43:09,0
18:43:10,0
18:43:11,0
18:43:12,0
18:43:13,0
18:43:14,0
18:43:15,1
18:43:16,1
18:43:17,1
18:43:18,1
18:43:19,2
18:43:20,0
18:43:21,2
18:43:22,0
18:43:23,0
18:43:24,1
18:43:25,0
18:43:26,0
18:43:27,1
18:43:28,0
18:43:29,0
18:43:30,0
18:43:31,0
18:43:32,0
18:43:33,0
18:43:34,0
18:43:35,0
18:43:36,0
18:43:37,0
18:43:38,0
18:43:39,0
18:43:40,0
18:43:41,0
18:43:42,0
18:43:43,0
18:43:44,0
18:43:45,0
18:43:46,0
18:43:47,0
18:43:48,0
18:43:49,0
18:43:50,0
18:43:51,0
18:43:52,0
18:43:53,0
18:43:54,0
18:43:55,0
18:43:56,0
18:43:57,0
18:43:58,0
18:43:59,0
18:44:00,0
18:44:01,0
18:44:02,0
18:44:03,0
18:44:04,0
18:44:05,0
18:44:06,0
18:44:07,0
18:44:08,0
18:44:09,0
18:44:10,0
18:44:11,0
18:44:12,0
18:44:13,0
18:44:14,0
18:44:15,0
18:44:16,0
18:44:17,0
18:44:18,0
18:44:19,0
18:44:20,0
18:44:21,0
18:44:22,0
18:44:23,0
18:44:24,0
18:44:25,0
18:44:26,0
18:44:27,0
18:44:28,0
18:44:29,0
18:44:30,0
18:44:31,0
18:44:32,0
18:44:33,0
18:44:34,0
18:44:35,0
18:44:36,0
18:44:37,0
18:44:38,0
18:44:39,0
18:44:40,0
18:44:41,0
18:44:42,0
18:44:43,0
18:44:44,0
18:44:45,0
18:44:46,0
18:44:47,0
18:44:48,0
18:44:49,0
18:44:50,0
18:44:51,0
18:44:52,0
18:44:53,0
18:44:54,0
18:44:55,0
18:44:56,0
18:44:57,0
18:44:58,0
18:44:59,0
18:45:00,0
18:45:01,0
18:45:02,0
18:45:03,0
18:45:04,0
18:45:05,0
18:45:06,0
18:45:07,0
18:45:08,0
18:45:09,0
18:45:10,0
18:45:11,0
18:45:12,0
18:45:13,0
18:45:14,0
18:45:15,0
18:45:16,0
18:45:17,0
18:45:18,0
18:45:19,0
18:45:20,0
18:45:21,0
18:45:22,0
18:45:23,0
18:45:24,0
18:45:25,1
18:45:26,0
18:45:27,0
18:45:28,0
18:45:29,0
18:45:30,0
18:45:31,0
18:45:32,0
18:45:33,0
18:45:34,0
18:45:35,0
18:45:36,0
18:45:37,0
18:45:38,0
18:45:39,0
18:45:40,0
18:45:41,0
18:45:42,0
18:45:43,0
18:45:44,0
18:45:45,0
18:45:46,0
18:45:47,0
18:45:48,0
18:45:49,0
18:45:50,0
18:45:51,0
18:45:52,0
18:45:53,0
18:45:54,0
18:45:55,0
18:45:56,0
18:45:57,0
18:45:58,0
18:45:59,0
18:46:00,0
18:46:01,0
18:46:02,0
18:46:03,0
18:46:04,0
18:46:05,0
18:46:06,0
18:46:07,0
18:46:08,0
18:46:09,0
18:46:10,0
18:46:11,0
18:46:12,0
18:46:13,0
18:46:14,0
18:46:15,0
18:46:16,0
18:46:17,0
18:46:18,0
18:46:19,0
18:46:20,0
18:46:21,0
18:46:22,0
18:46:23,0
18:46:24,0
18:46:25,0
18:46:26,0
18:46:27,0
18:46:28,0
18:46:29,0
18:46:30,0
18:46:31,0
18:46:32,0
18:46:33,0
18:46:34,0
18:46:35,0
18:46:36,0
18:46:37,0
18:46:38,0
18:46:39,0
18:46:40,0
18:46:41,0
18:46:42,0
18:46:43,0
18:46:44,0
18:46:45,0
18:46:46,0
18:46:47,0
18:46:48,0
18:46:49,0
18:46:50,0
18:46:51,0
18:46:52,0
18:46:53,0
18:46:54,0
18:46:55,0
18:46:56,0
18:46:57,0
18:46:58,0
18:46:59,0
18:47:00,0
18:47:01,0
18:47:02,0
18:47:03,0
18:47:04,0
18:47:05,0
18:47:06,0
18:47:07,0
18:47:08,0
18:47:09,0
18:47:10,0
18:47:11,0
18:47:12,0
18:47:13,0
18:47:14,0
18:47:15,0
18:47:16,0
18:47:17,0
18:47:18,0
18:47:19,0
18:47:20,0
18:47:21,0
18:47:22,0
18:47:23,0
18:47:24,0
18:47:25,0
18:47:26,0
18:47:27,0
18:47:28,0
18:47:29,0
18:47:30,0
18:47:31,0
18:47:32,0
18:47:33,0
18:47:34,0
18:47:35,0
18:47:36,0
18:47:37,0
18:47:38,0
18:47:39,0
18:47:40,0
18:47:41,0
18:47:42,0
18:47:43,0
18:47:44,0
18:47:45,0
18:47:46,0
18:47:47,0
18:47:48,0
18:47:49,0
18:47:50,0
18:47:51,0
18:47:52,0
18:47:53,0
18:47:54,0
18:47:55,0
18:47:56,0
18:47:57,0
18:47:58,0
18:47:59,0
18:48:00,0
18:48:01,0
18:48:02,0
18:48:03,0
18:48:04,0
18:48:05,0
18:48:06,0
18:48:07,0
18:48:08,0
18:48:09,0
18:48:10,0
18:48:11,0
18:48:12,0
18:48:13,0
18:48:14,0
18:48:15,0
18:48:16,0
18:48:17,0
18:48:18,1
18:48:19,0
18:48:20,0
18:48:21,0
18:48:22,0
18:48:23,0
18:48:24,0
18:48:25,0
18:48:26,0
18:48:27,0
18:48:28,0
18:48:29,0
18:48:30,0
18:48:31,0
18:48:32,0
18:48:33,0
18:48:34,0
18:48:35,0
18:48:36,0
18:48:37,0
18:48:38,0
18:48:39,0
18:48:40,0
18:48:41,0
18:48:42,0
18:48:43,0
18:48:44,0
18:48:45,0
18:48:46,0
18:48:47,0
18:48:48,0
18:48:49,0
18:48:50,0
18:48:51,0
18:48:52,0
18:48:53,0
18:48:54,0
18:48:55,0
18:48:56,0
18:48:57,0
18:48:58,0
18:48:59,0
18:49:00,0
18:49:01,0
18:49:02,0
18:49:03,0
18:49:04,0
18:49:05,0
18:49:06,0
18:49:07,0
18:49:08,0
18:49:09,0
18:49:10,0
18:49:11,0
18:49:12,0
18:49:13,0
18:49:14,0
18:49:15,0
18:49:16,0
18:49:17,0
18:49:18,0
18:49:19,0
18:49:20,0
18:49:21,0
18:49:22,0
18:49:23,0
18:49:24,0
18:49:25,0
18:49:26,0
18:49:27,0
18:49:28,0
18:49:29,0
18:49:30,0
18:49:31,0
18:49:32,0
18:49:33,0
18:49:34,0
18:49:35,0
18:49:36,0
18:49:37,0
18:49:38,0
18:49:39,0
18:49:40,0
18:49:41,0
18:49:42,0
18:49:43,0
18:49:44,0
18:49:45,0
18:49:46,0
18:49:47,0
18:49:48,0
18:49:49,0
18:49:50,0
18:49:51,0
18:49:52,0
18:49:53,0
18:49:54,0
18:49:55,0
18:49:56,0
18:49:57,0
18:49:58,0
18:49:59,0
18:50:00,0
18:50:01,0
18:50:02,0
18:50:03,0
18:50:04,0
18:50:05,0
18:50:06,0
18:50:07,0
18:50:08,0
18:50:09,0
18:50:10,0
18:50:11,0
18:50:12,0
18:50:13,0
18:50:14,0
18:50:15,0
18:50:16,0
18:50:17,0
18:50:18,0
18:50:19,0
18:50:20,0
18:50:21,0
18:50:22,0
18:50:23,0
18:50:24,0
18:50:25,0
18:50:26,0
18:50:27,0
18:50:28,0
18:50:29,0
18:50:30,0
18:50:31,0
18:50:32,0
18:50:33,0
18:50:34,0
18:50:35,0
18:50:36,0
18:50:37,0
18:50:38,0
18:50:39,0
18:50:40,0
18:50:41,0
18:50:42,0
18:50:43,0
18:50:44,0
18:50:45,0
18:50:46,0
18:50:47,0
18:50:48,0
18:50:49,0
18:50:50,0
18:50:51,0
18:50:52,0
18:50:53,0
18:50:54,0
18:50:55,0
18:50:56,0
18:50:57,0
18:50:58,0
18:50:59,0
18:51:00,0
18:51:01,0
18:51:02,0
18:51:03,0
18:51:04,0
18:51:05,0
18:51:06,0
18:51:07,0
18:51:08,0
18:51:09,0
18:51:10,0
18:51:11,0
18:51:12,0
18:51:13,0
18:51:14,0
18:51:15,0
18:51:16,0
18:51:17,0
18:51:18,0
18:51:19,0
18:51:20,0
18:51:21,0
18:51:22,0
18:51:23,0
18:51:24,0
18:51:25,0
18:51:26,0
18:51:27,0
18:51:28,0
18:51:29,0
18:51:30,0
18:51:31,0
18:51:32,0
18:51:33,0
18:51:34,0
18:51:35,0
18:51:36,0
18:51:37,0
18:51:38,0
18:51:39,0
18:51:40,0
18:51:41,0
18:51:42,0
18:51:43,0
18:51:44,0
18:51:45,0
18:51:46,0
18:51:47,0
18:51:48,0
18:51:49,0
18:51:50,0
18:51:51,0
18:51:52,0
18:51:53,0
18:51:54,0
18:51:55,0
18:51:56,0
18:51:57,0
18:51:58,0
18:51:59,0
18:52:00,0
18:52:01,0
18:52:02,0
18:52:03,0
18:52:04,0
18:52:05,0
18:52:06,0
18:52:07,0
18:52:08,0
18:52:09,0
18:52:10,0
18:52:11,0
18:52:12,0
18:52:13,0
18:52:14,0
18:52:15,0
18:52:16,0
18:52:17,0
18:52:18,0
18:52:19,0
18:52:20,0
18:52:21,0
18:52:22,0
18:52:23,0
18:52:24,0
18:52:25,0
18:52:26,0
18:52:27,0
18:52:28,0
18:52:29,0
18:52:30,0
18:52:31,0
18:52:32,0
18:52:33,1
18:52:34,0
18:52:35,0
18:52:36,0
18:52:37,0
18:52:38,0
18:52:39,1
18:52:40,0
18:52:41,0
18:52:42,0
18:52:43,0
18:52:44,0
18:52:45,0
18:52:46,0
18:52:47,0
18:52:48,0
18:52:49,0
18:52:50,0
18:52:51,0
18:52:52,0
18:52:53,0
18:52:54,0
18:52:55,0
18:52:56,0
18:52:57,0
18:52:58,0
18:52:59,0
18:53:00,0
18:53:01,0
18:53:02,0
18:53:03,0
18:53:04,0
18:53:05,0
18:53:06,0
18:53:07,0
18:53:08,0
18:53:09,0
18:53:10,0
18:53:11,0
18:53:12,0
18:53:13,0
18:53:14,0
18:53:15,0
18:53:16,0
18:53:17,0
18:53:18,0
18:53:19,0
18:53:20,0
18:53:21,0
18:53:22,0
18:53:23,0
18:53:24,0
18:53:25,0
18:53:26,0
18:53:27,0
18:53:28,0
18:53:29,0
18:53:30,0
18:53:31,0
18:53:32,0
18:53:33,0
18:53:34,0
18:53:35,0
18:53:36,0
18:53:37,0
18:53:38,0
18:53:39,0
18:53:40,0
18:53:41,0
18:53:42,0
18:53:43,0
18:53:44,0
18:53:45,0
18:53:46,0
18:53:47,0
18:53:48,0
18:53:49,0
18:53:50,0
18:53:51,0
18:53:52,0
18:53:53,0
18:53:54,0
18:53:55,0
18:53:56,0
18:53:57,0
18:53:58,0
18:53:59,0
18:54:00,0
18:54:01,0
18:54:02,0
18:54:03,0
18:54:04,0
18:54:05,0
18:54:06,0
18:54:07,0
18:54:08,0
18:54:09,0
18:54:10,0
18:54:11,0
18:54:12,0
18:54:13,0
18:54:14,0
18:54:15,0
18:54:16,0
18:54:17,0
18:54:18,0
18:54:19,0
18:54:20,0
18:54:21,0
18:54:22,0
18:54:23,0
18:54:24,0
18:54:25,0
18:54:26,0
18:54:27,0
18:54:28,0
18:54:29,0
18:54:30,0
18:54:31,0
18:54:32,0
18:54:33,0
18:54:34,0
18:54:35,0
18:54:36,0
18:54:37,0
18:54:38,0
18:54:39,0
18:54:40,0
18:54:41,0
18:54:42,0
18:54:43,0
18:54:44,0
18:54:45,0
18:54:46,0
18:54:47,0
18:54:48,0
18:54:49,0
18:54:50,0
18:54:51,0
18:54:52,0
18:54:53,0
18:54:54,0
18:54:55,0
18:54:56,0
18:54:57,0
18:54:58,0
18:54:59,0
18:55:00,0
18:55:01,0
18:55:02,0
18:55:03,0
18:55:04,0
18:55:05,0
18:55:06,0
18:55:07,0
18:55:08,0
18:55:09,0
18:55:10,0
18:55:11,0
18:55:12,0
18:55:13,0
18:55:14,0
18:55:15,0
18:55:16,0
18:55:17,0
18:55:18,0
18:55:19,0
18:55:20,0
18:55:21,0
18:55:22,0
18:55:23,0
18:55:24,0
18:55:25,0
18:55:26,0
18:55:27,0
18:55:28,0
18:55:29,0
18:55:30,0
18:55:31,0
18:55:32,0
18:55:33,0
18:55:34,0
18:55:35,0
18:55:36,0
18:55:37,0
18:55:38,0
18:55:39,0
18:55:40,0
18:55:41,0
18:55:42,0
18:55:43,0
18:55:44,0
18:55:45,0
18:55:46,0
18:55:47,0
18:55:48,0
18:55:49,0
18:55:50,0
18:55:51,0
18:55:52,0
18:55:53,0
18:55:54,0
18:55:55,0
18:55:56,0
18:55:57,0
18:55:58,0
18:55:59,0
18:56:00,0
18:56:01,0
18:56:02,0
18:56:03,0
18:56:04,0
18:56:05,0
18:56:06,0
18:56:07,0
18:56:08,0
18:56:09,0
18:56:10,0
18:56:11,0
18:56:12,0
18:56:13,0
18:56:14,0
18:56:15,0
18:56:16,0
18:56:17,0
18:56:18,0
18:56:19,0
18:56:20,0
18:56:21,0
18:56:22,0
18:56:23,0
18:56:24,0
18:56:25,0
18:56:26,0
18:56:27,0
18:56:28,0
18:56:29,0
18:56:30,0
18:56:31,0
18:56:32,0
18:56:33,0
18:56:34,0
18:56:35,0
18:56:36,0
18:56:37,0
18:56:38,0
18:56:39,0
18:56:40,0
18:56:41,0
18:56:42,0
18:56:43,0
18:56:44,0
18:56:45,0
18:56:46,0
18:56:47,0
18:56:48,0
18:56:49,0
18:56:50,0
18:56:51,0
18:56:52,0
18:56:53,0
18:56:54,0
18:56:55,0
18:56:56,0
18:56:57,0
18:56:58,0
18:56:59,0
18:57:00,0
18:57:01,0
18:57:02,0
18:57:03,0
18:57:04,0
18:57:05,0
18:57:06,0
18:57:07,0
18:57:08,0
18:57:09,0
18:57:10,0
18:57:11,0
18:57:12,0
18:57:13,0
18:57:14,0
18:57:15,0
18:57:16,0
18:57:17,0
18:57:18,0
18:57:19,0
18:57:20,0
18:57:21,0
18:57:22,0
18:57:23,0
18:57:24,0
18:57:25,0
18:57:26,0
18:57:27,0
18:57:28,0
18:57:29,0
18:57:30,0
18:57:31,0
18:57:32,0
18:57:33,0
18:57:34,0
18:57:35,0
18:57:36,0
18:57:37,0
18:57:38,0
18:57:39,0
18:57:40,0
18:57:41,0
18:57:42,0
18:57:43,0
18:57:44,0
18:57:45,0
18:57:46,0
18:57:47,0
18:57:48,0
18:57:49,0
18:57:50,0
18:57:51,0
18:57:52,0
18:57:53,0
18:57:54,0
18:57:55,0
18:57:56,0
18:57:57,0
18:57:58,0
18:57:59,0
18:58:00,0
18:58:01,0
18:58:02,0
18:58:03,0
18:58:04,0
18:58:05,0
18:58:06,0
18:58:07,0
18:58:08,0
18:58:09,0
18:58:10,0
18:58:11,0
18:58:12,0
18:58:13,0
18:58:14,0
18:58:15,0
18:58:16,0
18:58:17,0
18:58:18,0
18:58:19,0
18:58:20,0
18:58:21,0
18:58:22,0
18:58:23,0
18:58:24,0
18:58:25,0
18:58:26,0
18:58:27,0
18:58:28,0
18:58:29,0
18:58:30,0
18:58:31,0
18:58:32,0
18:58:33,0
18:58:34,0
18:58:35,0
18:58:36,0
18:58:37,0
18:58:38,0
18:58:39,0
18:58:40,0
18:58:41,0
18:58:42,0
18:58:43,0
18:58:44,0
18:58:45,0
18:58:46,0
18:58:47,0
18:58:48,0
18:58:49,0
18:58:50,0
18:58:51,0
18:58:52,0
18:58:53,0
18:58:54,0
18:58:55,0
18:58:56,0
18:58:57,0
18:58:58,0
18:58:59,0
18:59:00,0
18:59:01,0
18:59:02,0
18:59:03,0
18:59:04,0
18:59:05,0
18:59:06,0
18:59:07,0
18:59:08,0
18:59:09,0
18:59:10,0
18:59:11,0
18:59:12,0
18:59:13,0
18:59:14,0
18:59:15,0
18:59:16,0
18:59:17,0
18:59:18,0
18:59:19,0
18:59:20,0
18:59:21,0
18:59:22,0
18:59:23,0
18:59:24,0
18:59:25,0
18:59:26,0
18:59:27,0
18:59:28,0
18:59:29,0
18:59:30,0
18:59:31,0
18:59:32,0
18:59:33,0
18:59:34,0
18:59:35,0
18:59:36,0
18:59:37,0
18:59:38,0
18:59:39,0
18:59:40,0
18:59:41,0
18:59:42,0
18:59:43,0
18:59:44,0
18:59:45,0
18:59:46,0
18:59:47,0
18:59:48,0
18:59:49,0
18:59:50,0
18:59:51,0
18:59:52,0
18:59:53,0
18:59:54,0
18:59:55,0
18:59:56,0
18:59:57,0
18:59:58,0
18:59:59,0